tech,years,cif_built,cif_withdrawn
Battery,0.0027378507871321013,0.0,0.0003003003003003003
Battery,0.0054757015742642025,0.0,0.0006006006006006006
Battery,0.008213552361396304,0.0,0.0009009009009009009
Battery,0.010951403148528405,0.0,0.0015015015015015015
Battery,0.013689253935660506,0.0,0.002102102102102102
Battery,0.01642710472279261,0.0,0.0024024024024024027
Battery,0.019164955509924708,0.0,0.0030030030030030034
Battery,0.02737850787132101,0.0,0.003303303303303304
Battery,0.030116358658453114,0.0,0.004204204204204205
Battery,0.03285420944558522,0.0,0.004204204204204205
Battery,0.03559206023271732,0.0,0.004804985981456571
Battery,0.038329911019849415,0.0,0.004804985981456571
Battery,0.05475701574264202,0.0,0.0051057399899239455
Battery,0.06023271731690623,0.0,0.006910264040728195
Battery,0.06297056810403832,0.0,0.008113280074597695
Battery,0.06570841889117043,0.0,0.00841403408306507
Battery,0.07392197125256673,0.0,0.00961705011693457
Battery,0.07665982203969883,0.0,0.01021855813386932
Battery,0.07939767282683094,0.0,0.012323836193140944
Battery,0.08213552361396304,0.0,0.013226098218543068
Battery,0.08487337440109514,0.0,0.013827606235477817
Battery,0.08761122518822724,0.0,0.014429114252412566
Battery,0.09034907597535935,0.0,0.015632130286282065
Battery,0.09308692676249145,0.0,0.016233638303216814
Battery,0.09856262833675565,0.0,0.016835146320151564
Battery,0.10130047912388775,0.0,0.01713590032861894
Battery,0.10403832991101986,0.0,0.018339653053262395
Battery,0.11772758384668036,0.0,0.01894152941558412
Battery,0.12320328542094455,0.0,0.02044622032138844
Battery,0.13415468856947296,0.0,0.021048096683710167
Battery,0.13963039014373715,0.0,0.021649973046031893
Battery,0.14236824093086928,0.0,0.022252034601080488
Battery,0.14510609171800137,0.0,0.022553065378604787
Battery,0.15058179329226556,0.0,0.023155126933653382
Battery,0.15331964407939766,0.0,0.024058219266226276
Battery,0.15605749486652978,0.0,0.024962427216257566
Battery,0.15879534565366188,0.0,0.025565232516278426
Battery,0.16153319644079397,0.0,0.025866635166288857
Battery,0.16427104722792607,0.0,0.026168037816299287
Battery,0.1697467488021903,0.0,0.026469440466309717
Battery,0.17248459958932238,0.0,0.027373648416341007
Battery,0.17522245037645448,0.0,0.027976453716361867
Battery,0.17796030116358658,0.0,0.028277856366372298
Battery,0.1806981519507187,0.0,0.028579259016382728
Battery,0.1834360027378508,0.0,0.028880661666393158
Battery,0.1861738535249829,0.0,0.02918215789065072
Battery,0.188911704312115,0.0,0.030086646563423407
Battery,0.19164955509924708,0.0,0.03038823653650692
Battery,0.1943874058863792,0.0,0.030991416482673947
Battery,0.1971252566735113,0.0,0.031293100350518695
Battery,0.1998631074606434,0.0,0.03189646808620819
Battery,0.2026009582477755,0.0,0.03280151968974243
Battery,0.2080766598220397,0.0,0.034008255161121416
Battery,0.2108145106091718,0.0,0.03461162289681091
Battery,0.2135523613963039,0.0,0.03551667450034515
Battery,0.216290212183436,0.0,0.03612004223603465
Battery,0.2190280629705681,0.0,0.03702509383956889
Battery,0.22176591375770022,0.0,0.03793014544310313
Battery,0.2245037645448323,0.0,0.03883519704663737
Battery,0.2272416153319644,0.0,0.039438564782326865
Battery,0.2299794661190965,0.0,0.03974024865017161
Battery,0.2327173169062286,0.0,0.040343616385861106
Battery,0.23545516769336072,0.0,0.04094926888419758
Battery,0.24093086926762491,0.0,0.04125324692892525
Battery,0.243668720054757,0.0,0.04125324692892525
Battery,0.2464065708418891,0.0,0.04186139583667728
Battery,0.24914442162902123,0.0,0.04338321699957964
Battery,0.2518822724161533,0.0,0.043687775033008615
Battery,0.2546201232032854,0.0,0.04460144913329555
Battery,0.25735797399041754,0.0,0.044906201462120654
Battery,0.26283367556468173,0.0,0.04521095379094576
Battery,0.2655715263518138,0.0,0.04551580342255784
Battery,0.2683093771389459,0.0,0.04582075045021837
Battery,0.27104722792607805,0.0,0.04612579496733787
Battery,0.2737850787132101,0.0,0.04612579496733787
Battery,0.27652292950034224,0.0,0.04643142592056845
Battery,0.28199863107460643,0.0,0.047042687827029625
Battery,0.2874743326488706,0.0,0.047042687827029625
Battery,0.29021218343600275,0.0,0.0476547349125614
Battery,0.29842573579739906,0.0,0.04796075845532728
Battery,0.30116358658453113,0.0,0.048266781998093165
Battery,0.30390143737166325,0.0,0.048266781998093165
Battery,0.30937713894592744,0.0,0.048266781998093165
Battery,0.3258042436687201,0.0,0.04857310102545136
Battery,0.32854209445585214,0.0,0.04887951870628052
Battery,0.33401779603011633,0.0,0.04887951870628052
Battery,0.33675564681724846,0.0,0.04918623282472415
Battery,0.3394934976043806,0.0,0.049799661061611426
Battery,0.34223134839151265,0.0,0.0504130892984987
Battery,0.34770704996577684,0.0,0.050719803416942336
Battery,0.35044490075290896,0.0,0.051026616667292385
Battery,0.3586584531143053,0.0,0.051026616667292385
Battery,0.36960985626283366,0.0,0.051333628438024415
Battery,0.3805612594113621,0.0,0.051947651979488474
Battery,0.38329911019849416,0.0,0.052254663750220504
Battery,0.3860369609856263,0.0,0.05286888626237202
Battery,0.3887748117727584,0.0,0.05286888626237202
Battery,0.3942505133470226,0.00030721087049550064,0.05286888626237202
Battery,0.3997262149212868,0.00030721087049550064,0.05286888626237202
Battery,0.4024640657084189,0.00030721087049550064,0.053790818008104375
Battery,0.405201916495551,0.00030721087049550064,0.05440764355171142
Battery,0.4134154688569473,0.00030721087049550064,0.05471605632351494
Battery,0.4161533196440794,0.00030721087049550064,0.05502446909531847
Battery,0.4216290212183436,0.00030721087049550064,0.05625812018253255
Battery,0.4243668720054757,0.00030721087049550064,0.05656653295433608
Battery,0.4271047227926078,0.00030721087049550064,0.05687514756695884
Battery,0.42984257357973993,0.00030721087049550064,0.0571839643509623
Battery,0.432580424366872,0.0006160276544989549,0.057492781134965754
Battery,0.4380561259411362,0.0006160276544989549,0.058110414702972665
Battery,0.4407939767282683,0.0006160276544989549,0.05841923148697612
Battery,0.44353182751540043,0.0006160276544989549,0.05872804827097958
Battery,0.4462696783025325,0.0006160276544989549,0.05903686505498303
Battery,0.4490075290896646,0.0006160276544989549,0.05934568183898649
Battery,0.4517453798767967,0.0006160276544989549,0.059654498622989945
Battery,0.4544832306639288,0.0006160276544989549,0.0599633154069934
Battery,0.459958932238193,0.0006160276544989549,0.06058115207712724
Battery,0.4654346338124572,0.0006160276544989549,0.061507907082328006
Battery,0.4681724845995893,0.0006160276544989549,0.06181682541739493
Battery,0.47091033538672145,0.0006160276544989549,0.06397925376286338
Battery,0.4736481861738535,0.0006160276544989549,0.06397925376286338
Battery,0.4791238877481177,0.0006160276544989549,0.06428837627396142
Battery,0.48186173853524983,0.0006160276544989549,0.0652157438072555
Battery,0.48459958932238195,0.0006160276544989549,0.06583419347858172
Battery,0.487337440109514,0.0006160276544989549,0.06645305312648819
Battery,0.49007529089664614,0.0006160276544989549,0.06676248295044143
Battery,0.4928131416837782,0.0006160276544989549,0.06800020224625439
Battery,0.49555099247091033,0.0006160276544989549,0.06800020224625439
Battery,0.49828884325804246,0.0006160276544989549,0.06830973490497796
Battery,0.5174537987679672,0.0006160276544989549,0.0692383328811487
Battery,0.5201916495550992,0.0006160276544989549,0.07295272478583163
Battery,0.5229295003422314,0.0006160276544989549,0.07697664934923815
Battery,0.5256673511293635,0.0006160276544989549,0.08007197593647393
Battery,0.5284052019164955,0.0006160276544989549,0.08347683518243329
Battery,0.5338809034907598,0.0006160276544989549,0.08347683518243329
Battery,0.5366187542778919,0.0006160276544989549,0.08440795053705519
Battery,0.5393566050650239,0.0006160276544989549,0.08440795053705519
Battery,0.5420944558521561,0.0006160276544989549,0.08471853302918297
Battery,0.5475701574264202,0.0006160276544989549,0.08565091370126893
Battery,0.5503080082135524,0.0006160276544989549,0.0859617072586309
Battery,0.5530458590006845,0.0006160276544989549,0.0859617072586309
Battery,0.5557837097878165,0.0006160276544989549,0.0859617072586309
Battery,0.5722108145106092,0.0006160276544989549,0.0859617072586309
Battery,0.5776865160848734,0.0006160276544989549,0.08627334910956468
Battery,0.5804243668720055,0.0006160276544989549,0.08658499096049845
Battery,0.5831622176591376,0.0006160276544989549,0.08689663281143221
Battery,0.5913757700205339,0.0006160276544989549,0.08720827466236598
Battery,0.5968514715947981,0.0006160276544989549,0.08814351973859613
Battery,0.6078028747433265,0.0006160276544989549,0.08845526809733952
Battery,0.6105407255304586,0.0006160276544989549,0.08845526809733952
Battery,0.6132785763175906,0.0006160276544989549,0.08845526809733952
Battery,0.6160164271047228,0.0006160276544989549,0.0887673368552183
Battery,0.6187542778918549,0.0006160276544989549,0.0887673368552183
Battery,0.621492128678987,0.0006160276544989549,0.08907961965202567
Battery,0.6297056810403833,0.0006160276544989549,0.08939190244883304
Battery,0.6351813826146475,0.0006160276544989549,0.0897041852456404
Battery,0.6516084873374401,0.0006160276544989549,0.09001646804244777
Battery,0.6543463381245722,0.0006160276544989549,0.09032885811606613
Battery,0.6598220396988365,0.0006160276544989549,0.09064124818968448
Battery,0.6652977412731006,0.0006160276544989549,0.09095363826330284
Battery,0.6680355920602327,0.0006160276544989549,0.0912660283369212
Battery,0.6707734428473648,0.0006160276544989549,0.0912660283369212
Battery,0.6735112936344969,0.0006160276544989549,0.0912660283369212
Battery,0.6844626967830253,0.0006160276544989549,0.0912660283369212
Battery,0.6872005475701575,0.0006160276544989549,0.09220546069279215
Battery,0.6899383983572895,0.0006160276544989549,0.0925186048114158
Battery,0.6926762491444216,0.0006160276544989549,0.0931448930486631
Battery,0.6954140999315537,0.0006160276544989549,0.0931448930486631
Battery,0.6981519507186859,0.0006160276544989549,0.09440007182885261
Battery,0.7008898015058179,0.0006160276544989549,0.0947138665239
Battery,0.7063655030800822,0.0006160276544989549,0.09534145591399476
Battery,0.7091033538672142,0.0006160276544989549,0.09596948128143588
Battery,0.7118412046543463,0.0006160276544989549,0.09628349396515645
Battery,0.7145790554414785,0.0006160276544989549,0.09753954470003871
Battery,0.7227926078028748,0.0006160276544989549,0.09785355738375928
Battery,0.7255304585900069,0.0006160276544989549,0.0984815827512004
Battery,0.7282683093771389,0.0006160276544989549,0.09973850969866367
Battery,0.731006160164271,0.0006160276544989549,0.10036741250372962
Battery,0.7337440109514032,0.0006160276544989549,0.101626098621814
Battery,0.7419575633127995,0.0006160276544989549,0.1019407701513351
Battery,0.7446954140999316,0.0006160276544989549,0.10288511585690595
Battery,0.7474332648870636,0.0006160276544989549,0.10320000832493847
Battery,0.7501711156741958,0.0006160276544989549,0.10320000832493847
Battery,0.7529089664613279,0.0006160276544989549,0.10540658157437356
Battery,0.75564681724846,0.0009314748636630788,0.10540658157437356
Battery,0.758384668035592,0.0009314748636630788,0.10572202878353769
Battery,0.7611225188227242,0.0009314748636630788,0.10603747599270182
Battery,0.7638603696098563,0.0009314748636630788,0.11013973876261958
Battery,0.7665982203969883,0.0009314748636630788,0.11077108023021455
Battery,0.7693360711841205,0.0009314748636630788,0.111718092431607
Battery,0.7720739219712526,0.0009314748636630788,0.111718092431607
Battery,0.7748117727583846,0.0009314748636630788,0.11266984477272755
Battery,0.7802874743326489,0.0009314748636630788,0.1136215971138481
Battery,0.783025325119781,0.0009314748636630788,0.11393896160417874
Battery,0.785763175906913,0.0009314748636630788,0.11457369058484002
Battery,0.7912388774811773,0.0009314748636630788,0.11457369058484002
Battery,0.7967145790554415,0.0009314748636630788,0.11520864739356328
Battery,0.7994524298425736,0.0009314748636630788,0.11616108260664816
Battery,0.8021902806297057,0.0012491817519429235,0.11743191015976755
Battery,0.8049281314168378,0.0012491817519429235,0.11806732393632724
Battery,0.8076659822039699,0.0012491817519429235,0.11870319649539708
Battery,0.8158795345653662,0.0015671180314778441,0.119021132774932
Battery,0.8186173853524983,0.0015671180314778441,0.11965700533400184
Battery,0.8213552361396304,0.0015671180314778441,0.11965700533400184
Battery,0.8240930869267625,0.0015671180314778441,0.11997574885109814
Battery,0.8268309377138946,0.0015671180314778441,0.12061369883883774
Battery,0.8295687885010267,0.0015671180314778441,0.12093290581452126
Battery,0.8323066392881588,0.0015671180314778441,0.12125211279020479
Battery,0.8350444900752909,0.0015671180314778441,0.12220973371725535
Battery,0.840520191649555,0.0015671180314778441,0.12318984909561248
Battery,0.8432580424366872,0.0015671180314778441,0.12351667621767107
Battery,0.8459958932238193,0.0015671180314778441,0.12384399241884984
Battery,0.8542094455852156,0.0015671180314778441,0.12417266167459944
Battery,0.8569472963723477,0.0015671180314778441,0.12483000018609862
Battery,0.8596851471594799,0.0015671180314778441,0.12483000018609862
Battery,0.8624229979466119,0.0015671180314778441,0.12581935792311155
Battery,0.865160848733744,0.0015671180314778441,0.12713850157246215
Battery,0.8678986995208761,0.0015671180314778441,0.12812973522478985
Battery,0.8706365503080082,0.0015671180314778441,0.1297817913120027
Battery,0.8761122518822724,0.0015671180314778441,0.1297817913120027
Battery,0.8788501026694046,0.0015671180314778441,0.13011371759807705
Battery,0.8815879534565366,0.0015671180314778441,0.1304458978445845
Battery,0.8843258042436687,0.0015671180314778441,0.1311107672311214
Battery,0.8870636550308009,0.0015671180314778441,0.13177589155223904
Battery,0.8898015058179329,0.0015671180314778441,0.1321087091368843
Battery,0.892539356605065,0.0015671180314778441,0.1344384322294012
Battery,0.8952772073921971,0.0015671180314778441,0.1344384322294012
Battery,0.8980150581793293,0.0015671180314778441,0.13543726974355047
Battery,0.9007529089664613,0.0015671180314778441,0.13710264143831113
Battery,0.9034907597535934,0.0015671180314778441,0.13710264143831113
Battery,0.9062286105407256,0.0015671180314778441,0.13743661981773347
Battery,0.9144421629021219,0.0015671180314778441,0.1381071776542995
Battery,0.917180013689254,0.0015671180314778441,0.1384427181005999
Battery,0.919917864476386,0.0015671180314778441,0.1391137989932007
Battery,0.9226557152635181,0.0015671180314778441,0.1391137989932007
Battery,0.9253935660506503,0.0015671180314778441,0.1391137989932007
Battery,0.9308692676249144,0.0015671180314778441,0.1394507868688773
Battery,0.9336071184120466,0.0015671180314778441,0.1397877747445539
Battery,0.9363449691991786,0.0015671180314778441,0.1404617504959071
Battery,0.9390828199863107,0.0015671180314778441,0.14113572624726028
Battery,0.9418206707734429,0.0015671180314778441,0.14147271412293688
Battery,0.944558521560575,0.0015671180314778441,0.14180970199861348
Battery,0.9582477754962354,0.0019041059071544409,0.14180970199861348
Battery,0.9609856262833676,0.0019041059071544409,0.14214668987429008
Battery,0.9637234770704997,0.0019041059071544409,0.1424840762377976
Battery,0.9664613278576317,0.0019041059071544409,0.14282253027967065
Battery,0.9691991786447639,0.0019041059071544409,0.14349943836341672
Battery,0.971937029431896,0.0019041059071544409,0.14349943836341672
Battery,0.9774127310061602,0.0019041059071544409,0.14417688303700327
Battery,0.9801505817932923,0.0019041059071544409,0.1451930500473831
Battery,0.9856262833675564,0.0019041059071544409,0.1462092170577629
Battery,0.9883641341546886,0.0019041059071544409,0.14654793939455618
Battery,0.9911019849418207,0.0022428282439477146,0.14722538406814273
Battery,0.9938398357289527,0.0022428282439477146,0.147564106404936
Battery,0.9965776865160849,0.0022428282439477146,0.14824155107852255
Battery,0.999315537303217,0.0022428282439477146,0.14993516276248892
Battery,1.0047912388774811,0.0022428282439477146,0.15061314917511873
Battery,1.0102669404517455,0.0022428282439477146,0.15095214238143362
Battery,1.0130047912388775,0.0022428282439477146,0.1512911355877485
Battery,1.0157426420260096,0.0022428282439477146,0.15196939362955003
Battery,1.0184804928131417,0.0022428282439477146,0.1523085226504508
Battery,1.0212183436002737,0.0022428282439477146,0.15298678069225233
Battery,1.0239561943874058,0.0022428282439477146,0.1533259097131531
Battery,1.0266940451745379,0.0022428282439477146,0.1543432967758554
Battery,1.0294318959616702,0.0022428282439477146,0.1553606838385577
Battery,1.0321697467488022,0.0022428282439477146,0.1553606838385577
Battery,1.0376454483230664,0.0022428282439477146,0.15638425186761906
Battery,1.0403832991101984,0.0022428282439477146,0.15774956289380718
Battery,1.0431211498973305,0.0022428282439477146,0.15774956289380718
Battery,1.0458590006844628,0.0022428282439477146,0.15809102940147476
Battery,1.0485968514715949,0.0022428282439477146,0.15843249590914235
Battery,1.051334702258727,0.0022428282439477146,0.15877410139381753
Battery,1.054072553045859,0.0022428282439477146,0.15945759065684176
Battery,1.056810403832991,0.0022428282439477146,0.15979933528835388
Battery,1.0677618069815196,0.0022428282439477146,0.160141079919866
Battery,1.0704996577686516,0.0022428282439477146,0.16048296403898282
Battery,1.0759753593429158,0.0022428282439477146,0.16082484815809964
Battery,1.0896646132785763,0.0022428282439477146,0.16116673227721645
Battery,1.0924024640657084,0.0022428282439477146,0.16116673227721645
Battery,1.0951403148528405,0.0022428282439477146,0.16185078006092768
Battery,1.0978781656399725,0.0022428282439477146,0.16253566854244766
Battery,1.103353867214237,0.0022428282439477146,0.16322055702396762
Battery,1.106091718001369,0.0022428282439477146,0.16356300126472761
Battery,1.108829568788501,0.0022428282439477146,0.16356300126472761
Battery,1.111567419575633,0.0022428282439477146,0.1639055861396727
Battery,1.1143052703627652,0.0022428282439477146,0.1642481710146178
Battery,1.1170431211498972,0.0022428282439477146,0.1649361685389607
Battery,1.1197809719370295,0.0022428282439477146,0.165280309449381
Battery,1.1279945242984257,0.0022428282439477146,0.16562445035980128
Battery,1.1334702258726899,0.0022428282439477146,0.16596859127022157
Battery,1.1444216290212184,0.0022428282439477146,0.16631273218064185
Battery,1.1471594798083504,0.0022428282439477146,0.16665687309106214
Battery,1.1498973305954825,0.0025871117148114223,0.16665687309106214
Battery,1.163586584531143,0.0025871117148114223,0.16768972350365327
Battery,1.1663244353182751,0.0025871117148114223,0.16803400697451698
Battery,1.1690622861054072,0.0025871117148114223,0.16803400697451698
Battery,1.1718001368925393,0.0025871117148114223,0.16803400697451698
Battery,1.1772758384668036,0.0025871117148114223,0.16907246133342016
Battery,1.1800136892539357,0.0029332631677791484,0.16907246133342016
Battery,1.1854893908281998,0.0029332631677791484,0.16907246133342016
Battery,1.1882272416153319,0.0029332631677791484,0.16976505378469478
Battery,1.2019164955509924,0.0032795593934164553,0.1701113500103321
Battery,1.2046543463381245,0.0032795593934164553,0.1701113500103321
Battery,1.2238193018480492,0.0032795593934164553,0.17115067409741874
Battery,1.242984257357974,0.0032795593934164553,0.17184413883199176
Battery,1.2457221081451062,0.0032795593934164553,0.17253760356656478
Battery,1.2484599589322383,0.0032795593934164553,0.17288433593385127
Battery,1.2594113620807665,0.0032795593934164553,0.17323209283747
Battery,1.264887063655031,0.0032795593934164553,0.1735798497410887
Battery,1.267624914442163,0.0032795593934164553,0.1763619049700384
Battery,1.2813141683778233,0.0032795593934164553,0.1763619049700384
Battery,1.2840520191649556,0.0032795593934164553,0.17670980935326
Battery,1.2922655715263518,0.0032795593934164553,0.1777535225029248
Battery,1.3004791238877482,0.0032795593934164553,0.1777535225029248
Battery,1.3059548254620124,0.0032795593934164553,0.1777535225029248
Battery,1.3141683778234086,0.0032795593934164553,0.1781023159092722
Battery,1.3169062286105406,0.0032795593934164553,0.17879990272196697
Battery,1.322381930184805,0.0032795593934164553,0.17879990272196697
Battery,1.325119780971937,0.0032795593934164553,0.17950047705848485
Battery,1.3442847364818618,0.0032795593934164553,0.1798507642267438
Battery,1.3579739904175223,0.0032795593934164553,0.1798507642267438
Battery,1.3607118412046544,0.0032795593934164553,0.18020135207068363
Battery,1.3634496919917864,0.0032795593934164553,0.18055193991462348
Battery,1.3689253935660506,0.0032795593934164553,0.18125311560250318
Battery,1.3716632443531827,0.0032795593934164553,0.18335664266614224
Battery,1.374401095140315,0.0032795593934164553,0.1837072305100821
Battery,1.377138945927447,0.0032795593934164553,0.1837072305100821
Battery,1.3880903490759753,0.0032795593934164553,0.18405979478158968
Battery,1.3963039014373717,0.0032795593934164553,0.18476492332460487
Battery,1.3990417522245038,0.0032795593934164553,0.18511748759611246
Battery,1.4127310061601643,0.0032795593934164553,0.18547005186762006
Battery,1.4154688569472964,0.0032795593934164553,0.18582261613912765
Battery,1.4209445585215605,0.0032795593934164553,0.18582261613912765
Battery,1.4236824093086926,0.0032795593934164553,0.18617579463410477
Battery,1.4264202600958247,0.0032795593934164553,0.1868827677226111
Battery,1.431895961670089,0.0036330459376696083,0.1868827677226111
Battery,1.4373716632443532,0.0036330459376696083,0.1875897408111174
Battery,1.4401095140314852,0.0036330459376696083,0.18865020044387687
Battery,1.4428473648186173,0.0036330459376696083,0.18900368698813003
Battery,1.4455852156057496,0.0036330459376696083,0.18935748333654115
Battery,1.4483230663928817,0.003987308216302527,0.19077453245107281
Battery,1.4510609171800137,0.003987308216302527,0.19325436840150326
Battery,1.4537987679671458,0.003987308216302527,0.19502567979466787
Battery,1.4565366187542779,0.003987308216302527,0.19644272890919953
Battery,1.45927446954141,0.003987308216302527,0.19856830258099706
Battery,1.462012320328542,0.003987308216302527,0.19892256485962997
Battery,1.4647501711156743,0.003987308216302527,0.1992768271382629
Battery,1.4702258726899384,0.003987308216302527,0.20069387625279456
Battery,1.4784394250513346,0.003987308216302527,0.20104813853142747
Battery,1.4893908281998631,0.004341570494935446,0.20104813853142747
Battery,1.4948665297741273,0.004341570494935446,0.2014024008100604
Battery,1.5003422313483916,0.004695832773568365,0.2014024008100604
Battery,1.5085557837097878,0.004695832773568365,0.20175713797110434
Battery,1.51129363449692,0.004695832773568365,0.20246661229319224
Battery,1.514031485284052,0.004695832773568365,0.20388556093736807
Battery,1.516769336071184,0.004695832773568365,0.20424029809841202
Battery,1.5195071868583163,0.004695832773568365,0.20459503525945597
Battery,1.5249828884325805,0.004695832773568365,0.20494977242049991
Battery,1.5441478439425051,0.004695832773568365,0.20530450958154386
Battery,1.5496235455167693,0.004695832773568365,0.20530450958154386
Battery,1.5523613963039014,0.004695832773568365,0.2060152605105991
Battery,1.5550992470910336,0.004695832773568365,0.2063706359751267
Battery,1.5633127994524298,0.004695832773568365,0.20743676236870953
Battery,1.566050650239562,0.004695832773568365,0.20779213783323713
Battery,1.568788501026694,0.004695832773568365,0.20885826422681997
Battery,1.571526351813826,0.004695832773568365,0.20921363969134757
Battery,1.5742642026009583,0.004695832773568365,0.2099243906204028
Battery,1.5770020533880904,0.004695832773568365,0.2099243906204028
Battery,1.5852156057494866,0.004695832773568365,0.21134718007077605
Battery,1.5879534565366187,0.004695832773568365,0.21170287743336935
Battery,1.593429158110883,0.004695832773568365,0.2131256668837426
Battery,1.6016427104722792,0.004695832773568365,0.2138370616089292
Battery,1.6071184120465434,0.005051530136161676,0.21561554842189576
Battery,1.6098562628336757,0.005051530136161676,0.21597124578448906
Battery,1.6153319644079398,0.005051530136161676,0.21597124578448906
Battery,1.6180698151950719,0.005051530136161676,0.21632759401142382
Battery,1.620807665982204,0.005051530136161676,0.2170402904652933
Battery,1.6290212183436004,0.005051530136161676,0.2423410145776601
Battery,1.6317590691307324,0.00540787836309642,0.24376640748539907
Battery,1.6399726214921286,0.00540787836309642,0.24412275571233383
Battery,1.6454483230663928,0.00540787836309642,0.24519180039313807
Battery,1.6509240246406571,0.00540787836309642,0.2473431888751776
Battery,1.6536618754277892,0.00540787836309642,0.2473431888751776
Battery,1.6591375770020533,0.005766615248723749,0.24806066264643226
Battery,1.6618754277891854,0.005766615248723749,0.24913687330331424
Battery,1.6646132785763177,0.005766615248723749,0.24949561018894156
Battery,1.6673511293634498,0.006125352134351079,0.24949561018894156
Battery,1.6700889801505818,0.006125352134351079,0.2512892946170782
Battery,1.672826830937714,0.006125352134351079,0.25164803150270554
Battery,1.675564681724846,0.006125352134351079,0.2534417159308422
Battery,1.678302532511978,0.006125352134351079,0.2545179265877242
Battery,1.68104038329911,0.006125352134351079,0.2566703479014882
Battery,1.6837782340862424,0.006125352134351079,0.2595402429865068
Battery,1.6865160848733745,0.006125352134351079,0.26384508561403475
Battery,1.6892539356605065,0.006484089019978408,0.2652800331565441
Battery,1.6947296372347707,0.006484089019978408,0.2659975069277987
Battery,1.6974674880219027,0.006484089019978408,0.26635624381342604
Battery,1.700205338809035,0.006484089019978408,0.2670737175846807
Battery,1.702943189596167,0.006484089019978408,0.2670737175846807
Battery,1.7056810403832992,0.006484089019978408,0.26779834820153386
Battery,1.7084188911704312,0.006484089019978408,0.26816284722854467
Battery,1.7111567419575633,0.006484089019978408,0.26816284722854467
Battery,1.7166324435318274,0.006484089019978408,0.26816284722854467
Battery,1.7193702943189597,0.006484089019978408,0.2685310467532916
Battery,1.7221081451060918,0.006484089019978408,0.2688992462780385
Battery,1.7248459958932238,0.006484089019978408,0.2696356453275324
Battery,1.727583846680356,0.006484089019978408,0.27074024390177326
Battery,1.730321697467488,0.00685266406693315,0.271108818948728
Battery,1.7385352498288844,0.00685266406693315,0.2718459690426375
Battery,1.7412731006160165,0.00685266406693315,0.27295282536011645
Battery,1.7440109514031485,0.00685266406693315,0.2733217774659428
Battery,1.7467488021902806,0.00685266406693315,0.2755366253381493
Battery,1.757700205338809,0.00685266406693315,0.27775147321035587
Battery,1.7604380561259412,0.00685266406693315,0.278121186834502
Battery,1.7659137577002053,0.00685266406693315,0.2784912831849671
Battery,1.7686516084873374,0.00685266406693315,0.2784912831849671
Battery,1.7741273100616017,0.00685266406693315,0.27923262763802525
Battery,1.7768651608487338,0.00685266406693315,0.27923262763802525
Battery,1.7796030116358659,0.00685266406693315,0.27997900997811415
Battery,1.782340862422998,0.00685266406693315,0.28072539231820304
Battery,1.8179329226557153,0.007225855236977605,0.28072539231820304
Battery,1.8206707734428473,0.007225855236977605,0.2810985834882475
Battery,1.8234086242299794,0.007225855236977605,0.281471774658292
Battery,1.8316221765913758,0.00759904640702206,0.28184496582833646
Battery,1.842573579739904,0.00759904640702206,0.28184496582833646
Battery,1.8453114305270362,0.00759904640702206,0.2822209213774183
Battery,1.8480492813141685,0.00759904640702206,0.2825974749469917
Battery,1.8535249828884326,0.00759904640702206,0.28297402851656517
Battery,1.8562628336755647,0.00759904640702206,0.2833505820861386
Battery,1.8726899383983573,0.007975599976595528,0.2833505820861386
Battery,1.8781656399726214,0.007975599976595528,0.284480242794859
Battery,1.8863791923340179,0.007975599976595528,0.28485679636443245
Battery,1.891854893908282,0.008352153546168996,0.28485679636443245
Battery,1.8973305954825461,0.008352153546168996,0.29314097489504876
Battery,1.9000684462696784,0.008352153546168996,0.2954113114223254
Battery,1.9028062970568105,0.008352153546168996,0.2969248691071765
Battery,1.9082819986310746,0.008352153546168996,0.2973032585283893
Battery,1.9110198494182067,0.008352153546168996,0.2973032585283893
Battery,1.9219712525667352,0.008352153546168996,0.2973032585283893
Battery,1.9247091033538672,0.008731784266740589,0.2973032585283893
Battery,1.9274469541409993,0.008731784266740589,0.29768288924896086
Battery,1.9383983572895278,0.008731784266740589,0.29844215069010405
Battery,1.9630390143737166,0.008731784266740589,0.2988217814106756
Battery,1.9712525667351128,0.008731784266740589,0.2988217814106756
Battery,1.9822039698836413,0.008731784266740589,0.29920266503791576
Battery,1.9931553730321698,0.008731784266740589,0.29920266503791576
Battery,1.995893223819302,0.008731784266740589,0.29958417857192643
Battery,2.0150581793292264,0.008731784266740589,0.2999656921059371
Battery,2.0177960301163584,0.008731784266740589,0.3011102327079691
Battery,2.020533880903491,0.008731784266740589,0.3014917462419798
Battery,2.023271731690623,0.008731784266740589,0.3022547733100011
Battery,2.026009582477755,0.008731784266740589,0.3026362868440118
Battery,2.0314852840520192,0.008731784266740589,0.30492536804807574
Battery,2.0342231348391513,0.008731784266740589,0.30569009545496734
Battery,2.0369609856262834,0.008731784266740589,0.30989609619287095
Battery,2.0396988364134154,0.008731784266740589,0.30989609619287095
Battery,2.0424366872005475,0.008731784266740589,0.31027888951845545
Battery,2.0451745379876796,0.009114577592325077,0.31066168284403994
Battery,2.0479123887748116,0.009114577592325077,0.31104447616962444
Battery,2.0670773442847366,0.009114577592325077,0.31142726949520894
Battery,2.0725530458590007,0.009114577592325077,0.31181006282079343
Battery,2.0752908966461328,0.009114577592325077,0.31181006282079343
Battery,2.078028747433265,0.009114577592325077,0.31257694634376
Battery,2.086242299794661,0.009114577592325077,0.3133442636243753
Battery,2.088980150581793,0.009114577592325077,0.3133442636243753
Battery,2.0917180013689256,0.009114577592325077,0.3141146344700641
Battery,2.0944558521560577,0.009114577592325077,0.3148850053157529
Battery,2.0971937029431897,0.009114577592325077,0.31565537616144174
Battery,2.11088295687885,0.009114577592325077,0.3160405615842861
Battery,2.116358658453114,0.009114577592325077,0.3164257470071305
Battery,2.1190965092402463,0.009114577592325077,0.3175813032756637
Battery,2.1218343600273784,0.009114577592325077,0.3198924158127301
Battery,2.1245722108145104,0.009114577592325077,0.32027760123557447
Battery,2.127310061601643,0.009499763015169476,0.32027760123557447
Battery,2.130047912388775,0.009499763015169476,0.32027760123557447
Battery,2.138261464750171,0.009499763015169476,0.3206652372308025
Battery,2.1437371663244353,0.009499763015169476,0.32144050922125855
Battery,2.1492128678986995,0.009887399010397502,0.32144050922125855
Battery,2.16290212183436,0.009887399010397502,0.3237663251926267
Battery,2.1656399726214923,0.009887399010397502,0.3245415971830828
Battery,2.1683778234086244,0.010275035005625528,0.3245415971830828
Battery,2.1711156741957565,0.010662671000853554,0.3245415971830828
Battery,2.1738535249828885,0.010662671000853554,0.3249294593370011
Battery,2.1820670773442847,0.010662671000853554,0.32531732149091946
Battery,2.184804928131417,0.010662671000853554,0.3257051836448378
Battery,2.187542778918549,0.010662671000853554,0.32648409461356354
Battery,2.190280629705681,0.010662671000853554,0.3268735500979264
Battery,2.217659137577002,0.010662671000853554,0.3268735500979264
Battery,2.220396988364134,0.010662671000853554,0.32726461490247255
Battery,2.223134839151266,0.010662671000853554,0.3276556797070187
Battery,2.2340862422997945,0.010662671000853554,0.32804674451156485
Battery,2.239561943874059,0.010662671000853554,0.3288288741206572
Battery,2.242299794661191,0.010662671000853554,0.3288288741206572
Battery,2.245037645448323,0.010662671000853554,0.3288288741206572
Battery,2.2477754962354553,0.011055129975825919,0.3288288741206572
Battery,2.2669404517453797,0.011055129975825919,0.3288288741206572
Battery,2.269678302532512,0.011055129975825919,0.3296184865559485
Battery,2.272416153319644,0.011055129975825919,0.3296184865559485
Battery,2.2751540041067764,0.011055129975825919,0.3296184865559485
Battery,2.2806297056810405,0.011055129975825919,0.33001424068768215
Battery,2.302532511978097,0.011055129975825919,0.3304099948194158
Battery,2.305270362765229,0.011055129975825919,0.33120150308288304
Battery,2.3134839151266258,0.011055129975825919,0.33120150308288304
Battery,2.327173169062286,0.011055129975825919,0.3315984514033063
Battery,2.3436002737850785,0.011055129975825919,0.3315984514033063
Battery,2.3627652292950034,0.011055129975825919,0.3315984514033063
Battery,2.3819301848049284,0.011055129975825919,0.3315984514033063
Battery,2.3846680355920604,0.011055129975825919,0.3315984514033063
Battery,2.406570841889117,0.011055129975825919,0.33199756884023457
Battery,2.409308692676249,0.011055129975825919,0.33239668627716284
Battery,2.412046543463381,0.011055129975825919,0.3327958037140911
Battery,2.4202600958247777,0.011055129975825919,0.3327958037140911
Battery,2.42299794661191,0.011055129975825919,0.3327958037140911
Battery,2.4503764544832305,0.011455464976625238,0.3327958037140911
Battery,2.4531143052703626,0.011455464976625238,0.33359647371568973
Battery,2.4640657084188913,0.011455464976625238,0.33439763342371137
Battery,2.4750171115674195,0.011455464976625238,0.335198793131733
Battery,2.4777549623545516,0.011455464976625238,0.3355993729857438
Battery,2.485968514715948,0.011455464976625238,0.3360009382760499
Battery,2.5023956194387407,0.011455464976625238,0.336804068856662
Battery,2.507871321013005,0.011857030266931284,0.336804068856662
Battery,2.510609171800137,0.011857030266931284,0.336804068856662
Battery,2.513347022587269,0.011857030266931284,0.336804068856662
Battery,2.524298425735797,0.011857030266931284,0.3372086271801877
Battery,2.529774127310062,0.011857030266931284,0.3376131855037134
Battery,2.532511978097194,0.011857030266931284,0.3380177438272391
Battery,2.54072553045859,0.011857030266931284,0.3384223021507648
Battery,2.546201232032854,0.011857030266931284,0.3392314187978162
Battery,2.5489390828199863,0.011857030266931284,0.3392314187978162
Battery,2.568104038329911,0.011857030266931284,0.3392314187978162
Battery,2.5763175906913074,0.012263871364696333,0.3396382598955813
Battery,2.5872689938398357,0.012263871364696333,0.34045194209111135
Battery,2.5927446954141,0.012263871364696333,0.3412656242866414
Battery,2.595482546201232,0.012263871364696333,0.3416724653844065
Battery,2.6009582477754964,0.012263871364696333,0.3416724653844065
Battery,2.6064339493497606,0.012263871364696333,0.3416724653844065
Battery,2.6091718001368926,0.012263871364696333,0.3424892336059626
Battery,2.6119096509240247,0.012263871364696333,0.34289761771674065
Battery,2.620123203285421,0.012263871364696333,0.34371594070013983
Battery,2.625598904859685,0.012263871364696333,0.3449434251752386
Battery,2.628336755646817,0.012263871364696333,0.3461716914875827
Battery,2.631074606433949,0.012263871364696333,0.3494470683205002
Battery,2.6338124572210813,0.012263871364696333,0.35027173118912397
Battery,2.64476386036961,0.012263871364696333,0.3506840626234359
Battery,2.6557152635181382,0.012263871364696333,0.35233338836068345
Battery,2.6639288158795345,0.012263871364696333,0.35233338836068345
Battery,2.6666666666666665,0.012263871364696333,0.3543977247488401
Battery,2.6694045174537986,0.012263871364696333,0.35481086134628725
Battery,2.6721423682409307,0.012677007962143471,0.35481086134628725
Battery,2.674880219028063,0.012677007962143471,0.3552239979437344
Battery,2.6967830253251197,0.012677007962143471,0.35605027113862864
Battery,2.702258726899384,0.012677007962143471,0.35605027113862864
Battery,2.707734428473648,0.012677007962143471,0.35605027113862864
Battery,2.7159479808350446,0.012677007962143471,0.3564776731162178
Battery,2.724161533196441,0.012677007962143471,0.356905075093807
Battery,2.732375085557837,0.012677007962143471,0.35733247707139615
Battery,2.735112936344969,0.012677007962143471,0.35733247707139615
Battery,2.7405886379192332,0.012677007962143471,0.35776075070495594
Battery,2.7433264887063653,0.012677007962143471,0.35861729797207553
Battery,2.751540041067762,0.012677007962143471,0.3590455716056353
Battery,2.7652292950034223,0.012677007962143471,0.3590455716056353
Battery,2.8035592060232717,0.012677007962143471,0.3590455716056353
Battery,2.8062970568104038,0.012677007962143471,0.3590455716056353
Battery,2.809034907597536,0.012677007962143471,0.3599091831801126
Battery,2.817248459958932,0.012677007962143471,0.36163878706393826
Battery,2.8199863107460645,0.012677007962143471,0.36163878706393826
Battery,2.830937713894593,0.013111209353520236,0.36163878706393826
Battery,2.833675564681725,0.013111209353520236,0.3620732901935995
Battery,2.836413415468857,0.013111209353520236,0.3620732901935995
Battery,2.839151266255989,0.013111209353520236,0.362510529872013
Battery,2.841889117043121,0.013111209353520236,0.3629483827898071
Battery,2.847364818617385,0.013111209353520236,0.36338685110172325
Battery,2.8501026694045173,0.013111209353520236,0.36338685110172325
Battery,2.8528405201916494,0.013111209353520236,0.36426812592793495
Battery,2.855578370978782,0.013111209353520236,0.3647087633410408
Battery,2.858316221765914,0.013111209353520236,0.36514940075414665
Battery,2.863791923340178,0.013111209353520236,0.36514940075414665
Battery,2.86652977412731,0.013111209353520236,0.36603570066846214
Battery,2.869267624914442,0.013111209353520236,0.36603570066846214
Battery,2.8720054757015743,0.013111209353520236,0.36736610014698645
Battery,2.8747433264887063,0.013111209353520236,0.3740180975396081
Battery,2.8774811772758384,0.013111209353520236,0.37756582948233963
Battery,2.8802190280629705,0.013111209353520236,0.3797831619465468
Battery,2.8829568788501025,0.013111209353520236,0.38022662843938826
Battery,2.8856947296372346,0.013111209353520236,0.3806700949322297
Battery,2.891170431211499,0.013111209353520236,0.3806700949322297
Battery,2.8939082819986313,0.013111209353520236,0.38111518942247513
Battery,2.8993839835728954,0.013111209353520236,0.38156028391272057
Battery,2.9048596851471595,0.013111209353520236,0.3824504728932114
Battery,2.9103353867214237,0.013111209353520236,0.3833406618737022
Battery,2.9130732375085557,0.013111209353520236,0.3837857563639476
Battery,2.915811088295688,0.013111209353520236,0.38423283051834534
Battery,2.91854893908282,0.013111209353520236,0.38423283051834534
Battery,2.921286789869952,0.013111209353520236,0.38423283051834534
Battery,2.9295003422313486,0.013111209353520236,0.3846812352505835
Battery,2.9349760438056127,0.013111209353520236,0.3851296399828217
Battery,2.937713894592745,0.013111209353520236,0.38557804471505985
Battery,2.943189596167009,0.013111209353520236,0.38647619370076775
Battery,2.945927446954141,0.013111209353520236,0.38872156616503745
Battery,2.948665297741273,0.013111209353520236,0.39141601312216107
Battery,2.951403148528405,0.013111209353520236,0.391865087615015
Battery,2.954140999315537,0.013111209353520236,0.3927632366007229
Battery,2.9568788501026693,0.013111209353520236,0.3936627453880745
Battery,2.9815195071868583,0.013111209353520236,0.39411249978175034
Battery,2.9842573579739904,0.013111209353520236,0.39411249978175034
Battery,2.9924709103353866,0.013111209353520236,0.3945625956745861
Battery,2.9952087611225187,0.013111209353520236,0.3954641576151826
Battery,3.0034223134839153,0.013111209353520236,0.3963657195557791
Battery,3.0061601642710474,0.013111209353520236,0.39681650052607736
Battery,3.0088980150581794,0.013111209353520236,0.39726728149637563
Battery,3.0116358658453115,0.013111209353520236,0.3977180624666739
Battery,3.0143737166324436,0.013111209353520236,0.3986196244072704
Battery,3.02258726899384,0.013111209353520236,0.39907040537756866
Battery,3.025325119780972,0.013111209353520236,0.39952118634786693
Battery,3.0444900752908968,0.013111209353520236,0.39952118634786693
Battery,3.047227926078029,0.013111209353520236,0.39997300758194276
Battery,3.052703627652293,0.013111209353520236,0.4008766500500945
Battery,3.055441478439425,0.013111209353520236,0.4013284712841703
Battery,3.058179329226557,0.013111209353520236,0.40223211375232204
Battery,3.060917180013689,0.013111209353520236,0.4026839349863979
Battery,3.0663928815879533,0.013111209353520236,0.4031357562204737
Battery,3.0718685831622174,0.013111209353520236,0.40358898062608395
Battery,3.077344284736482,0.013111209353520236,0.4040422050316942
Battery,3.0882956878850103,0.013111209353520236,0.40449542943730443
Battery,3.1019849418206706,0.013111209353520236,0.4049493603501721
Battery,3.1047227926078027,0.013111209353520236,0.40540329126303976
Battery,3.1074606433949348,0.013111209353520236,0.4063147105410702
Battery,3.1101984941820673,0.013566918992535471,0.4063147105410702
Battery,3.1156741957563314,0.013566918992535471,0.4099603876531921
Battery,3.1184120465434635,0.013566918992535471,0.4163403225994054
Battery,3.1211498973305956,0.013566918992535471,0.4190745804334968
Battery,3.1238877481177276,0.013566918992535471,0.421353128628573
Battery,3.1266255989048597,0.013566918992535471,0.42180883826758825
Battery,3.132101300479124,0.013566918992535471,0.42226565399796034
Battery,3.134839151266256,0.013566918992535471,0.42272246972833244
Battery,3.137577002053388,0.013566918992535471,0.42317928545870453
Battery,3.14031485284052,0.013566918992535471,0.42317928545870453
Battery,3.1485284052019167,0.013566918992535471,0.42317928545870453
Battery,3.1512662559890487,0.013566918992535471,0.42317928545870453
Battery,3.156741957563313,0.013566918992535471,0.42363908447547904
Battery,3.1731690622861053,0.013566918992535471,0.4250184815258025
Battery,3.1813826146475015,0.013566918992535471,0.425478280542577
Battery,3.186858316221766,0.013566918992535471,0.425478280542577
Battery,3.1950718685831623,0.013566918992535471,0.4259388345659472
Battery,3.2005475701574264,0.013566918992535471,0.42639976733440244
Battery,3.2032854209445585,0.013566918992535471,0.42686070010285765
Battery,3.2087611225188226,0.013566918992535471,0.42778484936942185
Battery,3.2114989733059547,0.013566918992535471,0.4282469240027039
Battery,3.2142368240930868,0.013566918992535471,0.43009522253583227
Battery,3.216974674880219,0.013566918992535471,0.43055729716911434
Battery,3.2306639288158796,0.013566918992535471,0.4310193718023964
Battery,3.2361396303901437,0.013566918992535471,0.4314814464356785
Battery,3.249828884325804,0.013566918992535471,0.4314814464356785
Battery,3.2553045859000687,0.013566918992535471,0.43194467818406895
Battery,3.260780287474333,0.013566918992535471,0.4324079099324594
Battery,3.263518138261465,0.013566918992535471,0.4324079099324594
Battery,3.266255989048597,0.013566918992535471,0.43287308639851735
Battery,3.268993839835729,0.013566918992535471,0.4342686157966912
Battery,3.271731690622861,0.013566918992535471,0.4468283803802555
Battery,3.274469541409993,0.013566918992535471,0.45194532150689287
Battery,3.277207392197125,0.014032095458593411,0.4524104979729508
Battery,3.293634496919918,0.014032095458593411,0.4528777111135536
Battery,3.29637234770705,0.014032095458593411,0.4538505034373271
Battery,3.299110198494182,0.014032095458593411,0.4538505034373271
Battery,3.3018480492813143,0.014032095458593411,0.4538505034373271
Battery,3.3073237508555784,0.014032095458593411,0.4543525009855385
Battery,3.3100616016427105,0.014032095458593411,0.4543525009855385
Battery,3.3127994524298425,0.014032095458593411,0.4553718977325296
Battery,3.3182751540041067,0.014032095458593411,0.45639325674467374
Battery,3.3210130047912387,0.014032095458593411,0.4569039362507458
Battery,3.3292265571526354,0.014032095458593411,0.4569039362507458
Battery,3.3319644079397674,0.014032095458593411,0.4569039362507458
Battery,3.3374401095140316,0.014032095458593411,0.4569039362507458
Battery,3.345653661875428,0.014032095458593411,0.4584494006177098
Battery,3.34839151266256,0.014032095458593411,0.4589645554066978
Battery,3.351129363449692,0.014032095458593411,0.4589645554066978
Battery,3.3675564681724848,0.014032095458593411,0.4594807193137837
Battery,3.373032169746749,0.014032095458593411,0.4599968832208696
Battery,3.375770020533881,0.014032095458593411,0.46051304712795554
Battery,3.378507871321013,0.014032095458593411,0.46051304712795554
Battery,3.3867214236824092,0.014032095458593411,0.46206764729781785
Battery,3.3949349760438055,0.014032095458593411,0.46310404741105937
Battery,3.3976728268309375,0.014032095458593411,0.46362224746768016
Battery,3.405886379192334,0.014032095458593411,0.46362224746768016
Battery,3.4168377823408624,0.014551325734014612,0.46362224746768016
Battery,3.4223134839151266,0.014551325734014612,0.4641414777431014
Battery,3.4250513347022586,0.014551325734014612,0.4651799382939438
Battery,3.436002737850787,0.014551325734014612,0.4651799382939438
Battery,3.4387405886379194,0.014551325734014612,0.4657028214456745
Battery,3.4414784394250515,0.014551325734014612,0.4662257045974052
Battery,3.4469541409993156,0.014551325734014612,0.4667485877491359
Battery,3.4496919917864477,0.014551325734014612,0.4709316529629815
Battery,3.455167693360712,0.014551325734014612,0.4709316529629815
Battery,3.460643394934976,0.014551325734014612,0.4725083139067088
Battery,3.468856947296372,0.014551325734014612,0.47303386755461785
Battery,3.477070499657769,0.014551325734014612,0.4735594212025269
Battery,3.490759753593429,0.014551325734014612,0.4735594212025269
Battery,3.4962354551676933,0.014551325734014612,0.47408768668556456
Battery,3.5017111567419574,0.014551325734014612,0.4746159521686022
Battery,3.5071868583162216,0.014551325734014612,0.47514421765163983
Battery,3.509924709103354,0.014551325734014612,0.47567248313467747
Battery,3.512662559890486,0.014551325734014612,0.47567248313467747
Battery,3.5236139630390144,0.014551325734014612,0.47832204753764684
Battery,3.5263518138261465,0.014551325734014612,0.47885196041824074
Battery,3.5373032169746748,0.014551325734014612,0.47938187329883464
Battery,3.542778918548939,0.014551325734014612,0.47938187329883464
Battery,3.5455167693360714,0.014551325734014612,0.48097327833332254
Battery,3.5482546201232035,0.014551325734014612,0.4815037466781518
Battery,3.5509924709103355,0.014551325734014612,0.4820342150229811
Battery,3.5537303216974676,0.014551325734014612,0.4830951517126397
Battery,3.5564681724845997,0.014551325734014612,0.48468655674712763
Battery,3.5592060232717317,0.015081794078843911,0.48468655674712763
Battery,3.561943874058864,0.015081794078843911,0.48468655674712763
Battery,3.564681724845996,0.015081794078843911,0.48468655674712763
Battery,3.567419575633128,0.015081794078843911,0.48628986331499313
Battery,3.578370978781656,0.015081794078843911,0.4873587343602368
Battery,3.5811088295687883,0.015616229601465737,0.4873587343602368
Battery,3.583846680355921,0.015616229601465737,0.4873587343602368
Battery,3.592060232717317,0.015616229601465737,0.48789722302333355
Battery,3.597535934291581,0.015616229601465737,0.4884357116864303
Battery,3.600273785078713,0.015616229601465737,0.48897420034952704
Battery,3.6030116358658453,0.015616229601465737,0.4895126890126238
Battery,3.6139630390143735,0.015616229601465737,0.4905896663388173
Battery,3.62217659137577,0.015616229601465737,0.49112815500191404
Battery,3.6276522929500343,0.015616229601465737,0.49112815500191404
Battery,3.6303901437371664,0.015616229601465737,0.49112815500191404
Battery,3.6386036960985626,0.015616229601465737,0.49166782197718384
Battery,3.6413415468856947,0.015616229601465737,0.49220748895245364
Battery,3.6440793976728267,0.015616229601465737,0.49274715592772345
Battery,3.646817248459959,0.015616229601465737,0.49274715592772345
Battery,3.652292950034223,0.015616229601465737,0.4932898011975588
Battery,3.6550308008213555,0.015616229601465737,0.49654567281657075
Battery,3.6605065023956196,0.015616229601465737,0.4970883180864061
Battery,3.6632443531827517,0.015616229601465737,0.49871625389591207
Battery,3.676933607118412,0.015616229601465737,0.4992588991657474
Battery,3.685147159479808,0.01615887487130107,0.4992588991657474
Battery,3.704312114989733,0.01615887487130107,0.4992588991657474
Battery,3.7152635181382614,0.01615887487130107,0.49980398603409715
Battery,3.7180013689253935,0.01615887487130107,0.5057999415859447
Battery,3.7207392197125255,0.01615887487130107,0.5063450284542944
Battery,3.7234770704996576,0.01615887487130107,0.509615549664393
Battery,3.7316906228610542,0.01615887487130107,0.5172467658212899
Battery,3.7344284736481863,0.01615887487130107,0.5226976345047877
Battery,3.7371663244353184,0.01615887487130107,0.5286935900566352
Battery,3.7399041752224504,0.016703961739650847,0.5352346324768326
Battery,3.7481177275838466,0.016703961739650847,0.5368718848731182
Battery,3.7508555783709787,0.016703961739650847,0.5368718848731182
Battery,3.756331279945243,0.016703961739650847,0.5374216683132502
Battery,3.759069130732375,0.016703961739650847,0.5379748623206287
Battery,3.761806981519507,0.016703961739650847,0.5379748623206287
Battery,3.7672826830937716,0.016703961739650847,0.5396427318934367
Battery,3.7700205338809036,0.016703961739650847,0.540198688417706
Battery,3.7754962354551678,0.016703961739650847,0.5418728597647186
Battery,3.783709787816564,0.016703961739650847,0.5424309168803894
Battery,3.786447638603696,0.016703961739650847,0.5429889739960602
Battery,3.79192334017796,0.016703961739650847,0.5441050882274019
Battery,3.7946611909650922,0.017262018855321682,0.5452212024587436
Battery,3.800136892539357,0.017262018855321682,0.5452212024587436
Battery,3.802874743326489,0.017262018855321682,0.5468996555739071
Battery,3.805612594113621,0.017262018855321682,0.5474613029006735
Battery,3.808350444900753,0.017262018855321682,0.549148421808596
Battery,3.811088295687885,0.017262018855321682,0.553670868320576
Battery,3.813826146475017,0.017262018855321682,0.5542514733446953
Battery,3.8193018480492813,0.017262018855321682,0.5548416751460726
Battery,3.8220396988364134,0.017262018855321682,0.5548416751460726
Battery,3.8247775496235454,0.017262018855321682,0.5560352492213826
Battery,3.8302532511978096,0.017858805892976642,0.5560352492213826
Battery,3.8329911019849416,0.017858805892976642,0.5566320362590376
Battery,3.8357289527720737,0.017858805892976642,0.5566320362590376
Battery,3.838466803559206,0.017858805892976642,0.5578289677860361
Battery,3.8412046543463383,0.017858805892976642,0.5578289677860361
Battery,3.8439425051334704,0.017858805892976642,0.5578289677860361
Battery,3.8466803559206024,0.017858805892976642,0.5578289677860361
Battery,3.8521560574948666,0.017858805892976642,0.5596658172506291
Battery,3.8576317590691307,0.017858805892976642,0.5596658172506291
Battery,3.865845311430527,0.017858805892976642,0.5602816705696618
Battery,3.868583162217659,0.017858805892976642,0.5608975238886945
Battery,3.8822724161533197,0.017858805892976642,0.5621292305267598
Battery,3.885010266940452,0.017858805892976642,0.5627459881825311
Battery,3.89596167008898,0.017858805892976642,0.5633627458383024
Battery,3.898699520876112,0.017858805892976642,0.5652130188056164
Battery,3.9041752224503763,0.017858805892976642,0.566446534117159
Battery,3.912388774811773,0.017858805892976642,0.566446534117159
Battery,3.915126625598905,0.017858805892976642,0.566446534117159
Battery,3.923340177960301,0.017858805892976642,0.566446534117159
Battery,3.9260780287474333,0.017858805892976642,0.5670679013219271
Battery,3.9342915811088295,0.01848203906532664,0.5670679013219271
Battery,3.9425051334702257,0.019105272237676635,0.5670679013219271
Battery,3.9452429842573578,0.019105272237676635,0.5683181334259766
Battery,3.9507186858316223,0.019105272237676635,0.5689432494780013
Battery,3.9534565366187544,0.019730388289701403,0.5689432494780013
Battery,3.9644079397672827,0.019730388289701403,0.5689432494780013
Battery,3.969883641341547,0.019730388289701403,0.5708214520452721
Battery,3.9835728952772076,0.019730388289701403,0.5714484783234728
Battery,4.0,0.019730388289701403,0.5720764677756799
Battery,4.005475701574264,0.019730388289701403,0.5720764677756799
Battery,4.016427104722792,0.019730388289701403,0.5727054248541615
Battery,4.0191649555099245,0.019730388289701403,0.5733343819326432
Battery,4.0219028062970565,0.019730388289701403,0.5733343819326432
Battery,4.027378507871321,0.019730388289701403,0.5746001213720761
Battery,4.030116358658453,0.019730388289701403,0.5746001213720761
Battery,4.032854209445585,0.019730388289701403,0.5746001213720761
Battery,4.043805612594114,0.019730388289701403,0.5752420034770416
Battery,4.054757015742642,0.020373289255151018,0.5752420034770416
Battery,4.057494866529774,0.020373289255151018,0.5765278054079408
Battery,4.060232717316906,0.021016190220600632,0.5765278054079408
Battery,4.071184120465435,0.021659091186050246,0.5765278054079408
Battery,4.076659822039699,0.021659091186050246,0.57781360733884
Battery,4.079397672826831,0.021659091186050246,0.57781360733884
Battery,4.082135523613963,0.021659091186050246,0.5784606627531779
Battery,4.084873374401095,0.021659091186050246,0.5784606627531779
Battery,4.093086926762491,0.021659091186050246,0.5797568710062112
Battery,4.095824777549623,0.021659091186050246,0.5804049751327278
Battery,4.114989733059549,0.021659091186050246,0.5810530792592444
Battery,4.120465434633813,0.021659091186050246,0.5914227452835108
Battery,4.123203285420945,0.021659091186050246,0.5914227452835108
Battery,4.125941136208077,0.021659091186050246,0.5920719368330585
Battery,4.128678986995209,0.021659091186050246,0.5927233178987935
Battery,4.136892539356605,0.02231047225178531,0.5927233178987935
Battery,4.139630390143737,0.02231047225178531,0.5933746989645285
Battery,4.142368240930869,0.02231047225178531,0.5933746989645285
Battery,4.145106091718001,0.02231047225178531,0.5933746989645285
Battery,4.153319644079398,0.02231047225178531,0.5940316473897999
Battery,4.15605749486653,0.02296742067705657,0.5940316473897999
Battery,4.158795345653662,0.02296742067705657,0.5940316473897999
Battery,4.161533196440794,0.02296742067705657,0.5940316473897999
Battery,4.164271047227926,0.023626630542690208,0.5940316473897999
Battery,4.172484599589322,0.023626630542690208,0.5940316473897999
Battery,4.175222450376454,0.023626630542690208,0.594691995787153
Battery,4.177960301163586,0.023626630542690208,0.5953523441845062
Battery,4.180698151950718,0.023626630542690208,0.5960126925818594
Battery,4.191649555099247,0.023626630542690208,0.5960126925818594
Battery,4.1943874058863795,0.023626630542690208,0.5973356862405567
Battery,4.1971252566735116,0.023626630542690208,0.5973356862405567
Battery,4.199863107460644,0.02428928383502719,0.5973356862405567
Battery,4.202600958247776,0.02428928383502719,0.5973356862405567
Battery,4.205338809034908,0.02428928383502719,0.5980006687184555
Battery,4.210814510609172,0.02428928383502719,0.5986656511963543
Battery,4.213552361396304,0.02428928383502719,0.5999979659135579
Battery,4.219028062970568,0.024955441193628993,0.5999979659135579
Battery,4.224503764544832,0.024955441193628993,0.6013302806307615
Battery,4.229979466119096,0.024955441193628993,0.6019964379893633
Battery,4.232717316906228,0.025621598552230795,0.6033287527065669
Battery,4.2354551676933605,0.025621598552230795,0.604663463673262
Battery,4.238193018480493,0.025621598552230795,0.604663463673262
Battery,4.240930869267625,0.025621598552230795,0.604663463673262
Battery,4.246406570841889,0.025621598552230795,0.6053356726510338
Battery,4.249144421629021,0.025621598552230795,0.6053356726510338
Battery,4.251882272416153,0.025621598552230795,0.6060091082875242
Battery,4.254620123203286,0.025621598552230795,0.6066825439240146
Battery,4.257357973990418,0.025621598552230795,0.608031886520432
Battery,4.262833675564682,0.025621598552230795,0.6093812291168496
Battery,4.265571526351814,0.02629626985043952,0.6093812291168496
Battery,4.271047227926078,0.02629626985043952,0.6100559004150583
Battery,4.27378507871321,0.02629626985043952,0.6107305717132671
Battery,4.276522929500342,0.02629626985043952,0.6107305717132671
Battery,4.2819986310746065,0.02629626985043952,0.611407760441693
Battery,4.290212183436003,0.02629626985043952,0.6120849491701189
Battery,4.292950034223135,0.02629626985043952,0.6120849491701189
Battery,4.295687885010267,0.02629626985043952,0.6141241528222586
Battery,4.298425735797399,0.02629626985043952,0.6148038873729719
Battery,4.303901437371663,0.02629626985043952,0.6168430910251116
Battery,4.309377138945927,0.02629626985043952,0.6175228255758248
Battery,4.312114989733059,0.02629626985043952,0.6222809674308175
Battery,4.314852840520191,0.02629626985043952,0.6229620192965515
Battery,4.328542094455853,0.026977321716173522,0.6229620192965515
Battery,4.331279945242985,0.026977321716173522,0.623645731521136
Battery,4.334017796030117,0.026977321716173522,0.623645731521136
Battery,4.342231348391513,0.026977321716173522,0.6250185289543883
Battery,4.347707049965777,0.026977321716173522,0.6277641238208927
Battery,4.350444900752909,0.026977321716173522,0.6284505225375189
Battery,4.353182751540041,0.026977321716173522,0.629136921254145
Battery,4.355920602327173,0.026977321716173522,0.629136921254145
Battery,4.369609856262834,0.026977321716173522,0.6298316399552151
Battery,4.372347707049966,0.026977321716173522,0.6298316399552151
Battery,4.375085557837098,0.026977321716173522,0.6298316399552151
Battery,4.37782340862423,0.026977321716173522,0.6312352842837574
Battery,4.383299110198494,0.026977321716173522,0.6312352842837574
Battery,4.386036960985626,0.026977321716173522,0.631944386760936
Battery,4.388774811772758,0.026977321716173522,0.632654966534942
Battery,4.394250513347022,0.026977321716173522,0.632654966534942
Battery,4.399726214921286,0.026977321716173522,0.633367032877513
Battery,4.402464065708419,0.026977321716173522,0.6340790992200839
Battery,4.407939767282683,0.026977321716173522,0.6340790992200839
Battery,4.413415468856948,0.026977321716173522,0.6340790992200839
Battery,4.421629021218344,0.026977321716173522,0.6347987246533402
Battery,4.4435318275154,0.026977321716173522,0.636237975519853
Battery,4.454483230663929,0.026977321716173522,0.6369576009531093
Battery,4.457221081451061,0.026977321716173522,0.638396851819622
Battery,4.465434633812457,0.026977321716173522,0.6391164772528783
Battery,4.48186173853525,0.026977321716173522,0.6398361026861347
Battery,4.4955509924709105,0.026977321716173522,0.6412784688142632
Battery,4.498288843258043,0.026977321716173522,0.6412784688142632
Battery,4.528405201916495,0.026977321716173522,0.6412784688142632
Battery,4.5366187542778915,0.026977321716173522,0.6420028011493496
Battery,4.542094455852156,0.026977321716173522,0.6434514658195224
Battery,4.544832306639288,0.026977321716173522,0.6441757981546088
Battery,4.547570157426421,0.026977321716173522,0.6449001304896952
Battery,4.553045859000685,0.026977321716173522,0.6456244628247816
Battery,4.563997262149213,0.026977321716173522,0.646348795159868
Battery,4.566735112936345,0.026977321716173522,0.646348795159868
Battery,4.574948665297741,0.026977321716173522,0.6470763539196095
Battery,4.577686516084873,0.026977321716173522,0.6470763539196095
Battery,4.5804243668720055,0.026977321716173522,0.648537996629763
Battery,4.583162217659138,0.026977321716173522,0.6492688179848397
Battery,4.58590006844627,0.026977321716173522,0.6492688179848397
Battery,4.594113620807666,0.026977321716173522,0.650004622212792
Battery,4.596851471594798,0.026977321716173522,0.6507404264407443
Battery,4.602327173169062,0.026977321716173522,0.6507404264407443
Battery,4.610540725530458,0.026977321716173522,0.6514779144312318
Battery,4.632443531827516,0.026977321716173522,0.6514779144312318
Battery,4.640657084188912,0.026977321716173522,0.6514779144312318
Battery,4.65160848733744,0.026977321716173522,0.6514779144312318
Battery,4.657084188911704,0.026977321716173522,0.6514779144312318
Battery,4.659822039698836,0.026977321716173522,0.6514779144312318
Battery,4.662559890485968,0.026977321716173522,0.6522256929518192
Battery,4.670773442847365,0.026977321716173522,0.6522256929518192
Battery,4.673511293634497,0.026977321716173522,0.6522256929518192
Battery,4.676249144421629,0.026977321716173522,0.6522256929518192
Battery,4.692676249144422,0.027744778618881676,0.6529931498545274
Battery,4.7118412046543465,0.027744778618881676,0.6529931498545274
Battery,4.722792607802875,0.027744778618881676,0.6539547826000894
Battery,4.725530458590007,0.027744778618881676,0.6549164153456515
Battery,4.733744010951403,0.027744778618881676,0.6587629463278996
Battery,4.741957563312799,0.0287064113644437,0.6587629463278996
Battery,4.744695414099931,0.0287064113644437,0.6597245790734616
Battery,4.7501711156741955,0.0287064113644437,0.6606862118190236
Battery,4.7529089664613275,0.0287064113644437,0.6616478445645857
Battery,4.766598220396989,0.0287064113644437,0.6616478445645857
Battery,4.772073921971253,0.029671039850646102,0.6616478445645857
Battery,4.783025325119781,0.029671039850646102,0.6635771015369905
Battery,4.788501026694045,0.029671039850646102,0.6645417300231928
Battery,4.7939767282683095,0.029671039850646102,0.6645417300231928
Battery,4.810403832991102,0.030641792962157726,0.6645417300231928
Battery,4.813141683778234,0.030641792962157726,0.6684247424692393
Battery,4.815879534565366,0.030641792962157726,0.6703662486922626
Battery,4.8350444900752905,0.030641792962157726,0.6703662486922626
Battery,4.848733744010952,0.030641792962157726,0.6713433465953527
Battery,4.851471594798084,0.030641792962157726,0.6772059340138935
Battery,4.865160848733744,0.031618890865247856,0.6772059340138935
Battery,4.867898699520876,0.031618890865247856,0.6781830319169836
Battery,4.870636550308008,0.031618890865247856,0.6791601298200737
Battery,4.8815879534565365,0.031618890865247856,0.6801372277231638
Battery,4.889801505817933,0.031618890865247856,0.6811143256262538
Battery,4.892539356605065,0.03260606194259665,0.6821014967036026
Battery,4.903490759753593,0.03260606194259665,0.6821014967036026
Battery,4.930869267624915,0.03260606194259665,0.6821014967036026
Battery,4.933607118412047,0.0336177372665463,0.6831131720275523
Battery,4.955509924709103,0.0336177372665463,0.6841284734279318
Battery,4.982888432580425,0.0336177372665463,0.6851437748283113
Battery,4.999315537303217,0.03463303866692588,0.6851437748283113
Battery,5.004791238877481,0.03463303866692588,0.6861664871878178
Battery,5.023956194387406,0.03463303866692588,0.6861664871878178
Battery,5.026694045174538,0.03463303866692588,0.6861664871878178
Battery,5.02943189596167,0.03463303866692588,0.6872005630179854
Battery,5.0513347022587265,0.0356671144970935,0.6872005630179854
Battery,5.075975359342916,0.0356671144970935,0.6872005630179854
Battery,5.092402464065708,0.0356671144970935,0.6903617682174331
Battery,5.0951403148528405,0.0356671144970935,0.6914155032839157
Battery,5.114305270362765,0.0356671144970935,0.6924692383503982
Battery,5.117043121149897,0.0356671144970935,0.6924692383503982
Battery,5.119780971937029,0.0356671144970935,0.6924692383503982
Battery,5.147159479808351,0.0356671144970935,0.6935312057220877
Battery,5.169062286105407,0.0356671144970935,0.6945931730937772
Battery,5.188227241615332,0.0356671144970935,0.6945931730937772
Battery,5.201916495550993,0.0356671144970935,0.6956593379649596
Battery,5.218343600273785,0.0356671144970935,0.6956593379649596
Battery,5.232032854209446,0.0356671144970935,0.6956593379649596
Battery,5.248459958932238,0.0356671144970935,0.6956593379649596
Battery,5.25119780971937,0.0356671144970935,0.6956593379649596
Battery,5.2648870636550305,0.0356671144970935,0.6956593379649596
Battery,5.270362765229295,0.0356671144970935,0.6956593379649596
Battery,5.2731006160164275,0.0356671144970935,0.6956593379649596
Battery,5.305954825462012,0.0356671144970935,0.6956593379649596
Battery,5.322381930184805,0.03680556173242378,0.6956593379649596
Battery,5.330595482546201,0.03680556173242378,0.6967977852002899
Battery,5.333333333333333,0.03680556173242378,0.6967977852002899
Battery,5.360711841204655,0.03680556173242378,0.6967977852002899
Battery,5.377138945927447,0.03680556173242378,0.6979510174646505
Battery,5.393566050650239,0.03680556173242378,0.6991042497290111
Battery,5.4072553045859,0.03680556173242378,0.6991042497290111
Battery,5.409993155373032,0.03680556173242378,0.6991042497290111
Battery,5.429158110882957,0.03680556173242378,0.7002832237849869
Battery,5.434633812457221,0.03798453578839952,0.7002832237849869
Battery,5.437371663244353,0.03798453578839952,0.7049991200088899
Battery,5.475701574264202,0.03798453578839952,0.7073899697224034
Battery,5.500342231348392,0.03917996064515632,0.7073899697224034
Battery,5.514031485284052,0.03917996064515632,0.7073899697224034
Battery,5.516769336071184,0.03917996064515632,0.7073899697224034
Battery,5.519507186858316,0.03917996064515632,0.7073899697224034
Battery,5.557837097878165,0.03917996064515632,0.7098151378528574
Battery,5.5715263518138265,0.03917996064515632,0.7110277219180844
Battery,5.582477754962355,0.03917996064515632,0.7122403059833113
Battery,5.590691307323751,0.03917996064515632,0.7134528900485383
Battery,5.6125941136208075,0.03917996064515632,0.7146654741137652
Battery,5.61533196440794,0.03917996064515632,0.7146654741137652
Battery,5.6563997262149215,0.03917996064515632,0.715890123692079
Battery,5.66735112936345,0.03917996064515632,0.715890123692079
Battery,5.670088980150582,0.03917996064515632,0.715890123692079
Battery,5.678302532511978,0.03917996064515632,0.715890123692079
Battery,5.683778234086242,0.03917996064515632,0.7184151743690148
Battery,5.689253935660506,0.03917996064515632,0.7196776997074826
Battery,5.708418891170431,0.040442485983624175,0.7209402250459505
Battery,5.711156741957564,0.040442485983624175,0.7209402250459505
Battery,5.730321697467488,0.040442485983624175,0.7222732825262321
Battery,5.752224503764545,0.040442485983624175,0.7222732825262321
Battery,5.754962354551677,0.040442485983624175,0.7222732825262321
Battery,5.763175906913073,0.040442485983624175,0.7222732825262321
Battery,5.765913757700205,0.040442485983624175,0.7222732825262321
Battery,5.793292265571527,0.040442485983624175,0.7236856886660544
Battery,5.87542778918549,0.04185489212344646,0.7236856886660544
Battery,5.932922655715264,0.04185489212344646,0.7236856886660544
Battery,5.965776865160849,0.04185489212344646,0.7236856886660544
Battery,5.984941820670773,0.04328452272838853,0.7236856886660544
Battery,5.9958932238193015,0.04328452272838853,0.7236856886660544
Battery,6.036960985626283,0.04328452272838853,0.7265625996364934
Battery,6.05886379192334,0.04328452272838853,0.7265625996364934
Battery,6.078028747433265,0.04328452272838853,0.7265625996364934
Battery,6.080766598220397,0.04328452272838853,0.7265625996364934
Battery,6.116358658453114,0.044759861687588005,0.7265625996364934
Battery,6.1273100616016425,0.044759861687588005,0.7265625996364934
Battery,6.165639972621492,0.044759861687588005,0.7280670571277823
Battery,6.168377823408624,0.044759861687588005,0.7280670571277823
Battery,6.176591375770021,0.044759861687588005,0.7280670571277823
Battery,6.2121834360027375,0.044759861687588005,0.7280670571277823
Battery,6.253251197809719,0.044759861687588005,0.7280670571277823
Battery,6.2587268993839835,0.044759861687588005,0.7280670571277823
Battery,6.28062970568104,0.044759861687588005,0.7280670571277823
Battery,6.395619438740589,0.044759861687588005,0.729713238875497
Battery,6.420260095824777,0.044759861687588005,0.729713238875497
Battery,6.450376454483231,0.04643043131304664,0.729713238875497
Battery,6.507871321013004,0.04643043131304664,0.729713238875497
Battery,6.54072553045859,0.04643043131304664,0.729713238875497
Battery,6.546201232032854,0.04643043131304664,0.729713238875497
Battery,6.606433949349761,0.04643043131304664,0.729713238875497
Battery,6.609171800136893,0.04643043131304664,0.729713238875497
Battery,6.611909650924025,0.04643043131304664,0.729713238875497
Battery,6.631074606433949,0.0482070688512328,0.7314898764136831
Battery,6.636550308008213,0.0482070688512328,0.7314898764136831
Battery,6.652977412731006,0.0482070688512328,0.7314898764136831
Battery,6.674880219028063,0.0482070688512328,0.7314898764136831
Battery,6.694045174537988,0.0482070688512328,0.7314898764136831
Battery,6.702258726899384,0.0482070688512328,0.7335297195130821
Battery,6.713210130047912,0.0482070688512328,0.7335297195130821
Battery,6.7323750855578375,0.0482070688512328,0.7335297195130821
Battery,6.746064339493498,0.0482070688512328,0.7335297195130821
Battery,6.757015742642026,0.0482070688512328,0.7335297195130821
Battery,6.76249144421629,0.0482070688512328,0.7335297195130821
Battery,6.770704996577686,0.0482070688512328,0.7359821151494381
Battery,6.778918548939083,0.0482070688512328,0.7359821151494381
Battery,6.781656399726215,0.0482070688512328,0.7359821151494381
Battery,6.795345653661875,0.0482070688512328,0.7359821151494381
Battery,6.798083504449007,0.0482070688512328,0.7385210659259008
Battery,6.809034907597536,0.050776609396086615,0.7385210659259008
Battery,6.822724161533197,0.050776609396086615,0.7385210659259008
Battery,6.880219028062971,0.0533778726637164,0.7385210659259008
Battery,6.934976043805612,0.0533778726637164,0.7385210659259008
Battery,6.937713894592744,0.0533778726637164,0.7385210659259008
Battery,6.959616700889802,0.0533778726637164,0.7385210659259008
Battery,6.962354551676934,0.0533778726637164,0.7385210659259008
Battery,7.052703627652293,0.0533778726637164,0.7385210659259008
Battery,7.096509240246407,0.0533778726637164,0.7385210659259008
Battery,7.110198494182067,0.0533778726637164,0.7385210659259008
Battery,7.181382614647502,0.0533778726637164,0.7385210659259008
Battery,7.184120465434634,0.0533778726637164,0.7385210659259008
Battery,7.208761122518823,0.056350744969579016,0.7385210659259008
Battery,7.233401779603011,0.05932361727544163,0.7385210659259008
Battery,7.255304585900069,0.05932361727544163,0.7385210659259008
Battery,7.301848049281314,0.05932361727544163,0.7385210659259008
Battery,7.3347022587268995,0.05932361727544163,0.7385210659259008
Battery,7.496235455167693,0.06243369907234406,0.7385210659259008
Battery,7.520876112251882,0.06243369907234406,0.7416311477228033
Battery,7.545516769336071,0.06243369907234406,0.7447412295197057
Battery,7.559206023271732,0.06243369907234406,0.7478513113166081
Battery,7.592060232717317,0.06243369907234406,0.7478513113166081
Battery,7.594798083504449,0.06243369907234406,0.7478513113166081
Battery,7.616700889801506,0.06615360082942343,0.7478513113166081
Battery,7.6796714579055445,0.06615360082942343,0.7478513113166081
Battery,7.693360711841205,0.06615360082942343,0.7516471294360768
Battery,7.709787816563997,0.06615360082942343,0.7516471294360768
Battery,7.780971937029432,0.06615360082942343,0.7516471294360768
Battery,7.783709787816564,0.06615360082942343,0.7516471294360768
Battery,7.794661190965092,0.06615360082942343,0.7516471294360768
Battery,7.8056125941136205,0.06615360082942343,0.7516471294360768
Battery,7.8494182067077345,0.06615360082942343,0.7567082202620351
Battery,7.9780971937029435,0.07121469165538176,0.7567082202620351
Battery,8.071184120465434,0.0762757824813401,0.7567082202620351
Battery,8.084873374401095,0.0762757824813401,0.7567082202620351
Battery,8.087611225188228,0.0762757824813401,0.7567082202620351
Battery,8.120465434633813,0.0762757824813401,0.7567082202620351
Battery,8.134154688569472,0.0762757824813401,0.7567082202620351
Battery,8.334017796030116,0.08269947468351797,0.7567082202620351
Battery,8.375085557837098,0.08912316688569585,0.7567082202620351
Battery,8.457221081451062,0.09554685908787373,0.7567082202620351
Battery,8.459958932238193,0.10197055129005161,0.7567082202620351
Battery,8.646132785763175,0.10197055129005161,0.763131912464213
Battery,8.736481861738536,0.10197055129005161,0.7695556046663908
Battery,9.1088295687885,0.10197055129005161,0.7695556046663908
Battery,9.234770704996578,0.10873233255550202,0.7695556046663908
Battery,9.35523613963039,0.11549411382095243,0.7695556046663908
Battery,9.377138945927447,0.12225589508640283,0.7695556046663908
Battery,9.664613278576317,0.12225589508640283,0.7695556046663908
Battery,9.979466119096509,0.13057808741311103,0.7695556046663908
Battery,10.124572210814511,0.13057808741311103,0.777877796993099
Battery,10.622861054072553,0.13057808741311103,0.777877796993099
Battery,10.67214236824093,0.13057808741311103,0.777877796993099
Battery,11.671457905544148,0.13057808741311103,0.777877796993099
Coal,0.0027378507871321013,0.013333333333333334,0.0
Coal,0.06023271731690623,0.013333333333333334,0.0044444444444444444
Coal,0.06844626967830253,0.01777777777777778,0.0044444444444444444
Coal,0.09582477754962354,0.01777777777777778,0.022222222222222223
Coal,0.11225188227241616,0.01777777777777778,0.03111111111111111
Coal,0.13415468856947296,0.01777777777777778,0.04
Coal,0.1697467488021903,0.04444444444444445,0.04
Coal,0.1998631074606434,0.04444444444444445,0.044444444444444446
Coal,0.2190280629705681,0.04444444444444445,0.04888888888888889
Coal,0.2327173169062286,0.04444444444444445,0.05333333333333334
Coal,0.2464065708418891,0.0488888888888889,0.05333333333333334
Coal,0.24914442162902123,0.0488888888888889,0.05777777777777778
Coal,0.29842573579739906,0.053355555555555566,0.05777777777777778
Coal,0.34223134839151265,0.05782222222222223,0.05777777777777778
Coal,0.34496919917864477,0.05782222222222223,0.06224444444444445
Coal,0.36960985626283366,0.05782222222222223,0.06671111111111111
Coal,0.3750855578370979,0.0622888888888889,0.06671111111111111
Coal,0.37782340862423,0.0622888888888889,0.07117777777777777
Coal,0.4024640657084189,0.0622888888888889,0.07564444444444443
Coal,0.405201916495551,0.0622888888888889,0.08904444444444443
Coal,0.4106776180698152,0.0622888888888889,0.09351111111111109
Coal,0.4490075290896646,0.0622888888888889,0.09797777777777775
Coal,0.45722108145106094,0.06675555555555557,0.09797777777777775
Coal,0.4736481861738535,0.06675555555555557,0.10691111111111108
Coal,0.5147159479808351,0.06675555555555557,0.11137777777777774
Coal,0.5256673511293635,0.06675555555555557,0.1158444444444444
Coal,0.5366187542778919,0.06675555555555557,0.12031111111111106
Coal,0.6050650239561944,0.06675555555555557,0.12477777777777772
Coal,0.6379192334017796,0.06675555555555557,0.12924444444444438
Coal,0.6625598904859685,0.06675555555555557,0.13371111111111106
Coal,0.6652977412731006,0.06675555555555557,0.14264444444444438
Coal,0.6680355920602327,0.06675555555555557,0.14711111111111105
Coal,0.7337440109514032,0.06675555555555557,0.15157777777777773
Coal,0.7693360711841205,0.07122222222222223,0.15157777777777773
Coal,0.7720739219712526,0.07568888888888889,0.15157777777777773
Coal,0.7748117727583846,0.08015555555555555,0.15157777777777773
Coal,0.7994524298425736,0.08015555555555555,0.1560444444444444
Coal,0.8049281314168378,0.08908888888888888,0.1560444444444444
Coal,0.8487337440109514,0.08908888888888888,0.16051111111111108
Coal,0.8542094455852156,0.08908888888888888,0.16497777777777775
Coal,0.8596851471594799,0.08908888888888888,0.17391111111111107
Coal,0.8678986995208761,0.08908888888888888,0.17837777777777775
Coal,0.8761122518822724,0.08908888888888888,0.18284444444444442
Coal,0.8898015058179329,0.08908888888888888,0.1873111111111111
Coal,0.9144421629021219,0.08908888888888888,0.19177777777777777
Coal,0.9418206707734429,0.08908888888888888,0.19624444444444444
Coal,0.947296372347707,0.09802222222222222,0.19624444444444444
Coal,0.9965776865160849,0.09802222222222222,0.20071111111111112
Coal,1.0212183436002737,0.09802222222222222,0.2051777777777778
Coal,1.0704996577686516,0.10248888888888888,0.2051777777777778
Coal,1.0787132101300478,0.10695555555555554,0.2051777777777778
Coal,1.1526351813826146,0.10695555555555554,0.20964444444444447
Coal,1.1827515400410678,0.1114222222222222,0.20964444444444447
Coal,1.1882272416153319,0.1114222222222222,0.21411111111111114
Coal,1.2210814510609171,0.11588888888888886,0.21411111111111114
Coal,1.2457221081451062,0.12035555555555552,0.21411111111111114
Coal,1.2566735112936345,0.12928888888888884,0.21411111111111114
Coal,1.264887063655031,0.12928888888888884,0.21857777777777782
Coal,1.297741273100616,0.12928888888888884,0.2230444444444445
Coal,1.3032169746748803,0.12928888888888884,0.2319777777777778
Coal,1.3470225872689938,0.12928888888888884,0.24091111111111113
Coal,1.3908281998631074,0.13375555555555552,0.24091111111111113
Coal,1.4401095140314852,0.13375555555555552,0.2453777777777778
Coal,1.45927446954141,0.13375555555555552,0.24984444444444448
Coal,1.4729637234770705,0.13375555555555552,0.25431111111111115
Coal,1.4948665297741273,0.1382222222222222,0.25431111111111115
Coal,1.541409993155373,0.14268888888888887,0.25431111111111115
Coal,1.5797399041752225,0.14715555555555554,0.25431111111111115
Coal,1.5852156057494866,0.15608888888888886,0.25431111111111115
Coal,1.596167008898015,0.16055555555555553,0.25431111111111115
Coal,1.6043805612594113,0.1650222222222222,0.25431111111111115
Coal,1.6071184120465434,0.16948888888888888,0.25431111111111115
Coal,1.6372347707049966,0.17395555555555556,0.25431111111111115
Coal,1.6673511293634498,0.17395555555555556,0.25877777777777783
Coal,1.7221081451060918,0.17395555555555556,0.2632444444444445
Coal,1.7467488021902806,0.17395555555555556,0.2677111111111112
Coal,1.7522245037645447,0.17842222222222223,0.2677111111111112
Coal,1.757700205338809,0.17842222222222223,0.27217777777777785
Coal,1.7659137577002053,0.1828888888888889,0.27217777777777785
Coal,1.7713894592744694,0.18735555555555558,0.27217777777777785
Coal,1.7741273100616017,0.18735555555555558,0.2766444444444445
Coal,1.7796030116358659,0.19182222222222226,0.2766444444444445
Coal,1.8042436687200547,0.2007555555555556,0.2766444444444445
Coal,1.8206707734428473,0.2007555555555556,0.2811111111111112
Coal,1.839835728952772,0.20522222222222228,0.2811111111111112
Coal,1.8754277891854894,0.20968888888888895,0.2811111111111112
Coal,1.894592744695414,0.2186222222222223,0.2811111111111112
Coal,1.9028062970568105,0.22308888888888898,0.2811111111111112
Coal,1.9739904175222451,0.22308888888888898,0.2855777777777779
Coal,2.0095824777549622,0.22755555555555565,0.2855777777777779
Coal,2.028747433264887,0.22755555555555565,0.29004444444444455
Coal,2.080766598220397,0.22755555555555565,0.2945111111111112
Coal,2.086242299794661,0.23202222222222232,0.2945111111111112
Coal,2.102669404517454,0.23202222222222232,0.2989777777777779
Coal,2.130047912388775,0.23202222222222232,0.30344444444444457
Coal,2.132785763175907,0.23202222222222232,0.30791111111111125
Coal,2.138261464750171,0.24095555555555567,0.30791111111111125
Coal,2.1519507186858315,0.24095555555555567,0.3123777777777779
Coal,2.2012320328542097,0.24542222222222235,0.3123777777777779
Coal,2.21492128678987,0.24542222222222235,0.3168444444444446
Coal,2.2258726899383983,0.24542222222222235,0.32131111111111127
Coal,2.2286105407255303,0.24988888888888902,0.32131111111111127
Coal,2.242299794661191,0.24988888888888902,0.32577777777777794
Coal,2.2505133470225873,0.24988888888888902,0.3302444444444446
Coal,2.2888432580424367,0.25435555555555567,0.3302444444444446
Coal,2.3353867214236823,0.25882222222222234,0.3347111111111113
Coal,2.3381245722108144,0.263288888888889,0.3347111111111113
Coal,2.351813826146475,0.2677555555555557,0.3347111111111113
Coal,2.3545516769336072,0.27222222222222237,0.3347111111111113
Coal,2.3600273785078714,0.27668888888888904,0.3347111111111113
Coal,2.3682409308692676,0.2811555555555557,0.3347111111111113
Coal,2.431211498973306,0.2811555555555557,0.33917777777777797
Coal,2.433949349760438,0.29008888888888906,0.33917777777777797
Coal,2.4777549623545516,0.29008888888888906,0.34364444444444464
Coal,2.510609171800137,0.29008888888888906,0.3481111111111113
Coal,2.546201232032854,0.29455555555555574,0.3481111111111113
Coal,2.5626283367556466,0.29455555555555574,0.352577777777778
Coal,2.5817932922655715,0.2990222222222224,0.352577777777778
Coal,2.5872689938398357,0.2990222222222224,0.35704444444444466
Coal,2.6009582477754964,0.3034888888888891,0.35704444444444466
Coal,2.650239561943874,0.3034888888888891,0.36151111111111134
Coal,2.6557152635181382,0.30795555555555576,0.36151111111111134
Coal,2.6967830253251197,0.31242222222222243,0.36151111111111134
Coal,2.7214236824093088,0.3213555555555558,0.36151111111111134
Coal,2.8747433264887063,0.3213555555555558,0.365977777777778
Coal,2.9815195071868583,0.3213555555555558,0.3704444444444447
Coal,3.047227926078029,0.32582222222222246,0.37491111111111136
Coal,3.0718685831622174,0.33028888888888913,0.37491111111111136
Coal,3.0992470910335386,0.3347555555555558,0.37491111111111136
Coal,3.132101300479124,0.3347555555555558,0.37937777777777804
Coal,3.1950718685831623,0.3392222222222225,0.37937777777777804
Coal,3.2279260780287475,0.34368888888888915,0.37937777777777804
Coal,3.247091033538672,0.34815555555555583,0.37937777777777804
Coal,3.2881587953456535,0.3526222222222225,0.37937777777777804
Coal,3.3374401095140316,0.3570888888888892,0.37937777777777804
Coal,3.479808350444901,0.3570888888888892,0.3838444444444447
Coal,3.540041067761807,0.36155555555555585,0.3838444444444447
Coal,3.597535934291581,0.36155555555555585,0.3883111111111114
Coal,3.6249144421629023,0.3660222222222225,0.3883111111111114
Coal,3.7207392197125255,0.3660222222222225,0.39277777777777806
Coal,3.7645448323066395,0.3704888888888892,0.39277777777777806
Coal,3.8357289527720737,0.37942222222222255,0.39277777777777806
Coal,3.8767967145790556,0.37942222222222255,0.39724444444444473
Coal,3.893223819301848,0.37942222222222255,0.4017111111111114
Coal,3.9014373716632442,0.37942222222222255,0.4061777777777781
Coal,3.9315537303216974,0.37942222222222255,0.41064444444444476
Coal,3.9534565366187544,0.37942222222222255,0.41511111111111143
Coal,3.9890485968514717,0.37942222222222255,0.4195777777777781
Coal,4.087611225188227,0.3838888888888892,0.4195777777777781
Coal,4.090349075975359,0.3883555555555559,0.4195777777777781
Coal,4.2217659137577,0.3928222222222226,0.4195777777777781
Coal,4.271047227926078,0.39728888888888925,0.4195777777777781
Coal,4.334017796030117,0.4017555555555559,0.4195777777777781
Coal,4.350444900752909,0.4017555555555559,0.4195777777777781
Coal,4.386036960985626,0.4063367521367525,0.4195777777777781
Coal,4.531143052703627,0.4063367521367525,0.4241589743589747
Coal,4.5366187542778915,0.4109179487179491,0.4241589743589747
Coal,4.569472963723477,0.4109179487179491,0.4287401709401713
Coal,4.632443531827516,0.4154991452991457,0.4287401709401713
Coal,4.643394934976044,0.4200803418803423,0.4287401709401713
Coal,4.7501711156741955,0.4246615384615389,0.4287401709401713
Coal,4.950034223134839,0.4246615384615389,0.4333213675213679
Coal,4.955509924709103,0.4292427350427355,0.4333213675213679
Coal,4.993839835728953,0.4292427350427355,0.4379025641025645
Coal,5.040383299110198,0.4338239316239321,0.4379025641025645
Coal,5.325119780971937,0.4338239316239321,0.4424837606837611
Coal,5.467488021902806,0.4384051282051287,0.4424837606837611
Coal,5.648186173853525,0.4429863247863253,0.4424837606837611
Coal,5.746748802190281,0.4429863247863253,0.4470649572649577
Coal,5.790554414784395,0.4475675213675219,0.4470649572649577
Coal,5.796030116358659,0.4521487179487185,0.4470649572649577
Coal,5.801505817932923,0.4521487179487185,0.4516461538461543
Coal,5.8507871321013,0.4567299145299151,0.4516461538461543
Coal,5.856262833675565,0.4613111111111117,0.4516461538461543
Coal,5.87542778918549,0.4613111111111117,0.4562273504273509
Coal,5.943874058863792,0.4658923076923083,0.4562273504273509
Coal,6.151950718685832,0.4658923076923083,0.4608085470085475
Coal,6.54072553045859,0.4704735042735049,0.4608085470085475
Coal,6.743326488706366,0.4704735042735049,0.4653897435897441
Coal,6.811772758384668,0.47505470085470153,0.4653897435897441
Coal,6.830937713894593,0.47505470085470153,0.4699709401709407
Coal,6.836413415468857,0.47963589743589813,0.4699709401709407
Coal,7.030800821355236,0.48421709401709473,0.4699709401709407
Coal,7.811088295687885,0.48879829059829133,0.4699709401709407
Coal,7.967145790554415,0.48879829059829133,0.4745521367521373
Coal,8.19438740588638,0.49337948717948793,0.4745521367521373
Coal,9.240246406570842,0.49796068376068453,0.4745521367521373
Coal,9.60164271047228,0.5025418803418811,0.4745521367521373
Coal,9.99315537303217,0.5025418803418811,0.4791333333333339
Coal,10.182067077344286,0.5025418803418811,0.4791333333333339
Coal,11.017111567419576,0.5086501424501432,0.4791333333333339
Coal,11.633127994524298,0.5086501424501432,0.485241595441596
Coal,24.079397672826833,0.5086501424501432,0.485241595441596
Gas,0.008213552361396304,0.0005120327700972862,0.0
Gas,0.013689253935660506,0.0010240655401945725,0.0010240655401945725
Gas,0.01642710472279261,0.0010240655401945725,0.002048131080389145
Gas,0.019164955509924708,0.0010240655401945725,0.00409626216077829
Gas,0.02190280629705681,0.0010240655401945725,0.004608294930875576
Gas,0.038329911019849415,0.0015360983102918587,0.004608294930875576
Gas,0.04106776180698152,0.0015360983102918587,0.004608294930875576
Gas,0.04380561259411362,0.0015360983102918587,0.005120591635390438
Gas,0.049281314168377825,0.0015360983102918587,0.0056328883399053
Gas,0.05201916495550993,0.0015360983102918587,0.007682075157964748
Gas,0.05475701574264202,0.0015360983102918587,0.009218965271509335
Gas,0.06023271731690623,0.0020483950148067207,0.009731261976024197
Gas,0.06297056810403832,0.0020483950148067207,0.011268152089568783
Gas,0.06570841889117043,0.0025606917193215827,0.011780448794083645
Gas,0.06844626967830253,0.0030729884238364447,0.012292745498598507
Gas,0.07118412046543464,0.0035852851283513067,0.012805042203113369
Gas,0.07665982203969883,0.0035852851283513067,0.013317338907628231
Gas,0.07939767282683094,0.0035852851283513067,0.013829635612143093
Gas,0.08213552361396304,0.004097581832866169,0.013829635612143093
Gas,0.08487337440109514,0.004097581832866169,0.01434219969489622
Gas,0.08761122518822724,0.004610145915619295,0.01434219969489622
Gas,0.09034907597535935,0.004610145915619295,0.014854763777649348
Gas,0.10951403148528405,0.004610145915619295,0.015367327860402475
Gas,0.11225188227241616,0.004610145915619295,0.015879891943155602
Gas,0.11772758384668036,0.005122709998372422,0.01639245602590873
Gas,0.12046543463381246,0.005122709998372422,0.01690555766931498
Gas,0.12320328542094455,0.0061489132851849215,0.01690555766931498
Gas,0.13141683778234087,0.006662014928591172,0.01741865931272123
Gas,0.13415468856947296,0.006662014928591172,0.02101037081656498
Gas,0.13689253935660506,0.006662014928591172,0.02152347245997123
Gas,0.13963039014373715,0.007175116571997422,0.02203657410337748
Gas,0.14236824093086928,0.007175116571997422,0.02306277739018998
Gas,0.14784394250513347,0.007175116571997422,0.02357587903359623
Gas,0.15058179329226556,0.0076882182154036725,0.02357587903359623
Gas,0.15331964407939766,0.0076882182154036725,0.02408898067700248
Gas,0.15605749486652978,0.0076882182154036725,0.025631555506170182
Gas,0.16153319644079397,0.0076882182154036725,0.026659938725615315
Gas,0.16427104722792607,0.0076882182154036725,0.027174130335337884
Gas,0.16700889801505817,0.0076882182154036725,0.028202513554783017
Gas,0.1697467488021903,0.0076882182154036725,0.03128766321311842
Gas,0.17248459958932238,0.0076882182154036725,0.032830238042286124
Gas,0.1834360027378508,0.0076882182154036725,0.03385862126173126
Gas,0.188911704312115,0.0076882182154036725,0.03437281287145383
Gas,0.19164955509924708,0.008202685975292579,0.03437281287145383
Gas,0.1943874058863792,0.008202685975292579,0.03540174839123164
Gas,0.1998631074606434,0.008202685975292579,0.03694847976422379
Gas,0.2026009582477755,0.008202685975292579,0.03797963401288522
Gas,0.2053388090349076,0.008202685975292579,0.038495211137215934
Gas,0.2080766598220397,0.008202685975292579,0.039526365385877366
Gas,0.2108145106091718,0.008718263099623293,0.042104251007530936
Gas,0.2135523613963039,0.008718263099623293,0.04262010833682053
Gas,0.216290212183436,0.009234120428912883,0.04262010833682053
Gas,0.2190280629705681,0.009234120428912883,0.04313596566611012
Gas,0.22176591375770022,0.009234120428912883,0.04468353765397889
Gas,0.2299794661190965,0.009234120428912883,0.04519939498326848
Gas,0.2327173169062286,0.009749977758202473,0.04571525231255807
Gas,0.23545516769336072,0.009749977758202473,0.0462322390503409
Gas,0.24093086926762491,0.009749977758202473,0.04675121529178755
Gas,0.243668720054757,0.010787930241095773,0.04675121529178755
Gas,0.2464065708418891,0.010787930241095773,0.047270763723136565
Gas,0.24914442162902123,0.010787930241095773,0.048835450278013254
Gas,0.2518822724161533,0.01131007161782031,0.048835450278013254
Gas,0.2546201232032854,0.01131007161782031,0.048835450278013254
Gas,0.2600958247775496,0.01131007161782031,0.0504079898398161
Gas,0.2683093771389459,0.01131007161782031,0.05145634954768466
Gas,0.27104722792607805,0.01131007161782031,0.05198082273113989
Gas,0.2737850787132101,0.01131007161782031,0.05302976909805035
Gas,0.2792607802874743,0.011834838953369457,0.05302976909805035
Gas,0.28199863107460643,0.011834838953369457,0.05407930376914864
Gas,0.28473648186173856,0.011834838953369457,0.05460436608352609
Gas,0.2929500342231348,0.011834838953369457,0.05460436608352609
Gas,0.29842573579739906,0.01288555453577025,0.05460436608352609
Gas,0.30116358658453113,0.01288555453577025,0.05460436608352609
Gas,0.30390143737166325,0.01288555453577025,0.055130020017788044
Gas,0.3066392881587953,0.01288555453577025,0.05565567395205
Gas,0.31211498973305957,0.01288555453577025,0.056708169739069406
Gas,0.31759069130732376,0.01288555453577025,0.05723441763257911
Gas,0.32306639288158795,0.01288555453577025,0.057760665526088814
Gas,0.3258042436687201,0.01288555453577025,0.05828691341959852
Gas,0.33127994524298426,0.01288555453577025,0.05881316131310822
Gas,0.33401779603011633,0.01288555453577025,0.06039190499363734
Gas,0.3394934976043806,0.01288555453577025,0.06407564024820528
Gas,0.34223134839151265,0.013938050322789662,0.06565438392873439
Gas,0.34496919917864477,0.013938050322789662,0.0677629923267836
Gas,0.34770704996577684,0.013938050322789662,0.06829044721325712
Gas,0.35044490075290896,0.013938050322789662,0.06881790209973065
Gas,0.3531827515400411,0.014465505209263199,0.06987281187267773
Gas,0.35592060232717315,0.014465505209263199,0.0709277216456248
Gas,0.3586584531143053,0.014465505209263199,0.07145517653209833
Gas,0.3613963039014374,0.014465505209263199,0.07356499607799248
Gas,0.36413415468856947,0.014465505209263199,0.07409245096446601
Gas,0.3668720054757016,0.014992960095736736,0.07461990585093954
Gas,0.36960985626283366,0.015520414982210273,0.07514736073741307
Gas,0.3723477070499658,0.015520414982210273,0.07567573506877878
Gas,0.3805612594113621,0.015520414982210273,0.07620410940014449
Gas,0.38329911019849416,0.015520414982210273,0.0767324837315102
Gas,0.3860369609856263,0.015520414982210273,0.0767324837315102
Gas,0.3887748117727584,0.015520414982210273,0.0767324837315102
Gas,0.3915126625598905,0.015520414982210273,0.07726240031136208
Gas,0.3942505133470226,0.015520414982210273,0.07779231689121396
Gas,0.39698836413415467,0.015520414982210273,0.07832223347106584
Gas,0.3997262149212868,0.015520414982210273,0.07885215005091772
Gas,0.4024640657084189,0.015520414982210273,0.0793820666307696
Gas,0.405201916495551,0.015520414982210273,0.08045255452951239
Gas,0.4106776180698152,0.015520414982210273,0.08152304242825517
Gas,0.4134154688569473,0.015520414982210273,0.08259353032699795
Gas,0.4161533196440794,0.016055658931581663,0.08473450612448351
Gas,0.4188911704312115,0.016055658931581663,0.08580499402322629
Gas,0.4216290212183436,0.016055658931581663,0.08848121377008324
Gas,0.4243668720054757,0.016055658931581663,0.08955170166882602
Gas,0.42984257357973993,0.016055658931581663,0.09062540231636454
Gas,0.4380561259411362,0.016055658931581663,0.0911622526401338
Gas,0.4407939767282683,0.016055658931581663,0.09169910296390307
Gas,0.44353182751540043,0.016055658931581663,0.09277280361144159
Gas,0.4462696783025325,0.016055658931581663,0.09330997753395937
Gas,0.4490075290896646,0.016055658931581663,0.09384715145647714
Gas,0.4544832306639288,0.016055658931581663,0.09438432537899491
Gas,0.45722108145106094,0.016592832854099432,0.09492149930151268
Gas,0.459958932238193,0.016592832854099432,0.09545867322403045
Gas,0.4681724845995893,0.016592832854099432,0.09599584714654823
Gas,0.47091033538672145,0.016592832854099432,0.09760736891410153
Gas,0.4736481861738535,0.016592832854099432,0.09868171675913706
Gas,0.47638603696098564,0.016592832854099432,0.09921889068165483
Gas,0.4791238877481177,0.016592832854099432,0.10136758637172591
Gas,0.48186173853524983,0.016592832854099432,0.10190476029424368
Gas,0.48459958932238195,0.016592832854099432,0.10190476029424368
Gas,0.49007529089664614,0.016592832854099432,0.10728305441780474
Gas,0.4928131416837782,0.016592832854099432,0.10835871324251695
Gas,0.49828884325804246,0.016592832854099432,0.11212351912900968
Gas,0.5010266940451745,0.016592832854099432,0.1126613485413658
Gas,0.5065023956194388,0.016592832854099432,0.1131991779537219
Gas,0.5092402464065708,0.016592832854099432,0.11373700736607802
Gas,0.5119780971937029,0.017130662266455536,0.11535049560314634
Gas,0.5147159479808351,0.017130662266455536,0.11642615442785854
Gas,0.5174537987679672,0.017130662266455536,0.11857747207728296
Gas,0.5201916495550992,0.01766849167881164,0.11965313090199517
Gas,0.5284052019164955,0.01766849167881164,0.12019096031435128
Gas,0.5311430527036276,0.01766849167881164,0.12072878972670739
Gas,0.5338809034907598,0.01766849167881164,0.1218044485514196
Gas,0.5366187542778919,0.01766849167881164,0.12288145363248314
Gas,0.5393566050650239,0.01766849167881164,0.12449696125407844
Gas,0.5448323066392882,0.01766849167881164,0.12503546379461022
Gas,0.5503080082135524,0.01766849167881164,0.12665097141620554
Gas,0.5585215605749486,0.01766849167881164,0.12880498157833262
Gas,0.5639972621492129,0.01766849167881164,0.12988198665939615
Gas,0.5667351129363449,0.018206994219343412,0.12988198665939615
Gas,0.5722108145106092,0.018745496759875184,0.1309589917404597
Gas,0.5749486652977412,0.018745496759875184,0.1341900069836503
Gas,0.5776865160848734,0.018745496759875184,0.13526701206471384
Gas,0.5859000684462696,0.019823187831436218,0.1374223942078359
Gas,0.5886379192334018,0.019823187831436218,0.1379612397436164
Gas,0.5913757700205339,0.019823187831436218,0.13957777635095794
Gas,0.5941136208076659,0.019823187831436218,0.1406561586932512
Gas,0.5968514715947981,0.019823187831436218,0.14281292337783774
Gas,0.5995893223819302,0.019823187831436218,0.1438926962840798
Gas,0.6023271731690623,0.019823187831436218,0.14497246919032186
Gas,0.6050650239561944,0.019823187831436218,0.147132015002806
Gas,0.6078028747433265,0.019823187831436218,0.14821178790904807
Gas,0.6105407255304586,0.020902960737678288,0.14929156081529013
Gas,0.6132785763175906,0.020902960737678288,0.14983144726841116
Gas,0.6160164271047228,0.02144319890835836,0.1509119236097713
Gas,0.621492128678987,0.021983437079038434,0.15199239995113142
Gas,0.6242299794661191,0.021983437079038434,0.15307287629249156
Gas,0.6269678302532512,0.021983437079038434,0.1541533526338517
Gas,0.6297056810403833,0.021983437079038434,0.1557740671458919
Gas,0.6324435318275154,0.022523675249718506,0.15631430531657198
Gas,0.6351813826146475,0.022523675249718506,0.15685454348725206
Gas,0.6379192334017796,0.023604863367324605,0.1573951375460551
Gas,0.6406570841889117,0.023604863367324605,0.15793573160485816
Gas,0.6433949349760438,0.023604863367324605,0.1584763256636612
Gas,0.6461327857631759,0.023604863367324605,0.16009810784007036
Gas,0.648870636550308,0.023604863367324605,0.16117929595767647
Gas,0.6516084873374401,0.024145457426127656,0.16280107813408562
Gas,0.6570841889117043,0.024686051484930707,0.16388226625169172
Gas,0.6598220396988365,0.024686051484930707,0.1644235815834218
Gas,0.6652977412731006,0.024686051484930707,0.16604752757861202
Gas,0.6680355920602327,0.024686051484930707,0.1665888429103421
Gas,0.6707734428473648,0.024686051484930707,0.16767292482134039
Gas,0.6735112936344969,0.024686051484930707,0.1703831295988361
Gas,0.676249144421629,0.024686051484930707,0.17201034823545922
Gas,0.6789869952087612,0.024686051484930707,0.1725527544476669
Gas,0.6844626967830253,0.025770863909346117,0.1725527544476669
Gas,0.6872005475701575,0.025770863909346117,0.17363756687208232
Gas,0.6899383983572895,0.025770863909346117,0.17580719172091314
Gas,0.6926762491444216,0.026313270121553822,0.17689200414532855
Gas,0.6954140999315537,0.026313270121553822,0.17743441035753624
Gas,0.6981519507186859,0.02685641631495144,0.17797755655093386
Gas,0.7063655030800822,0.02685641631495144,0.17906384893772911
Gas,0.7118412046543463,0.02685641631495144,0.18015014132452437
Gas,0.7145790554414785,0.02685641631495144,0.180693287517922
Gas,0.7200547570157426,0.02685641631495144,0.18123680623957297
Gas,0.7227926078028748,0.02685641631495144,0.18123680623957297
Gas,0.7255304585900069,0.02685641631495144,0.182869603718842
Gas,0.7282683093771389,0.027401057238429186,0.18450352648927523
Gas,0.731006160164271,0.027401057238429186,0.18504854406622703
Gas,0.7337440109514032,0.027401057238429186,0.1861408469770389
Gas,0.7364818617385352,0.027401057238429186,0.18668775803113105
Gas,0.7392197125256673,0.027948730537892905,0.18668775803113105
Gas,0.7419575633127995,0.027948730537892905,0.18723543133059478
Gas,0.7446954140999316,0.02849678629077804,0.18778348708347992
Gas,0.7474332648870636,0.02849678629077804,0.18833308015965505
Gas,0.7529089664613279,0.02849678629077804,0.1894330382123932
Gas,0.758384668035592,0.02849678629077804,0.1899830172387623
Gas,0.7611225188227242,0.029046765317147116,0.19163295431786953
Gas,0.7638603696098563,0.029596744343516196,0.19328289139697677
Gas,0.7665982203969883,0.03509653460720698,0.19383287042334585
Gas,0.7693360711841205,0.03509653460720698,0.19493361359960487
Gas,0.7720739219712526,0.03509653460720698,0.19493361359960487
Gas,0.7748117727583846,0.03509653460720698,0.19768743996510268
Gas,0.7775496235455168,0.03509653460720698,0.19823820523820224
Gas,0.783025325119781,0.03564729988030654,0.19933973578440137
Gas,0.785763175906913,0.03564729988030654,0.19989050105750092
Gas,0.7885010266940452,0.03619806515340611,0.20044126633060047
Gas,0.7939767282683093,0.03619806515340611,0.2015427968767996
Gas,0.8021902806297057,0.036748830426505674,0.20209356214989915
Gas,0.8049281314168378,0.0378503609727048,0.20319509269609828
Gas,0.8076659822039699,0.038401126245804364,0.20319509269609828
Gas,0.810403832991102,0.038401126245804364,0.20429662324229741
Gas,0.8158795345653662,0.038401126245804364,0.20484738851539697
Gas,0.8213552361396304,0.03895189151890393,0.20539815378849652
Gas,0.8240930869267625,0.03895189151890393,0.20594891906159607
Gas,0.8268309377138946,0.03895189151890393,0.20650008635314315
Gas,0.8295687885010267,0.03895189151890393,0.20815479692798516
Gas,0.8350444900752909,0.03895189151890393,0.20870636711959917
Gas,0.837782340862423,0.045674230235462354,0.20870636711959917
Gas,0.840520191649555,0.045674230235462354,0.2092674050448399
Gas,0.8432580424366872,0.04623526816070309,0.20982844297008063
Gas,0.8459958932238193,0.04623526816070309,0.20982844297008063
Gas,0.8487337440109514,0.04623526816070309,0.2103899043201706
Gas,0.8514715947980835,0.04679672951079307,0.2103899043201706
Gas,0.8569472963723477,0.04679672951079307,0.21207428837044054
Gas,0.8596851471594799,0.04679672951079307,0.2126357497205305
Gas,0.8624229979466119,0.04791965221097302,0.21600451782107036
Gas,0.865160848733744,0.04791965221097302,0.2171274405212503
Gas,0.8678986995208761,0.04791965221097302,0.21768890187134027
Gas,0.8733744010951403,0.04791965221097302,0.2188118245715202
Gas,0.8788501026694046,0.048481113561062994,0.2188118245715202
Gas,0.8815879534565366,0.04904257491115297,0.22105766997188012
Gas,0.8870636550308009,0.04904257491115297,0.22161956354779772
Gas,0.892539356605065,0.04904257491115297,0.22218145712371531
Gas,0.8952772073921971,0.04904257491115297,0.2227433506996329
Gas,0.8980150581793293,0.050166362062988176,0.22442903142738574
Gas,0.9007529089664613,0.050166362062988176,0.22499092500330334
Gas,0.9034907597535934,0.050166362062988176,0.22499092500330334
Gas,0.9062286105407256,0.05072869155323931,0.22555325449355448
Gas,0.9117043121149897,0.05129145831370059,0.22667878801447705
Gas,0.917180013689254,0.05129145831370059,0.22724155477493832
Gas,0.919917864476386,0.05129145831370059,0.22949262181678345
Gas,0.9281314168377823,0.05129145831370059,0.23005538857724472
Gas,0.9308692676249144,0.05129145831370059,0.230618155337706
Gas,0.9390828199863107,0.05129145831370059,0.23174368885862856
Gas,0.9418206707734429,0.05129145831370059,0.23230645561908983
Gas,0.944558521560575,0.05129145831370059,0.23399475590047367
Gas,0.9555099247091033,0.05129145831370059,0.23455752266093494
Gas,0.9582477754962354,0.05129145831370059,0.2351202894213962
Gas,0.9609856262833676,0.051854225074161875,0.23568305618185748
Gas,0.9637234770704997,0.05241699183462316,0.23568305618185748
Gas,0.9664613278576317,0.05241699183462316,0.2362462681691862
Gas,0.9691991786447639,0.05241699183462316,0.23737269214384368
Gas,0.971937029431896,0.05241699183462316,0.23849911611850116
Gas,0.974674880219028,0.05241699183462316,0.24018875208048737
Gas,0.9774127310061602,0.05241699183462316,0.2407519640678161
Gas,0.9828884325804244,0.05241699183462316,0.2424416000298023
Gas,0.9856262833675564,0.053543415809280626,0.24413123599178851
Gas,0.9883641341546886,0.053543415809280626,0.24469444797911724
Gas,0.9938398357289527,0.053543415809280626,0.24582087195377472
Gas,0.9965776865160849,0.053543415809280626,0.24638408394110345
Gas,1.0047912388774811,0.05410662779660936,0.24638408394110345
Gas,1.0102669404517455,0.05410662779660936,0.24694729592843218
Gas,1.0130047912388775,0.05410662779660936,0.24807371990308966
Gas,1.0157426420260096,0.05410662779660936,0.24920014387774714
Gas,1.0184804928131417,0.05410662779660936,0.24976335586507586
Gas,1.0212183436002737,0.05410662779660936,0.24976335586507586
Gas,1.0239561943874058,0.05410662779660936,0.25089160548636974
Gas,1.0266940451745379,0.05410662779660936,0.2520198551076636
Gas,1.0294318959616702,0.05410662779660936,0.25371222953960443
Gas,1.0321697467488022,0.05410662779660936,0.25371222953960443
Gas,1.0349075975359343,0.05410662779660936,0.25484232120109634
Gas,1.0376454483230664,0.05410662779660936,0.2554073670318423
Gas,1.0403832991101984,0.05410662779660936,0.2571025045240801
Gas,1.0431211498973305,0.05410662779660936,0.25823259618557204
Gas,1.0458590006844628,0.055236719458101255,0.25823259618557204
Gas,1.0485968514715949,0.055236719458101255,0.2604927795085558
Gas,1.051334702258727,0.055236719458101255,0.2610578253393018
Gas,1.054072553045859,0.055236719458101255,0.26162287117004773
Gas,1.056810403832991,0.055801765288847206,0.26162287117004773
Gas,1.0622861054072552,0.05636681111959316,0.26162287117004773
Gas,1.0677618069815196,0.05636681111959316,0.2621879170007937
Gas,1.0732375085557837,0.05636681111959316,0.2633180086622856
Gas,1.0759753593429158,0.05636681111959316,0.2644481003237775
Gas,1.08145106091718,0.05636681111959316,0.2650131461545235
Gas,1.0841889117043122,0.05636681111959316,0.2667082836467613
Gas,1.0869267624914443,0.05749690278108505,0.2667082836467613
Gas,1.0896646132785763,0.05749690278108505,0.26727332947750726
Gas,1.0924024640657084,0.05749690278108505,0.2684034211389992
Gas,1.0951403148528405,0.058061948611831005,0.2684034211389992
Gas,1.0978781656399725,0.058061948611831005,0.2695335128004911
Gas,1.1006160164271048,0.058061948611831005,0.27009855863123705
Gas,1.103353867214237,0.058626994442576956,0.27179369612347487
Gas,1.106091718001369,0.058626994442576956,0.2729237877849668
Gas,1.111567419575633,0.05919204027332291,0.2729237877849668
Gas,1.1143052703627652,0.05919204027332291,0.27348883361571275
Gas,1.1170431211498972,0.05975756495646779,0.2751854076651474
Gas,1.1197809719370295,0.06032308963961268,0.2751854076651474
Gas,1.1225188227241616,0.06032308963961268,0.27575093234829223
Gas,1.1252566735112937,0.060888614322757564,0.276881981714582
Gas,1.1334702258726899,0.060888614322757564,0.27744750639772686
Gas,1.1416837782340863,0.060888614322757564,0.2780130310808717
Gas,1.160848733744011,0.060888614322757564,0.2785785557640166
Gas,1.163586584531143,0.060888614322757564,0.27914408044716144
Gas,1.1663244353182751,0.060888614322757564,0.2802751298134512
Gas,1.1690622861054072,0.060888614322757564,0.2802751298134512
Gas,1.1745379876796715,0.060888614322757564,0.28597933982092993
Gas,1.1800136892539357,0.06145903532350543,0.28769060282317355
Gas,1.1854893908281998,0.06145903532350543,0.28826102382392144
Gas,1.1882272416153319,0.06145903532350543,0.28940186582541716
Gas,1.1909650924024642,0.0620294563242533,0.2905427078269129
Gas,1.1937029431895962,0.0620294563242533,0.29111312882766077
Gas,1.1991786447638604,0.06317029832574904,0.29111312882766077
Gas,1.2019164955509924,0.06317029832574904,0.29111312882766077
Gas,1.2046543463381245,0.06317029832574904,0.2916840541794261
Gas,1.2073921971252566,0.06317029832574904,0.2939677555864874
Gas,1.2101300479123889,0.06317029832574904,0.29453868093825275
Gas,1.212867898699521,0.06317029832574904,0.29625145699354877
Gas,1.218343600273785,0.06374122367751436,0.29625145699354877
Gas,1.2210814510609171,0.06374122367751436,0.29739330769707945
Gas,1.2238193018480492,0.06374122367751436,0.2979642330488448
Gas,1.2265571526351813,0.06374122367751436,0.2985351584006101
Gas,1.2457221081451062,0.06374122367751436,0.2996770091041408
Gas,1.2484599589322383,0.06374122367751436,0.2996770091041408
Gas,1.2511978097193703,0.06431266152959546,0.300819884808303
Gas,1.2621492128678986,0.06431266152959546,0.3013913226603841
Gas,1.267624914442163,0.06545553723375766,0.3019627605124652
Gas,1.270362765229295,0.06659841293791986,0.3019627605124652
Gas,1.2758384668035592,0.06716985079000096,0.30253419836454626
Gas,1.2785763175906912,0.06774128864208205,0.30253419836454626
Gas,1.2840520191649556,0.06774128864208205,0.30310563621662734
Gas,1.2867898699520877,0.06831272649416315,0.30310563621662734
Gas,1.3004791238877482,0.06831272649416315,0.30596282547703285
Gas,1.3032169746748803,0.06888416434624424,0.30596282547703285
Gas,1.3059548254620124,0.06945560219832533,0.30653426332911393
Gas,1.3141683778234086,0.06945560219832533,0.307105701181195
Gas,1.3169062286105406,0.06945560219832533,0.3076771390332761
Gas,1.319644079397673,0.07002704005040643,0.3082485768853572
Gas,1.322381930184805,0.07002704005040643,0.3082485768853572
Gas,1.325119780971937,0.07002704005040643,0.3093925039931111
Gas,1.3278576317590691,0.07059900360428337,0.3093925039931111
Gas,1.3333333333333333,0.07059900360428337,0.30996446754698803
Gas,1.3360711841204653,0.07059900360428337,0.310536431100865
Gas,1.3388090349075976,0.07059900360428337,0.310536431100865
Gas,1.3470225872689938,0.07059900360428337,0.3111089237607122
Gas,1.352498288843258,0.0711714962641306,0.3111089237607122
Gas,1.3552361396303902,0.0711714962641306,0.3116814164205594
Gas,1.3579739904175223,0.07231648158382505,0.3122539090804066
Gas,1.3607118412046544,0.07288897424367227,0.31282640174025383
Gas,1.3634496919917864,0.0734614669035195,0.31282640174025383
Gas,1.3716632443531827,0.07403395956336672,0.31282640174025383
Gas,1.374401095140315,0.07403395956336672,0.31282640174025383
Gas,1.379876796714579,0.07403395956336672,0.31339996548084914
Gas,1.3826146475017111,0.07403395956336672,0.31454709296203975
Gas,1.3880903490759753,0.07403395956336672,0.31512065670263506
Gas,1.3908281998631074,0.07403395956336672,0.31569422044323037
Gas,1.3935660506502396,0.07403395956336672,0.3162677841838257
Gas,1.3963039014373717,0.07460752330396203,0.316841347924421
Gas,1.3990417522245038,0.07460752330396203,0.3174149116650163
Gas,1.4017796030116358,0.07518108704455734,0.3179884754056116
Gas,1.404517453798768,0.07575465078515264,0.3185620391462069
Gas,1.4127310061601643,0.07575465078515264,0.3197091666273975
Gas,1.4154688569472964,0.07575465078515264,0.32028327506290316
Gas,1.4182067077344285,0.0763287592206583,0.3208573834984088
Gas,1.4209445585215605,0.07690286765616394,0.32143149193391446
Gas,1.4236824093086926,0.07690286765616394,0.3220061487060347
Gas,1.431895961670089,0.0774775244282842,0.322580805478155
Gas,1.4373716632443532,0.07805218120040447,0.3254540893387563
Gas,1.4401095140314852,0.07805218120040447,0.32602874611087657
Gas,1.4428473648186173,0.07862683797252473,0.32660340288299683
Gas,1.4483230663928817,0.07920428434062617,0.32660340288299683
Gas,1.4537987679671458,0.07920428434062617,0.32718084925109825
Gas,1.4565366187542779,0.07920428434062617,0.32775829561919967
Gas,1.462012320328542,0.07920428434062617,0.3283357419873011
Gas,1.4647501711156743,0.07920428434062617,0.329490634723504
Gas,1.4674880219028064,0.07920428434062617,0.3306455274597069
Gas,1.4702258726899384,0.07920428434062617,0.3318004201959098
Gas,1.4729637234770705,0.07920428434062617,0.3323778665640112
Gas,1.4757015742642026,0.0797817307087276,0.3329553129321126
Gas,1.483915126625599,0.08035917707682903,0.3329553129321126
Gas,1.4893908281998631,0.0815140698130319,0.3329553129321126
Gas,1.4921286789869952,0.08209151618113333,0.3329553129321126
Gas,1.4976043805612593,0.08266896254923477,0.3329553129321126
Gas,1.5003422313483916,0.0832464089173362,0.33353275930021403
Gas,1.5058179329226558,0.0832464089173362,0.33469109263046715
Gas,1.51129363449692,0.0832464089173362,0.33527025929559373
Gas,1.516769336071184,0.08382557558246276,0.33527025929559373
Gas,1.5249828884325805,0.08440474224758931,0.3358494259607203
Gas,1.5277207392197125,0.08440474224758931,0.3364285926258469
Gas,1.5304585900068446,0.08498390891271587,0.3364285926258469
Gas,1.5331964407939767,0.08498390891271587,0.3370077592909735
Gas,1.5359342915811087,0.08556307557784243,0.3370077592909735
Gas,1.538672142368241,0.08556307557784243,0.3370077592909735
Gas,1.5441478439425051,0.08556307557784243,0.3387470037642602
Gas,1.5496235455167693,0.08556307557784243,0.3387470037642602
Gas,1.5578370978781657,0.08614458054820394,0.3387470037642602
Gas,1.5605749486652978,0.08614458054820394,0.3404915186753447
Gas,1.566050650239562,0.08614458054820394,0.34165452861606777
Gas,1.571526351813826,0.08614458054820394,0.3428175385567908
Gas,1.5742642026009583,0.08614458054820394,0.34398054849751386
Gas,1.5824777549623545,0.08614458054820394,0.3445620534678754
Gas,1.5879534565366187,0.08672608551856545,0.3445620534678754
Gas,1.5906913073237507,0.08672608551856545,0.34572506340859843
Gas,1.593429158110883,0.08847060042964998,0.34630656837895996
Gas,1.596167008898015,0.08847060042964998,0.3468880733493215
Gas,1.5989048596851472,0.08847060042964998,0.347469578319683
Gas,1.6071184120465434,0.08905210540001149,0.347469578319683
Gas,1.6098562628336757,0.089633610370373,0.34863258826040605
Gas,1.6125941136208077,0.09021511534073451,0.34863258826040605
Gas,1.623545516769336,0.09137812528145753,0.3492140932307676
Gas,1.626283367556468,0.09195963025181904,0.3492140932307676
Gas,1.6290212183436004,0.09195963025181904,0.3503771031714906
Gas,1.6317590691307324,0.09254113522218055,0.35095860814185215
Gas,1.6344969199178645,0.09254113522218055,0.3521216180825752
Gas,1.6372347707049966,0.09312264019254206,0.35328462802329824
Gas,1.6427104722792607,0.09370414516290357,0.3544476379640213
Gas,1.6454483230663928,0.09370414516290357,0.3550291429343828
Gas,1.648186173853525,0.09370414516290357,0.35561064790474434
Gas,1.6536618754277892,0.09370414516290357,0.35735516281582885
Gas,1.6618754277891854,0.09428565013326508,0.35735516281582885
Gas,1.6673511293634498,0.09486715510362659,0.3596811826972749
Gas,1.672826830937714,0.09486715510362659,0.3602626876676364
Gas,1.675564681724846,0.0954486600739881,0.36084419263799794
Gas,1.68104038329911,0.0954486600739881,0.36258870754908246
Gas,1.6837782340862424,0.0954486600739881,0.36433322246016697
Gas,1.6865160848733745,0.09603079166608491,0.36433322246016697
Gas,1.6892539356605065,0.09603079166608491,0.3649153540522638
Gas,1.6947296372347707,0.09661292325818173,0.3649153540522638
Gas,1.702943189596167,0.09661292325818173,0.3654974856443606
Gas,1.7056810403832992,0.09661292325818173,0.3654974856443606
Gas,1.7166324435318274,0.09661292325818173,0.3660847013551657
Gas,1.7193702943189597,0.09720013896898681,0.3660847013551657
Gas,1.7221081451060918,0.09720013896898681,0.3660847013551657
Gas,1.727583846680356,0.09720013896898681,0.3666725602376146
Gas,1.73305954825462,0.09778864314109811,0.3678495685818372
Gas,1.7357973990417521,0.09778864314109811,0.3684380727539485
Gas,1.7412731006160165,0.09778864314109811,0.36961508109817115
Gas,1.7440109514031485,0.09778864314109811,0.37020358527028246
Gas,1.7467488021902806,0.09837714731320941,0.37020358527028246
Gas,1.7494866529774127,0.09837714731320941,0.3707920894423938
Gas,1.7522245037645447,0.09896565148532072,0.3707920894423938
Gas,1.754962354551677,0.09896565148532072,0.3713805936145051
Gas,1.7631759069130732,0.09955415565743202,0.3713805936145051
Gas,1.7659137577002053,0.1007324747013698,0.3713805936145051
Gas,1.7686516084873374,0.10132163422333869,0.37196975313647396
Gas,1.7741273100616017,0.10132163422333869,0.3743263912243495
Gas,1.7768651608487338,0.10132163422333869,0.3743263912243495
Gas,1.782340862422998,0.10191278639307072,0.3743263912243495
Gas,1.78507871321013,0.10309509073253478,0.3743263912243495
Gas,1.787816563997262,0.10368624290226681,0.3743263912243495
Gas,1.7932922655715264,0.10427739507199885,0.3743263912243495
Gas,1.7960301163586585,0.10427739507199885,0.37550869556381355
Gas,1.8069815195071868,0.10486854724173088,0.37550869556381355
Gas,1.8124572210814511,0.10486854724173088,0.3760998477335456
Gas,1.8206707734428473,0.10545969941146291,0.37669099990327765
Gas,1.8234086242299794,0.10545969941146291,0.3772821520730097
Gas,1.8288843258042438,0.10605085158119494,0.3784644564124737
Gas,1.8316221765913758,0.10605085158119494,0.37964676075193776
Gas,1.83709787816564,0.107233155920659,0.37964676075193776
Gas,1.839835728952772,0.107233155920659,0.3802379129216698
Gas,1.8507871321013005,0.10782430809039104,0.38082906509140185
Gas,1.8535249828884326,0.10841546026012307,0.38082906509140185
Gas,1.8562628336755647,0.10841546026012307,0.3814202172611339
Gas,1.8617385352498288,0.10841546026012307,0.38201136943086594
Gas,1.864476386036961,0.10841546026012307,0.382602521600598
Gas,1.8726899383983573,0.10841546026012307,0.38319367377033003
Gas,1.8809034907597535,0.1090066124298551,0.38319367377033003
Gas,1.8836413415468858,0.10959776459958713,0.3837848259400621
Gas,1.88911704312115,0.11018891676931916,0.3837848259400621
Gas,1.8973305954825461,0.11018891676931916,0.3849671302795261
Gas,1.9055441478439425,0.11018891676931916,0.38555828244925816
Gas,1.9110198494182067,0.11018891676931916,0.38555828244925816
Gas,1.9164955509924708,0.110780762779626,0.38555828244925816
Gas,1.9219712525667352,0.110780762779626,0.386150128459565
Gas,1.9274469541409993,0.110780762779626,0.38733382048017867
Gas,1.9356605065023955,0.11137260878993283,0.38733382048017867
Gas,1.946611909650924,0.11137260878993283,0.38851751250079236
Gas,1.949349760438056,0.11196445480023966,0.38851751250079236
Gas,1.9520876112251881,0.11196445480023966,0.3891093585110992
Gas,1.9548254620123204,0.11196445480023966,0.389701204521406
Gas,1.9575633127994525,0.11196445480023966,0.3902930505317128
Gas,1.9630390143737166,0.11196445480023966,0.39088489654201963
Gas,1.9657768651608487,0.11196445480023966,0.39147674255232645
Gas,1.9712525667351128,0.11196445480023966,0.39206858856263327
Gas,1.9767282683093772,0.11255700791450146,0.39206858856263327
Gas,1.9794661190965093,0.11314956102876327,0.39206858856263327
Gas,1.9876796714579055,0.11374211414302507,0.39206858856263327
Gas,1.9931553730321698,0.11433466725728687,0.39206858856263327
Gas,2.001368925393566,0.11492722037154868,0.3926611416768951
Gas,2.004106776180698,0.11492722037154868,0.3932536947911569
Gas,2.00684462696783,0.11492722037154868,0.3938462479054187
Gas,2.0095824777549622,0.11492722037154868,0.3950313541339423
Gas,2.023271731690623,0.11611232660007227,0.3956239072482041
Gas,2.026009582477755,0.11670487971433408,0.3956239072482041
Gas,2.0314852840520192,0.11670487971433408,0.3968090134767277
Gas,2.0342231348391513,0.11670487971433408,0.3979955649567495
Gas,2.0369609856262834,0.11729815545434498,0.3979955649567495
Gas,2.0396988364134154,0.11729815545434498,0.39858884069676037
Gas,2.0451745379876796,0.11789143119435588,0.39858884069676037
Gas,2.0506502395619437,0.11789143119435588,0.4003686679167931
Gas,2.0616016427104724,0.11789143119435588,0.400961943656804
Gas,2.0643394934976045,0.11848470693436679,0.400961943656804
Gas,2.0670773442847366,0.11848470693436679,0.4015552193968149
Gas,2.0725530458590007,0.11907798267437769,0.40214849513682577
Gas,2.0752908966461328,0.11907798267437769,0.40214849513682577
Gas,2.088980150581793,0.11907798267437769,0.4063065778357359
Gas,2.0917180013689256,0.11907798267437769,0.406900589649866
Gas,2.0944558521560577,0.11907798267437769,0.407494601463996
Gas,2.0971937029431897,0.11967199448850771,0.407494601463996
Gas,2.105407255304586,0.11967199448850771,0.40868262509225606
Gas,2.108145106091718,0.12026600630263773,0.40868262509225606
Gas,2.1190965092402463,0.12086001811676775,0.40868262509225606
Gas,2.1218343600273784,0.12145402993089777,0.41224669597703617
Gas,2.1245722108145104,0.12204804174502779,0.41224669597703617
Gas,2.130047912388775,0.1226420535591578,0.4128407077911662
Gas,2.1437371663244353,0.1226420535591578,0.41343624271251195
Gas,2.1464750171115674,0.12383312340184928,0.4140317776338577
Gas,2.1519507186858315,0.12442865832319502,0.4140317776338577
Gas,2.1546885694729636,0.12502419324454075,0.4140317776338577
Gas,2.1656399726214923,0.12502419324454075,0.4146273125552034
Gas,2.1683778234086244,0.12561972816588649,0.41522284747654914
Gas,2.1711156741957565,0.12561972816588649,0.41581838239789487
Gas,2.184804928131417,0.12561972816588649,0.4164139173192406
Gas,2.198494182067077,0.12561972816588649,0.41700945224058633
Gas,2.206707734428474,0.12561972816588649,0.41760498716193206
Gas,2.212183436002738,0.12621526308723222,0.41760498716193206
Gas,2.21492128678987,0.12681079800857795,0.41760498716193206
Gas,2.217659137577002,0.12681079800857795,0.41760498716193206
Gas,2.223134839151266,0.12681079800857795,0.41820208311845825
Gas,2.2286105407255303,0.12800498992163034,0.41820208311845825
Gas,2.2340862422997945,0.12860208587815655,0.41820208311845825
Gas,2.242299794661191,0.12860208587815655,0.41879917907498443
Gas,2.2477754962354553,0.12860208587815655,0.41879917907498443
Gas,2.2642026009582477,0.1298090158382815,0.4200061090351094
Gas,2.2669404517453797,0.13041248081834397,0.4200061090351094
Gas,2.2751540041067764,0.13041248081834397,0.4200061090351094
Gas,2.2778918548939084,0.13041248081834397,0.42061038512401605
Gas,2.2861054072553046,0.13101675690725062,0.4212146612129227
Gas,2.297056810403833,0.13162103299615727,0.4212146612129227
Gas,2.299794661190965,0.13282958517397056,0.4218189373018294
Gas,2.308008213552361,0.1334338612628772,0.4224232133907361
Gas,2.3134839151266258,0.1334338612628772,0.42302748947964275
Gas,2.31895961670089,0.1334338612628772,0.4236317655685494
Gas,2.327173169062286,0.13403813735178385,0.4236317655685494
Gas,2.3353867214236823,0.1346424134406905,0.4236317655685494
Gas,2.3381245722108144,0.1346424134406905,0.4242360416574561
Gas,2.3408624229979464,0.1346424134406905,0.42484031774636277
Gas,2.3436002737850785,0.1346424134406905,0.42544459383526945
Gas,2.346338124572211,0.13524668952959715,0.42544459383526945
Gas,2.351813826146475,0.13524668952959715,0.4260488699241761
Gas,2.3572895277207393,0.1358509656185038,0.4260488699241761
Gas,2.3655030800821355,0.13645524170741044,0.4266531460130828
Gas,2.3737166324435317,0.1370595177963171,0.43873866779121573
Gas,2.3928815879534566,0.13766379388522373,0.4393429438801224
Gas,2.3983572895277208,0.13766379388522373,0.4399472199690291
Gas,2.406570841889117,0.13766379388522373,0.44055149605793575
Gas,2.409308692676249,0.13826806997413038,0.44055149605793575
Gas,2.412046543463381,0.13887234606303703,0.44115577214684243
Gas,2.414784394250513,0.14008089824085032,0.44115577214684243
Gas,2.4202600958247777,0.14008089824085032,0.4417600482357491
Gas,2.42299794661191,0.14008089824085032,0.4417600482357491
Gas,2.425735797399042,0.14008089824085032,0.4423651988197193
Gas,2.43668720054757,0.1406860488248205,0.4423651988197193
Gas,2.4421629021218343,0.14129119940879067,0.4423651988197193
Gas,2.4476386036960984,0.14129119940879067,0.44418065057162986
Gas,2.4503764544832305,0.14189634999276085,0.44418065057162986
Gas,2.4531143052703626,0.14250150057673103,0.44478580115560007
Gas,2.461327857631759,0.1437118017446714,0.4453909517395703
Gas,2.4668035592060233,0.14431695232864158,0.4453909517395703
Gas,2.4722792607802875,0.14492210291261176,0.4453909517395703
Gas,2.4832306639288158,0.14552725349658194,0.4453909517395703
Gas,2.48870636550308,0.14552725349658194,0.4459961023235405
Gas,2.4941820670773445,0.14613330193008323,0.4459961023235405
Gas,2.4969199178644765,0.14673935036358451,0.4459961023235405
Gas,2.4996577686516086,0.14795144723058712,0.4459961023235405
Gas,2.5023956194387407,0.1485574956640884,0.4459961023235405
Gas,2.5051334702258727,0.1485574956640884,0.4459961023235405
Gas,2.507871321013005,0.1491644513557237,0.4459961023235405
Gas,2.510609171800137,0.149771407047359,0.44660305801517575
Gas,2.518822724161533,0.149771407047359,0.44721092779670807
Gas,2.524298425735797,0.149771407047359,0.44903453714130503
Gas,2.529774127310062,0.149771407047359,0.4502502767043697
Gas,2.535249828884326,0.149771407047359,0.450858146485902
Gas,2.537987679671458,0.15037927682889132,0.450858146485902
Gas,2.54072553045859,0.15098714661042364,0.450858146485902
Gas,2.5516769336071183,0.15098714661042364,0.45207388604896664
Gas,2.5544147843942504,0.15098714661042364,0.45268175583049897
Gas,2.5626283367556466,0.15098714661042364,0.4532896256120313
Gas,2.568104038329911,0.15098714661042364,0.4538974953935636
Gas,2.5790554414784395,0.15098714661042364,0.45450630180033713
Gas,2.5900068446269677,0.15098714661042364,0.45511510820711065
Gas,2.595482546201232,0.15098714661042364,0.4563327210206577
Gas,2.598220396988364,0.1522047594239707,0.4569415274274312
Gas,2.6009582477754964,0.1528135658307442,0.4569415274274312
Gas,2.6064339493497606,0.1528135658307442,0.45755033383420474
Gas,2.6091718001368926,0.15342237223751773,0.45755033383420474
Gas,2.614647501711157,0.15403117864429125,0.45755033383420474
Gas,2.617385352498289,0.15403117864429125,0.45815914024097826
Gas,2.622861054072553,0.15463998505106477,0.45815914024097826
Gas,2.625598904859685,0.1552487914578383,0.45815914024097826
Gas,2.628336755646817,0.1558575978646118,0.4587679466477518
Gas,2.639288158795346,0.1558575978646118,0.4599855594612988
Gas,2.642026009582478,0.15829282349170587,0.46059436586807234
Gas,2.64476386036961,0.1589016298984794,0.46059436586807234
Gas,2.647501711156742,0.1589016298984794,0.46120317227484586
Gas,2.650239561943874,0.1589016298984794,0.4618119786816194
Gas,2.6639288158795345,0.16011924271202643,0.4630295914951664
Gas,2.6721423682409307,0.16011924271202643,0.46363839790193995
Gas,2.674880219028063,0.16072804911879995,0.46363839790193995
Gas,2.6776180698151952,0.16133685552557347,0.46363839790193995
Gas,2.6803559206023273,0.161945661932347,0.46424720430871347
Gas,2.6830937713894594,0.16255446833912052,0.46424720430871347
Gas,2.6858316221765914,0.16255446833912052,0.464856010715487
Gas,2.702258726899384,0.16316327474589404,0.464856010715487
Gas,2.704996577686516,0.16316327474589404,0.46546681648648636
Gas,2.7186858316221767,0.16438488628789277,0.46546681648648636
Gas,2.724161533196441,0.16499569205889214,0.4660776222574857
Gas,2.7405886379192332,0.1656064978298915,0.4660776222574857
Gas,2.7433264887063653,0.1656064978298915,0.4685208453414832
Gas,2.746064339493498,0.16621730360089088,0.46913165111248256
Gas,2.74880219028063,0.16621730360089088,0.47157487419648003
Gas,2.757015742642026,0.16621730360089088,0.4721856799674794
Gas,2.7624914442162902,0.16621730360089088,0.47279648573847877
Gas,2.7652292950034223,0.16866052668488837,0.47279648573847877
Gas,2.7707049965776864,0.16866052668488837,0.47340729150947813
Gas,2.7789185489390826,0.16927133245588774,0.47340729150947813
Gas,2.7816563997262147,0.16927133245588774,0.4740180972804775
Gas,2.784394250513347,0.1698821382268871,0.4740180972804775
Gas,2.7953456536618755,0.1698821382268871,0.47523970882247624
Gas,2.8008213552361396,0.17049294399788648,0.47523970882247624
Gas,2.8062970568104038,0.17110374976888584,0.47523970882247624
Gas,2.811772758384668,0.17110374976888584,0.4758505145934756
Gas,2.817248459958932,0.17110374976888584,0.47707212613547434
Gas,2.830937713894593,0.17110374976888584,0.4776829319064737
Gas,2.833675564681725,0.1717145555398852,0.4776829319064737
Gas,2.839151266255989,0.1717145555398852,0.4782937376774731
Gas,2.847364818617385,0.17232536131088458,0.47890454344847244
Gas,2.8528405201916494,0.17293616708188395,0.47890454344847244
Gas,2.855578370978782,0.1735469728528833,0.47890454344847244
Gas,2.858316221765914,0.1735469728528833,0.4795153492194718
Gas,2.8720054757015743,0.17415885588273808,0.4795153492194718
Gas,2.8747433264887063,0.17477073891259284,0.4795153492194718
Gas,2.8802190280629705,0.17477073891259284,0.4801272322493266
Gas,2.891170431211499,0.1753826219424476,0.4801272322493266
Gas,2.8939082819986313,0.17599450497230237,0.48073911527918134
Gas,2.9048596851471595,0.17660638800215714,0.48073911527918134
Gas,2.9103353867214237,0.1772182710320119,0.4813509983090361
Gas,2.924024640657084,0.1784420370917214,0.4813509983090361
Gas,2.9295003422313486,0.1784420370917214,0.48257476436874563
Gas,2.9322381930184807,0.1784420370917214,0.4831866473986004
Gas,2.940451745379877,0.1784420370917214,0.48379853042845516
Gas,2.943189596167009,0.17905392012157617,0.48441041345830993
Gas,2.948665297741273,0.17905392012157617,0.4850222964881647
Gas,2.951403148528405,0.17966580315143094,0.48563417951801946
Gas,2.9568788501026693,0.17966580315143094,0.4862460625478742
Gas,2.973305954825462,0.1802776861812857,0.4862460625478742
Gas,2.9787816563997263,0.1802776861812857,0.486857945577729
Gas,2.9924709103353866,0.1802776861812857,0.48746982860758375
Gas,2.9979466119096507,0.1802776861812857,0.4880817116374385
Gas,3.0006844626967832,0.18088956921114047,0.4880817116374385
Gas,3.0116358658453115,0.18088956921114047,0.4886935946672933
Gas,3.0198494182067077,0.18150145224099523,0.4886935946672933
Gas,3.028062970568104,0.18211333527085,0.48930547769714805
Gas,3.030800821355236,0.18211333527085,0.48930547769714805
Gas,3.033538672142368,0.1833393844761933,0.48930547769714805
Gas,3.0362765229295,0.18395240907886495,0.48930547769714805
Gas,3.0417522245037647,0.1845654336815366,0.4899185022998197
Gas,3.049965776865161,0.1845654336815366,0.49053152690249135
Gas,3.055441478439425,0.1857914828868799,0.491144551505163
Gas,3.058179329226557,0.18640450748955156,0.491144551505163
Gas,3.060917180013689,0.18701869975813307,0.491144551505163
Gas,3.0663928815879533,0.18701869975813307,0.4917587437737445
Gas,3.07460643394935,0.18763406864025592,0.4917587437737445
Gas,3.080082135523614,0.1888648064045016,0.4917587437737445
Gas,3.082819986310746,0.1888648064045016,0.49237411265586734
Gas,3.0882956878850103,0.18948017528662445,0.49298948153799016
Gas,3.0937713894592744,0.1900955441687473,0.493604850420113
Gas,3.0965092402464065,0.1900955441687473,0.4942202193022358
Gas,3.0992470910335386,0.19071091305087015,0.4942202193022358
Gas,3.1074606433949348,0.191326281932993,0.4942202193022358
Gas,3.1101984941820673,0.191326281932993,0.49483558818435863
Gas,3.1129363449691994,0.19194165081511586,0.49483558818435863
Gas,3.1156741957563314,0.19194165081511586,0.49545095706648146
Gas,3.1211498973305956,0.1925570196972387,0.49545095706648146
Gas,3.1238877481177276,0.19317360472339737,0.4960675420926401
Gas,3.1293634496919918,0.19317360472339737,0.4966841271187987
Gas,3.132101300479124,0.19379018974955603,0.4966841271187987
Gas,3.137577002053388,0.1944067747757147,0.4966841271187987
Gas,3.1485284052019167,0.19502335980187335,0.4966841271187987
Gas,3.159479808350445,0.19563994482803201,0.49791729717111605
Gas,3.162217659137577,0.19687311488034934,0.49791729717111605
Gas,3.164955509924709,0.197489699906508,0.49791729717111605
Gas,3.167693360711841,0.19872286995882532,0.4985338821972747
Gas,3.1786447638603694,0.19872286995882532,0.4991504672234333
Gas,3.186858316221766,0.19872286995882532,0.4991504672234333
Gas,3.189596167008898,0.19872286995882532,0.4997683131596659
Gas,3.19233401779603,0.19934071589505792,0.4997683131596659
Gas,3.1950718685831623,0.19934071589505792,0.4997683131596659
Gas,3.2032854209445585,0.19934071589505792,0.5003874303838332
Gas,3.2060232717316905,0.20057895034339238,0.5003874303838332
Gas,3.2251882272416155,0.20057895034339238,0.5016256648321676
Gas,3.2306639288158796,0.20181718479172683,0.5028638992805021
Gas,3.2361396303901437,0.20243630201589408,0.5034830165046693
Gas,3.241615331964408,0.20305541924006132,0.5034830165046693
Gas,3.247091033538672,0.20367453646422856,0.5034830165046693
Gas,3.277207392197125,0.20367453646422856,0.5047212509530038
Gas,3.2799452429842573,0.20367453646422856,0.505340368177171
Gas,3.2908966461327855,0.20367453646422856,0.5065786026255055
Gas,3.293634496919918,0.20367453646422856,0.5065786026255055
Gas,3.299110198494182,0.20430994624692653,0.5065786026255055
Gas,3.3018480492813143,0.20430994624692653,0.5065786026255055
Gas,3.3073237508555784,0.20494816137082844,0.5065786026255055
Gas,3.3100616016427105,0.20558637649473036,0.5072168177494074
Gas,3.3182751540041067,0.20558637649473036,0.5078564542878392
Gas,3.3292265571526354,0.20558637649473036,0.5091357273647027
Gas,3.3319644079397674,0.20558637649473036,0.5091357273647027
Gas,3.3429158110882957,0.20558637649473036,0.5097768012886141
Gas,3.34839151266256,0.20558637649473036,0.5110589491364369
Gas,3.359342915811088,0.20686852434255312,0.5110589491364369
Gas,3.375770020533881,0.20686852434255312,0.5110589491364369
Gas,3.381245722108145,0.20751105857153038,0.5110589491364369
Gas,3.3894592744695413,0.20879612702948486,0.5110589491364369
Gas,3.405886379192334,0.2094386612584621,0.5117014833654141
Gas,3.4086242299794662,0.2094386612584621,0.5123440175943913
Gas,3.4168377823408624,0.2094386612584621,0.5129865518233685
Gas,3.433264887063655,0.21008119548743936,0.5129865518233685
Gas,3.436002737850787,0.21008119548743936,0.5136290860523457
Gas,3.455167693360712,0.21008119548743936,0.5136290860523457
Gas,3.457905544147844,0.21136925944296484,0.5136290860523457
Gas,3.463381245722108,0.21201329142072758,0.5136290860523457
Gas,3.479808350444901,0.21265732339849033,0.5136290860523457
Gas,3.482546201232033,0.21265732339849033,0.5142731180301084
Gas,3.485284052019165,0.21265732339849033,0.5149171500078712
Gas,3.488021902806297,0.21265732339849033,0.5155627081277613
Gas,3.490759753593429,0.21265732339849033,0.5162082662476514
Gas,3.4962354551676933,0.21265732339849033,0.5174993824874317
Gas,3.4989733059548254,0.21330288151838048,0.5174993824874317
Gas,3.509924709103354,0.21330288151838048,0.5181449406073217
Gas,3.512662559890486,0.21394843963827062,0.5181449406073217
Gas,3.515400410677618,0.21459399775816076,0.5181449406073217
Gas,3.5208761122518824,0.2152395558780509,0.5181449406073217
Gas,3.542778918548939,0.2165306721178312,0.5187904987272118
Gas,3.5455167693360714,0.2165306721178312,0.5194360568471019
Gas,3.5592060232717317,0.2165306721178312,0.520081614966992
Gas,3.578370978781656,0.21717623023772134,0.520081614966992
Gas,3.5811088295687883,0.21717623023772134,0.5213727312067723
Gas,3.600273785078713,0.21717623023772134,0.5220198872428008
Gas,3.6030116358658453,0.21717623023772134,0.5226670432788293
Gas,3.6084873374401094,0.21717623023772134,0.5233141993148578
Gas,3.6112251882272415,0.21717623023772134,0.5246085113869148
Gas,3.6276522929500343,0.21717623023772134,0.5252556674229433
Gas,3.6303901437371664,0.21717623023772134,0.5259028234589718
Gas,3.6331279945242985,0.2178233862737498,0.5259028234589718
Gas,3.652292950034223,0.2178233862737498,0.5265499794950003
Gas,3.679671457905544,0.21847054230977828,0.5265499794950003
Gas,3.6906228610540723,0.21847054230977828,0.5278442915670573
Gas,3.7481177275838466,0.21976485438183524,0.5278442915670573
Gas,3.759069130732375,0.2204120104178637,0.5278442915670573
Gas,3.780971937029432,0.22105916645389218,0.5278442915670573
Gas,3.79192334017796,0.22170632248992064,0.5284914476030858
Gas,3.7946611909650922,0.2230006345619776,0.5284914476030858
Gas,3.7973990417522243,0.2230006345619776,0.5291386036391142
Gas,3.808350444900753,0.22364779059800607,0.5291386036391142
Gas,3.811088295687885,0.22364779059800607,0.5297857596751427
Gas,3.813826146475017,0.22429664967623464,0.5297857596751427
Gas,3.8275154004106775,0.22429664967623464,0.5304346187533713
Gas,3.8357289527720737,0.22559436783269174,0.5304346187533713
Gas,3.8494182067077345,0.22559436783269174,0.5310834778315998
Gas,3.8548939082819986,0.2262432269109203,0.5310834778315998
Gas,3.8576317590691307,0.2262432269109203,0.5310834778315998
Gas,3.8603696098562628,0.2268938255577232,0.5310834778315998
Gas,3.863107460643395,0.2268938255577232,0.5310834778315998
Gas,3.8795345653661877,0.2268938255577232,0.5317358301135693
Gas,3.890485968514716,0.22754617783969266,0.5317358301135693
Gas,3.9041752224503763,0.22754617783969266,0.5317358301135693
Gas,3.909650924024641,0.22820030281808054,0.5317358301135693
Gas,3.912388774811773,0.22820030281808054,0.5323899550919572
Gas,3.9397672826830936,0.22885442779646842,0.5323899550919572
Gas,3.9534565366187544,0.22885442779646842,0.5330440800703451
Gas,3.9589322381930185,0.2295085527748563,0.5330440800703451
Gas,3.9671457905544147,0.2295085527748563,0.533698205048733
Gas,3.972621492128679,0.2295085527748563,0.5343523300271209
Gas,3.9835728952772076,0.23016267775324417,0.5343523300271209
Gas,3.997262149212868,0.23081680273163205,0.5343523300271209
Gas,4.005475701574264,0.23147092771001992,0.5343523300271209
Gas,4.010951403148528,0.2321250526884078,0.5343523300271209
Gas,4.027378507871321,0.2321250526884078,0.5350064550055088
Gas,4.030116358658453,0.23343330264518355,0.5350064550055088
Gas,4.032854209445585,0.2347415526019593,0.5350064550055088
Gas,4.041067761806982,0.2347415526019593,0.5350064550055088
Gas,4.043805612594114,0.2347415526019593,0.5356624435878237
Gas,4.05201916495551,0.23539754118427422,0.5356624435878237
Gas,4.073921971252567,0.23802149551353385,0.5356624435878237
Gas,4.076659822039699,0.23802149551353385,0.5363184321701385
Gas,4.079397672826831,0.23802149551353385,0.5369744207524534
Gas,4.084873374401095,0.23867748409584877,0.5369744207524534
Gas,4.087611225188227,0.24064544984279349,0.5369744207524534
Gas,4.090349075975359,0.24064544984279349,0.5376304093347682
Gas,4.095824777549623,0.2413014384251084,0.5376304093347682
Gas,4.098562628336755,0.24195742700742331,0.5382863979170831
Gas,4.112251882272417,0.24261341558973823,0.5382863979170831
Gas,4.123203285420945,0.24326940417205314,0.5382863979170831
Gas,4.125941136208077,0.24326940417205314,0.5382863979170831
Gas,4.131416837782341,0.24392736862359188,0.5382863979170831
Gas,4.139630390143737,0.24392736862359188,0.5389443623686219
Gas,4.164271047227926,0.2445873329670806,0.5396043267121106
Gas,4.172484599589322,0.2445873329670806,0.5402642910555993
Gas,4.186173853524983,0.24524729731056932,0.5402642910555993
Gas,4.199863107460644,0.24524729731056932,0.5402642910555993
Gas,4.213552361396304,0.24524729731056932,0.540926292326074
Gas,4.216290212183436,0.24524729731056932,0.5415882935965488
Gas,4.2217659137577,0.24524729731056932,0.5422502948670236
Gas,4.227241615331964,0.2459092985810441,0.5429122961374984
Gas,4.229979466119096,0.24657129985151888,0.5429122961374984
Gas,4.232717316906228,0.24723330112199365,0.5429122961374984
Gas,4.238193018480493,0.24789530239246843,0.5429122961374984
Gas,4.240930869267625,0.249219304933418,0.5429122961374984
Gas,4.246406570841889,0.2498813062038928,0.5429122961374984
Gas,4.26009582477755,0.2498813062038928,0.5435742974079731
Gas,4.271047227926078,0.2505433074743676,0.5455603012193975
Gas,4.27378507871321,0.2505433074743676,0.5462223024898722
Gas,4.290212183436003,0.25120530874484237,0.5462223024898722
Gas,4.295687885010267,0.25120530874484237,0.5462223024898722
Gas,4.32580424366872,0.25186948051128594,0.5462223024898722
Gas,4.334017796030117,0.25186948051128594,0.5468864742563158
Gas,4.339493497604381,0.2525336522777295,0.5468864742563158
Gas,4.383299110198494,0.25319782404417307,0.5468864742563158
Gas,4.394250513347022,0.25319782404417307,0.5475506460227593
Gas,4.396988364134154,0.25386199581061664,0.5475506460227593
Gas,4.421629021218344,0.25386199581061664,0.5482148177892028
Gas,4.42984257357974,0.2545261675770602,0.5482148177892028
Gas,4.432580424366872,0.25519033934350377,0.5482148177892028
Gas,4.435318275154004,0.25585451110994734,0.5482148177892028
Gas,4.4517453798767965,0.2565186828763909,0.5488789895556463
Gas,4.459958932238193,0.2565186828763909,0.5495431613220898
Gas,4.465434633812457,0.2565186828763909,0.5502073330885333
Gas,4.476386036960986,0.2565186828763909,0.5508715048549768
Gas,4.479123887748118,0.25718285464283447,0.5508715048549768
Gas,4.484599589322382,0.25784702640927804,0.5515356766214203
Gas,4.506502395619439,0.2585111981757216,0.5515356766214203
Gas,4.509240246406571,0.25917536994216517,0.5515356766214203
Gas,4.5366187542778915,0.2605037134750523,0.5515356766214203
Gas,4.555783709787817,0.2605037134750523,0.5521998483878638
Gas,4.558521560574949,0.26116788524149587,0.5528640201543074
Gas,4.566735112936345,0.26183205700793943,0.5528640201543074
Gas,4.5804243668720055,0.262496228774383,0.5528640201543074
Gas,4.594113620807666,0.26316040054082657,0.5528640201543074
Gas,4.596851471594798,0.26316040054082657,0.5535281919207509
Gas,4.602327173169062,0.26382457230727013,0.5535281919207509
Gas,4.605065023956194,0.2644887440737137,0.5535281919207509
Gas,4.610540725530458,0.2651553487037706,0.5535281919207509
Gas,4.61327857631759,0.2651553487037706,0.5541947965508077
Gas,4.629705681040384,0.2658219533338275,0.5541947965508077
Gas,4.632443531827516,0.26715516259394134,0.5541947965508077
Gas,4.646132785763176,0.26715516259394134,0.5548614011808646
Gas,4.654346338124572,0.26782176722399825,0.5555280058109214
Gas,4.670773442847365,0.26848837185405516,0.5555280058109214
Gas,4.673511293634497,0.2691549764841121,0.5555280058109214
Gas,4.681724845995893,0.2691549764841121,0.5555280058109214
Gas,4.695414099931554,0.2691549764841121,0.5561971547334594
Gas,4.714579055441479,0.2691549764841121,0.5568663036559974
Gas,4.717316906228611,0.26982412540665013,0.5568663036559974
Gas,4.722792607802875,0.2704932743291882,0.5575354525785354
Gas,4.731006160164271,0.27116242325172624,0.5575354525785354
Gas,4.739219712525667,0.2718315721742643,0.5588737504236115
Gas,4.744695414099931,0.2718315721742643,0.5595428993461495
Gas,4.7501711156741955,0.2718315721742643,0.5602120482686875
Gas,4.783025325119781,0.2718315721742643,0.5608811971912255
Gas,4.788501026694045,0.2718315721742643,0.5615503461137635
Gas,4.7939767282683095,0.2718315721742643,0.5615503461137635
Gas,4.80766598220397,0.2725034192779416,0.5615503461137635
Gas,4.826830937713894,0.2731752663816189,0.5615503461137635
Gas,4.8350444900752905,0.27384711348529617,0.5615503461137635
Gas,4.85968514715948,0.27384711348529617,0.5622221932174408
Gas,4.865160848733744,0.27384711348529617,0.5628940403211181
Gas,4.887063655030801,0.27451896058897346,0.5628940403211181
Gas,4.892539356605065,0.27519080769265075,0.5628940403211181
Gas,4.898015058179329,0.27586265479632804,0.5628940403211181
Gas,4.914442162902122,0.27720634900368263,0.5628940403211181
Gas,4.917180013689254,0.2778781961073599,0.5628940403211181
Gas,4.9281314168377826,0.2785500432110372,0.5628940403211181
Gas,4.930869267624915,0.2785500432110372,0.5628940403211181
Gas,4.947296372347707,0.27922474923855994,0.5628940403211181
Gas,4.950034223134839,0.27922474923855994,0.5642434523761636
Gas,4.969199178644764,0.27922474923855994,0.5649181584036863
Gas,4.974674880219028,0.27922474923855994,0.565592864431209
Gas,4.999315537303217,0.2798994552660827,0.565592864431209
Gas,5.0130047912388775,0.2798994552660827,0.5662675704587318
Gas,5.032169746748802,0.2805741612936054,0.5662675704587318
Gas,5.040383299110198,0.28124886732112814,0.5662675704587318
Gas,5.0568104038329915,0.28192357334865087,0.5662675704587318
Gas,5.0978781656399725,0.2825982793761736,0.5662675704587318
Gas,5.106091718001369,0.28327298540369633,0.5662675704587318
Gas,5.111567419575633,0.28394769143121906,0.5662675704587318
Gas,5.117043121149897,0.28394769143121906,0.5669422764862545
Gas,5.119780971937029,0.2846223974587418,0.5669422764862545
Gas,5.122518822724161,0.2846223974587418,0.5676169825137772
Gas,5.13347022587269,0.2873212215688328,0.5676169825137772
Gas,5.136208076659822,0.2879959275963555,0.5676169825137772
Gas,5.152635181382615,0.28867063362387824,0.5676169825137772
Gas,5.155373032169747,0.2900200456789237,0.5676169825137772
Gas,5.158110882956879,0.29136945773396916,0.5676169825137772
Gas,5.163586584531143,0.2920441637614919,0.5676169825137772
Gas,5.166324435318275,0.2927188697890146,0.5676169825137772
Gas,5.169062286105407,0.2927188697890146,0.5682916885413
Gas,5.177275838466803,0.29339357581653736,0.5682916885413
Gas,5.1827515400410675,0.2940682818440601,0.5682916885413
Gas,5.190965092402464,0.2940682818440601,0.5689663945688227
Gas,5.201916495550993,0.2940682818440601,0.5696411005963454
Gas,5.212867898699521,0.2940682818440601,0.5703158066238682
Gas,5.223819301848049,0.2940682818440601,0.5709905126513909
Gas,5.232032854209446,0.2940682818440601,0.5709905126513909
Gas,5.23750855578371,0.2947463783541332,0.5709905126513909
Gas,5.242984257357974,0.2954244748642063,0.5709905126513909
Gas,5.245722108145106,0.2961025713742794,0.5709905126513909
Gas,5.25119780971937,0.2961025713742794,0.5709905126513909
Gas,5.2676249144421625,0.29678765857002337,0.5709905126513909
Gas,5.281314168377824,0.2974727457657673,0.5709905126513909
Gas,5.286789869952088,0.29815783296151127,0.5709905126513909
Gas,5.295003422313484,0.2988429201572552,0.5709905126513909
Gas,5.300479123887748,0.2988429201572552,0.5716755998471349
Gas,5.338809034907597,0.2988429201572552,0.5723606870428789
Gas,5.344284736481861,0.29952800735299917,0.5723606870428789
Gas,5.3552361396303905,0.29952800735299917,0.5730457742386229
Gas,5.363449691991787,0.29952800735299917,0.5730457742386229
Gas,5.371663244353183,0.29952800735299917,0.5737345646083979
Gas,5.4072553045859,0.29952800735299917,0.5737345646083979
Gas,5.412731006160164,0.29952800735299917,0.574427118859975
Gas,5.423682409308693,0.29952800735299917,0.5758122273631291
Gas,5.429158110882957,0.3002205616045762,0.5758122273631291
Gas,5.4428473648186175,0.3002205616045762,0.5765047816147062
Gas,5.451060917180014,0.3002205616045762,0.5771973358662833
Gas,5.45927446954141,0.30091311585615327,0.5771973358662833
Gas,5.475701574264202,0.3016056701077303,0.5771973358662833
Gas,5.4811772758384665,0.30229822435930737,0.5771973358662833
Gas,5.503080082135524,0.3029907786108844,0.5771973358662833
Gas,5.514031485284052,0.30368333286246146,0.5771973358662833
Gas,5.516769336071184,0.30368333286246146,0.5771973358662833
Gas,5.519507186858316,0.30368333286246146,0.5771973358662833
Gas,5.535934291581109,0.3057854387084248,0.5771973358662833
Gas,5.541409993155373,0.3057854387084248,0.5778980378149378
Gas,5.544147843942505,0.30718684260573365,0.5778980378149378
Gas,5.546885694729637,0.3078875445543881,0.5778980378149378
Gas,5.557837097878165,0.3078875445543881,0.5785987397635922
Gas,5.607118412046543,0.3078875445543881,0.5792994417122467
Gas,5.650924024640657,0.3078875445543881,0.5800001436609011
Gas,5.66735112936345,0.30858824650304256,0.5800001436609011
Gas,5.670088980150582,0.30858824650304256,0.5800001436609011
Gas,5.672826830937714,0.30858824650304256,0.5800001436609011
Gas,5.675564681724846,0.30858824650304256,0.5800001436609011
Gas,5.691991786447638,0.30858824650304256,0.5800001436609011
Gas,5.711156741957564,0.30858824650304256,0.5800001436609011
Gas,5.735797399041752,0.30858824650304256,0.580728324117346
Gas,5.765913757700205,0.30858824650304256,0.580728324117346
Gas,5.782340862422998,0.30932124934661615,0.580728324117346
Gas,5.798767967145791,0.3100542521901897,0.580728324117346
Gas,5.842573579739904,0.3107872550337633,0.580728324117346
Gas,5.867214236824093,0.3115202578773369,0.580728324117346
Gas,5.880903490759754,0.3122532607209105,0.580728324117346
Gas,5.905544147843942,0.31298626356448406,0.580728324117346
Gas,5.919233401779603,0.31371926640805764,0.580728324117346
Gas,5.921971252566735,0.3144522692516312,0.580728324117346
Gas,5.943874058863792,0.3144522692516312,0.5814613269609196
Gas,5.960301163586585,0.3144522692516312,0.5821943298044931
Gas,5.976728268309377,0.3151852720952048,0.5821943298044931
Gas,6.020533880903491,0.3151852720952048,0.5829273326480667
Gas,6.039698836413415,0.3151852720952048,0.5836603354916403
Gas,6.099931553730322,0.3159182749387784,0.5836603354916403
Gas,6.12457221081451,0.3159182749387784,0.5843933383352139
Gas,6.250513347022587,0.3159182749387784,0.5843933383352139
Gas,6.26694045174538,0.3166622181233008,0.5843933383352139
Gas,6.28062970568104,0.3166622181233008,0.5851372815197363
Gas,6.286105407255304,0.3166622181233008,0.5851372815197363
Gas,6.297056810403833,0.3174176065875851,0.5851372815197363
Gas,6.33264887063655,0.3181729950518694,0.5851372815197363
Gas,6.346338124572211,0.3181729950518694,0.5858926699840207
Gas,6.351813826146475,0.3189283835161537,0.5858926699840207
Gas,6.3709787816564,0.319683771980438,0.5858926699840207
Gas,6.373716632443532,0.3204391604447223,0.5858926699840207
Gas,6.3874058863791925,0.3211945489090066,0.5858926699840207
Gas,6.436687200547571,0.3211945489090066,0.5858926699840207
Gas,6.450376454483231,0.3219561290820146,0.5858926699840207
Gas,6.4722792607802875,0.3219561290820146,0.5866542501570287
Gas,6.480492813141684,0.3227177092550226,0.5874158303300366
Gas,6.499657768651608,0.3227177092550226,0.5881774105030446
Gas,6.507871321013004,0.32347928942803056,0.5881774105030446
Gas,6.529774127310062,0.32347928942803056,0.5889389906760526
Gas,6.551676933607118,0.32347928942803056,0.5897005708490606
Gas,6.5571526351813825,0.32424086960103854,0.5897005708490606
Gas,6.5598904859685145,0.3250024497740465,0.5897005708490606
Gas,6.562628336755647,0.3250024497740465,0.5904621510220686
Gas,6.620123203285421,0.3265256101200624,0.5904621510220686
Gas,6.628336755646817,0.3272871902930704,0.5904621510220686
Gas,6.666666666666667,0.3280487704660784,0.5904621510220686
Gas,6.674880219028063,0.3280487704660784,0.5904621510220686
Gas,6.6885694729637235,0.3280487704660784,0.5904621510220686
Gas,6.691307323750856,0.3280487704660784,0.5904621510220686
Gas,6.707734428473648,0.3280487704660784,0.5920599760909284
Gas,6.7323750855578375,0.3288476830005083,0.5928588886253583
Gas,6.7351129363449695,0.32964659553493825,0.5928588886253583
Gas,6.751540041067762,0.32964659553493825,0.5936578011597882
Gas,6.754277891854894,0.3304455080693682,0.5936578011597882
Gas,6.757015742642026,0.33204333313822804,0.5936578011597882
Gas,6.798083504449007,0.33284224567265797,0.5936578011597882
Gas,6.822724161533197,0.33284224567265797,0.594456713694218
Gas,6.855578370978781,0.3336411582070879,0.594456713694218
Gas,6.921286789869952,0.3336411582070879,0.5952556262286479
Gas,6.9486652977412735,0.3336411582070879,0.5960545387630778
Gas,6.995208761122519,0.3344400707415178,0.5960545387630778
Gas,7.006160164271047,0.3344400707415178,0.5968534512975077
Gas,7.011635865845311,0.33523898327594776,0.5968534512975077
Gas,7.017111567419575,0.3360378958103777,0.5968534512975077
Gas,7.143052703627652,0.3360378958103777,0.5976523638319375
Gas,7.255304585900069,0.3368368083448076,0.5976523638319375
Gas,7.304585900068446,0.3368368083448076,0.5976523638319375
Gas,7.315537303216975,0.3376556936925983,0.5976523638319375
Gas,7.318275154004107,0.3376556936925983,0.5976523638319375
Gas,7.403148528405202,0.33848507757048885,0.5976523638319375
Gas,7.553730321697468,0.33848507757048885,0.5984817477098281
Gas,7.567419575633128,0.33848507757048885,0.5984817477098281
Gas,7.600273785078714,0.3393255199000846,0.5984817477098281
Gas,7.603011635865846,0.3401659622296803,0.5984817477098281
Gas,7.627652292950034,0.34100640455927606,0.5984817477098281
Gas,7.6331279945242985,0.34100640455927606,0.5993221900394239
Gas,7.753593429158111,0.34100640455927606,0.5993221900394239
Gas,7.816563997262149,0.34100640455927606,0.5993221900394239
Gas,7.871321013004791,0.34100640455927606,0.60019971070709
Gas,7.874058863791923,0.3418839252269422,0.60019971070709
Gas,7.8904859685147155,0.3418839252269422,0.6010772313747561
Gas,7.923340177960301,0.3418839252269422,0.6019547520424222
Gas,7.956194387405886,0.3427614458946084,0.6019547520424222
Gas,7.972621492128679,0.34363896656227455,0.6019547520424222
Gas,7.975359342915811,0.34363896656227455,0.6028322727100883
Gas,7.994524298425736,0.34363896656227455,0.6037097933777544
Gas,8.008213552361397,0.34363896656227455,0.6045873140454205
Gas,8.013689253935661,0.3445164872299407,0.6045873140454205
Gas,8.016427104722792,0.3453940078976069,0.6045873140454205
Gas,8.030116358658454,0.34627152856527305,0.6045873140454205
Gas,8.049281314168377,0.3471490492329392,0.6045873140454205
Gas,8.145106091718,0.3480265699006054,0.6045873140454205
Gas,8.24914442162902,0.3497816112359377,0.6045873140454205
Gas,8.268309377138946,0.3497816112359377,0.6054648347130867
Gas,8.276522929500342,0.3497816112359377,0.6063423553807528
Gas,8.375085557837098,0.3497816112359377,0.6072198760484189
Gas,8.402464065708418,0.35065913190360387,0.6072198760484189
Gas,8.424366872005475,0.35065913190360387,0.6072198760484189
Gas,8.462696783025326,0.35065913190360387,0.6081160673685886
Gas,8.46817248459959,0.35065913190360387,0.6090122586887583
Gas,8.517453798767967,0.3515553232237736,0.6090122586887583
Gas,8.542094455852157,0.3515553232237736,0.6090122586887583
Gas,8.54757015742642,0.3524723562025519,0.6090122586887583
Gas,8.605065023956195,0.3533893891813302,0.6090122586887583
Gas,8.684462696783026,0.35430642216010855,0.6090122586887583
Gas,8.722792607802875,0.35430642216010855,0.6099292916675366
Gas,8.739219712525667,0.35430642216010855,0.6108463246463149
Gas,8.83504449007529,0.35430642216010855,0.6117633576250933
Gas,8.92539356605065,0.35522345513888687,0.6117633576250933
Gas,8.941820670773442,0.35522345513888687,0.6126803906038716
Gas,9.08145106091718,0.3561404881176652,0.6126803906038716
Gas,9.14715947980835,0.3561404881176652,0.6135974235826499
Gas,9.305954825462011,0.3561404881176652,0.6135974235826499
Gas,9.352498288843258,0.3561404881176652,0.614543113842015
Gas,9.39356605065024,0.3570861783770303,0.614543113842015
Gas,9.653661875427789,0.3570861783770303,0.614543113842015
Gas,9.681040383299111,0.3570861783770303,0.614543113842015
Gas,9.69199178644764,0.3570861783770303,0.6155563534056204
Gas,9.919233401779604,0.3580994179406358,0.6165695929692259
Gas,10.124572210814511,0.3580994179406358,0.6165695929692259
Gas,10.193018480492814,0.3580994179406358,0.6165695929692259
Gas,10.220396988364135,0.3580994179406358,0.6165695929692259
Gas,10.250513347022586,0.3580994179406358,0.6165695929692259
Gas,10.431211498973306,0.3580994179406358,0.6178361424237327
Gas,10.67214236824093,0.3580994179406358,0.6178361424237327
Gas,10.757015742642025,0.3580994179406358,0.6178361424237327
Gas,10.798083504449007,0.35951497321331993,0.6178361424237327
Gas,10.811772758384668,0.35951497321331993,0.6192516976964169
Gas,10.872005475701574,0.35951497321331993,0.6192516976964169
Gas,10.959616700889802,0.35951497321331993,0.620768364060007
Gas,11.351129363449692,0.35951497321331993,0.620768364060007
Gas,11.619438740588638,0.35951497321331993,0.620768364060007
Gas,11.652292950034223,0.35951497321331993,0.62256078794425
Gas,11.794661190965092,0.35951497321331993,0.62256078794425
Gas,11.887748117727584,0.35951497321331993,0.62256078794425
Gas,12.09034907597536,0.36175550306862353,0.62256078794425
Gas,12.19712525667351,0.3639960329239271,0.62256078794425
Gas,12.758384668035593,0.3662365627792307,0.62256078794425
Gas,13.1854893908282,0.3662365627792307,0.6248013177995536
Gas,13.4072553045859,0.3662365627792307,0.6270418476548573
Gas,13.593429158110883,0.3662365627792307,0.6292823775101609
Gas,17.590691307323752,0.3662365627792307,0.6292823775101609
Gas,21.530458590006845,0.3662365627792307,0.6337634372207681
Other,0.008213552361396304,0.0,0.0008576329331046312
Other,0.01642710472279261,0.0,0.004288164665523156
Other,0.02190280629705681,0.0,0.004288164665523156
Other,0.03285420944558522,0.0,0.005146536937363223
Other,0.03559206023271732,0.0,0.006004909209203289
Other,0.04654346338124572,0.0,0.006863281481043356
Other,0.05201916495550993,0.0,0.0077216537528834225
Other,0.05475701574264202,0.0,0.008580026024723488
Other,0.057494866529774126,0.0,0.011155142840243687
Other,0.06023271731690623,0.0,0.012871887383923818
Other,0.06570841889117043,0.0,0.013730259655763884
Other,0.08487337440109514,0.0,0.01630537647128408
Other,0.08761122518822724,0.0,0.01716374874312415
Other,0.09308692676249145,0.0,0.018022121014964216
Other,0.09582477754962354,0.0,0.020597237830484415
Other,0.09856262833675565,0.0,0.021455610102324482
Other,0.10130047912388775,0.000858372271840066,0.021455610102324482
Other,0.11498973305954825,0.000858372271840066,0.023172354646004614
Other,0.12594113620807665,0.000858372271840066,0.02403072691784468
Other,0.12867898699520877,0.001716744543680132,0.02488909918968475
Other,0.13415468856947296,0.001716744543680132,0.025747471461524816
Other,0.15331964407939766,0.001716744543680132,0.027464216005204947
Other,0.15605749486652978,0.001716744543680132,0.028322588277045015
Other,0.15879534565366188,0.001716744543680132,0.030040853409337796
Other,0.16153319644079397,0.001716744543680132,0.03175911854163058
Other,0.1697467488021903,0.006871539940558474,0.03261825110777697
Other,0.17248459958932238,0.006871539940558474,0.034336516240069746
Other,0.1806981519507187,0.006871539940558474,0.03519564880621614
Other,0.1861738535249829,0.006871539940558474,0.036913913938508916
Other,0.19164955509924708,0.007730672506704865,0.03777304650465531
Other,0.1971252566735113,0.007730672506704865,0.0386321790708017
Other,0.1998631074606434,0.008589805072851255,0.0386321790708017
Other,0.2053388090349076,0.009448937638997646,0.0386321790708017
Other,0.2108145106091718,0.009448937638997646,0.04035044420309448
Other,0.2135523613963039,0.009448937638997646,0.04292784190153365
Other,0.2190280629705681,0.009448937638997646,0.04378697446768004
Other,0.24093086926762491,0.009448937638997646,0.04464610703382643
Other,0.2464065708418891,0.009448937638997646,0.045505239599972824
Other,0.24914442162902123,0.009448937638997646,0.04636515390639778
Other,0.2518822724161533,0.009448937638997646,0.04636515390639778
Other,0.25735797399041754,0.010309635823550612,0.047225852090950746
Other,0.2600958247775496,0.010309635823550612,0.04894724846005668
Other,0.26283367556468173,0.010309635823550612,0.05066864482916261
Other,0.2655715263518138,0.010309635823550612,0.051529343013715576
Other,0.27104722792607805,0.010309635823550612,0.05239004119826854
Other,0.2737850787132101,0.010309635823550612,0.05411143756737447
Other,0.27652292950034224,0.010309635823550612,0.055832833936480405
Other,0.2792607802874743,0.010309635823550612,0.05755423030558634
Other,0.28199863107460643,0.010309635823550612,0.0584149284901393
Other,0.28473648186173856,0.011170334008103579,0.0584149284901393
Other,0.2929500342231348,0.011170334008103579,0.059275626674692265
Other,0.29568788501026694,0.011170334008103579,0.0609970230437982
Other,0.29842573579739906,0.011170334008103579,0.06271841941290413
Other,0.31759069130732376,0.011170334008103579,0.06357911759745709
Other,0.32306639288158795,0.011170334008103579,0.06530051396656301
Other,0.3258042436687201,0.011170334008103579,0.06616121215111598
Other,0.32854209445585214,0.011170334008103579,0.0678826085202219
Other,0.33401779603011633,0.012031032192656546,0.0678826085202219
Other,0.33675564681724846,0.012031032192656546,0.06874330670477487
Other,0.3394934976043806,0.012031032192656546,0.0704647030738808
Other,0.35044490075290896,0.012891730377209512,0.07132540125843376
Other,0.3531827515400411,0.012891730377209512,0.07218609944298672
Other,0.3613963039014374,0.012891730377209512,0.07304679762753968
Other,0.3750855578370979,0.013752428561762479,0.07390749581209265
Other,0.37782340862423,0.014613126746315446,0.07476819399664561
Other,0.3805612594113621,0.014613126746315446,0.07735028855030451
Other,0.38329911019849416,0.014613126746315446,0.07993238310396342
Other,0.3860369609856263,0.015473824930868412,0.07993238310396342
Other,0.39698836413415467,0.015473824930868412,0.08165377947306934
Other,0.3997262149212868,0.015473824930868412,0.0825144776576223
Other,0.4024640657084189,0.015473824930868412,0.08337517584217527
Other,0.4106776180698152,0.015473824930868412,0.0850965722112812
Other,0.4161533196440794,0.015473824930868412,0.08681796858038712
Other,0.4188911704312115,0.015473824930868412,0.08681796858038712
Other,0.4216290212183436,0.01633534912135665,0.08767949277087536
Other,0.4243668720054757,0.01633534912135665,0.0885410169613636
Other,0.42984257357973993,0.01633534912135665,0.08940254115185184
Other,0.4380561259411362,0.01633534912135665,0.09026406534234008
Other,0.4407939767282683,0.01633534912135665,0.09112558953282832
Other,0.44353182751540043,0.01633534912135665,0.0928486379138048
Other,0.4490075290896646,0.017196873311844888,0.0928486379138048
Other,0.4544832306639288,0.018058397502333127,0.0928486379138048
Other,0.45722108145106094,0.018058397502333127,0.09457168629478127
Other,0.459958932238193,0.018058397502333127,0.09629473467575775
Other,0.4654346338124572,0.018919921692821366,0.09629473467575775
Other,0.47091033538672145,0.019781445883309604,0.09801778305673423
Other,0.4736481861738535,0.020642970073797843,0.09887930724722246
Other,0.4791238877481177,0.020642970073797843,0.0997408314377107
Other,0.48186173853524983,0.020642970073797843,0.10146387981868718
Other,0.48459958932238195,0.020642970073797843,0.10318692819966366
Other,0.4928131416837782,0.021505342221166485,0.1040493003470323
Other,0.49555099247091033,0.022367714368535123,0.10663641678913822
Other,0.49828884325804246,0.022367714368535123,0.10749878893650687
Other,0.5010266940451745,0.022367714368535123,0.10836116108387552
Other,0.5119780971937029,0.022367714368535123,0.10922353323124416
Other,0.5174537987679672,0.022367714368535123,0.11094827752598144
Other,0.5201916495550992,0.022367714368535123,0.11094827752598144
Other,0.5229295003422314,0.022367714368535123,0.11526443294483345
Other,0.5256673511293635,0.023230945452305526,0.11526443294483345
Other,0.5338809034907598,0.023230945452305526,0.11612766402860385
Other,0.5366187542778919,0.02409417653607593,0.11612766402860385
Other,0.5420944558521561,0.02409417653607593,0.11699089511237425
Other,0.5448323066392882,0.02409417653607593,0.11785412619614465
Other,0.5503080082135524,0.02409417653607593,0.11958058836368544
Other,0.5585215605749486,0.02409417653607593,0.12044381944745584
Other,0.5612594113620808,0.02495740761984633,0.12044381944745584
Other,0.5722108145106092,0.02495740761984633,0.12217028161499664
Other,0.5749486652977412,0.02495740761984633,0.12303351269876704
Other,0.5776865160848734,0.02495740761984633,0.12475997486630784
Other,0.5804243668720055,0.02495740761984633,0.12562320595007825
Other,0.5859000684462696,0.02495740761984633,0.13080259245270065
Other,0.5913757700205339,0.02495740761984633,0.13166582353647105
Other,0.5968514715947981,0.02495740761984633,0.13252905462024145
Other,0.6078028747433265,0.02495740761984633,0.13339228570401185
Other,0.6242299794661191,0.02495740761984633,0.13511874787155265
Other,0.6406570841889117,0.02495740761984633,0.13684521003909345
Other,0.648870636550308,0.026683869787387134,0.13684521003909345
Other,0.6625598904859685,0.027547100871157536,0.13684521003909345
Other,0.6680355920602327,0.027547100871157536,0.13770844112286384
Other,0.6707734428473648,0.02927356303869834,0.13770844112286384
Other,0.6789869952087612,0.03013679412246874,0.13770844112286384
Other,0.6872005475701575,0.03013679412246874,0.13857167220663424
Other,0.6899383983572895,0.03013679412246874,0.13943490329040464
Other,0.6926762491444216,0.03013679412246874,0.14029813437417504
Other,0.6954140999315537,0.031863256290009544,0.14029813437417504
Other,0.6981519507186859,0.03358971845755035,0.14116136545794544
Other,0.7008898015058179,0.03445294954132075,0.14116136545794544
Other,0.70362765229295,0.03445294954132075,0.14202459654171584
Other,0.7091033538672142,0.037042642792631954,0.14288782762548624
Other,0.7118412046543463,0.037042642792631954,0.14375105870925664
Other,0.7173169062286106,0.037042642792631954,0.14461428979302704
Other,0.7227926078028748,0.037042642792631954,0.14547752087679744
Other,0.7255304585900069,0.037042642792631954,0.14547752087679744
Other,0.731006160164271,0.037042642792631954,0.1463416644669989
Other,0.7337440109514032,0.037042642792631954,0.14720580805720035
Other,0.7364818617385352,0.037042642792631954,0.1480699516474018
Other,0.7392197125256673,0.037042642792631954,0.14893409523760326
Other,0.7419575633127995,0.037042642792631954,0.1515265260082076
Other,0.7446954140999316,0.037042642792631954,0.15239066959840905
Other,0.7529089664613279,0.03877092997303485,0.1532548131886105
Other,0.75564681724846,0.03877092997303485,0.15498310036901342
Other,0.758384668035592,0.03877092997303485,0.15584724395921487
Other,0.7611225188227242,0.03877092997303485,0.15757553113961778
Other,0.7638603696098563,0.03877092997303485,0.1593038183200207
Other,0.7665982203969883,0.04568407869464644,0.1593038183200207
Other,0.7693360711841205,0.04654822228484789,0.16016796191022215
Other,0.7720739219712526,0.047412365875049337,0.1610321055004236
Other,0.7748117727583846,0.048276509465250785,0.1610321055004236
Other,0.783025325119781,0.048276509465250785,0.16189624909062506
Other,0.7885010266940452,0.048276509465250785,0.16362453627102796
Other,0.7912388774811773,0.04914065305545223,0.16362453627102796
Other,0.7967145790554415,0.05000479664565368,0.16362453627102796
Other,0.7994524298425736,0.05086894023585513,0.16448867986122942
Other,0.8021902806297057,0.05086894023585513,0.16535282345143087
Other,0.8049281314168378,0.05086894023585513,0.16535282345143087
Other,0.8076659822039699,0.05086894023585513,0.16708301823357816
Other,0.813141683778234,0.05173403762692876,0.16708301823357816
Other,0.8158795345653662,0.052599135018002396,0.16794811562465178
Other,0.8240930869267625,0.052599135018002396,0.1731386999710936
Other,0.8268309377138946,0.052599135018002396,0.17400379736216723
Other,0.8323066392881588,0.05346423240907603,0.17400379736216723
Other,0.8350444900752909,0.05346423240907603,0.17400379736216723
Other,0.837782340862423,0.05346423240907603,0.17400379736216723
Other,0.8432580424366872,0.0543371498895605,0.17400379736216723
Other,0.8487337440109514,0.055210067370044975,0.17574963232313617
Other,0.8514715947980835,0.055210067370044975,0.17924130224507406
Other,0.8542094455852156,0.055210067370044975,0.18011421972555852
Other,0.8569472963723477,0.055210067370044975,0.18098713720604298
Other,0.8596851471594799,0.056083983611948766,0.18098713720604298
Other,0.8624229979466119,0.056083983611948766,0.18273496968985056
Other,0.865160848733744,0.056083983611948766,0.18360989043318182
Other,0.8678986995208761,0.056083983611948766,0.18536174786625756
Other,0.8706365503080082,0.056959912328486635,0.1871136052993333
Other,0.8733744010951403,0.056959912328486635,0.18798953401587115
Other,0.8761122518822724,0.057835841045024504,0.1897413914489469
Other,0.8788501026694046,0.057835841045024504,0.19061732016548474
Other,0.8843258042436687,0.057835841045024504,0.1914932488820226
Other,0.8870636550308009,0.057835841045024504,0.1941210350316362
Other,0.8898015058179329,0.057835841045024504,0.19499696374817405
Other,0.892539356605065,0.057835841045024504,0.1958728924647119
Other,0.8980150581793293,0.05871176976156237,0.19674882118124976
Other,0.9007529089664613,0.05871176976156237,0.19937660733086335
Other,0.9034907597535934,0.05871176976156237,0.2002525360474012
Other,0.9062286105407256,0.05871176976156237,0.20200439348047694
Other,0.9089664613278576,0.05871176976156237,0.2028803221970148
Other,0.9117043121149897,0.05871176976156237,0.20375625091355265
Other,0.9144421629021219,0.05871176976156237,0.20375625091355265
Other,0.919917864476386,0.059588740010462354,0.20375625091355265
Other,0.9226557152635181,0.060465710259362336,0.20375625091355265
Other,0.9253935660506503,0.060465710259362336,0.2046353166708132
Other,0.9308692676249144,0.061344776016622894,0.2046353166708132
Other,0.9336071184120466,0.061344776016622894,0.2063934481853343
Other,0.9363449691991786,0.061344776016622894,0.20903064545711597
Other,0.9390828199863107,0.061344776016622894,0.20990971121437652
Other,0.9418206707734429,0.06222384177388345,0.21166784272889763
Other,0.9500342231348392,0.06222384177388345,0.21254690848615818
Other,0.9527720739219713,0.06222384177388345,0.2143050400006793
Other,0.9555099247091033,0.063102907531144,0.2143050400006793
Other,0.9609856262833676,0.063102907531144,0.21518410575793984
Other,0.9637234770704997,0.063102907531144,0.21518410575793984
Other,0.9664613278576317,0.063102907531144,0.21694438133528354
Other,0.9691991786447639,0.063102907531144,0.2178245191239554
Other,0.971937029431896,0.063102907531144,0.2195847947012991
Other,0.9774127310061602,0.063102907531144,0.22046493248997096
Other,0.9801505817932923,0.063102907531144,0.22310534585598651
Other,0.9828884325804244,0.063102907531144,0.22574901899158972
Other,0.9856262833675564,0.06398413190967842,0.22663024337012413
Other,0.9883641341546886,0.06486535628821283,0.22839269212719296
Other,0.9911019849418207,0.06486535628821283,0.22927391650572737
Other,0.9938398357289527,0.06574658066674724,0.2310363652627962
Other,0.9965776865160849,0.06574658066674724,0.2336800383983994
Other,0.999315537303217,0.06574658066674724,0.23456126277693382
Other,1.0047912388774811,0.06574658066674724,0.23720493591253702
Other,1.0184804928131417,0.06574658066674724,0.23720493591253702
Other,1.0239561943874058,0.06574658066674724,0.2389696156173996
Other,1.0266940451745379,0.06574658066674724,0.24161663517469345
Other,1.0294318959616702,0.06662892051917853,0.24161663517469345
Other,1.0321697467488022,0.06662892051917853,0.24249897502712472
Other,1.0376454483230664,0.06662892051917853,0.243381314879556
Other,1.0403832991101984,0.06662892051917853,0.243381314879556
Other,1.0458590006844628,0.06662892051917853,0.2442647844885205
Other,1.051334702258727,0.06751239012814302,0.2442647844885205
Other,1.0595482546201231,0.06751239012814302,0.24514825409748497
Other,1.0622861054072552,0.0683958597371075,0.24514825409748497
Other,1.0650239561943875,0.0683958597371075,0.24603172370644946
Other,1.0677618069815196,0.0683958597371075,0.24779866292437844
Other,1.0732375085557837,0.0683958597371075,0.24868213253334293
Other,1.08145106091718,0.0683958597371075,0.2522160109692009
Other,1.0841889117043122,0.06927932934607199,0.2530994805781654
Other,1.0869267624914443,0.07016279895503648,0.2530994805781654
Other,1.0896646132785763,0.07104626856400097,0.2539829501871299
Other,1.1006160164271048,0.07192973817296545,0.2539829501871299
Other,1.103353867214237,0.07281320778192994,0.2557498894050589
Other,1.106091718001369,0.07369667739089443,0.2566333590140234
Other,1.108829568788501,0.07369667739089443,0.2575168286229879
Other,1.1143052703627652,0.07369667739089443,0.25840029823195243
Other,1.1170431211498972,0.07369667739089443,0.2601672374498814
Other,1.1197809719370295,0.07369667739089443,0.26281764627677484
Other,1.1225188227241616,0.07369667739089443,0.2637011158857393
Other,1.1252566735112937,0.07369667739089443,0.2637011158857393
Other,1.1279945242984257,0.07369667739089443,0.264585765026892
Other,1.1307323750855578,0.07369667739089443,0.26547041416804473
Other,1.1444216290212184,0.07369667739089443,0.26635506330919745
Other,1.1553730321697468,0.07458132653204712,0.26635506330919745
Other,1.1663244353182751,0.0754659756731998,0.26635506330919745
Other,1.1882272416153319,0.0763506248143525,0.26635506330919745
Other,1.1909650924024642,0.07723527395550518,0.26635506330919745
Other,1.1991786447638604,0.07723527395550518,0.26723971245035016
Other,1.2019164955509924,0.07723527395550518,0.2681243615915029
Other,1.2046543463381245,0.07723527395550518,0.2690090107326556
Other,1.2101300479123889,0.07811992309665787,0.2690090107326556
Other,1.2238193018480492,0.07900457223781056,0.2690090107326556
Other,1.2265571526351813,0.07900457223781056,0.27077830901496097
Other,1.2320328542094456,0.07988922137896325,0.2716629581561137
Other,1.2457221081451062,0.07988922137896325,0.2716629581561137
Other,1.2511978097193703,0.08077750606453163,0.2725512428416821
Other,1.2539356605065024,0.08166579075010001,0.2725512428416821
Other,1.2621492128678986,0.08166579075010001,0.2734395275272505
Other,1.264887063655031,0.0825540754356684,0.2734395275272505
Other,1.267624914442163,0.0825540754356684,0.2743278122128189
Other,1.270362765229295,0.08344236012123678,0.2743278122128189
Other,1.2758384668035592,0.08433064480680516,0.27610438158395567
Other,1.2813141683778233,0.08521892949237354,0.27610438158395567
Other,1.2840520191649556,0.08521892949237354,0.27699266626952407
Other,1.3004791238877482,0.08521892949237354,0.27876923564066086
Other,1.3032169746748803,0.08610721417794193,0.28054580501179766
Other,1.3059548254620124,0.08610721417794193,0.28232237438293445
Other,1.3086926762491444,0.08699549886351031,0.28232237438293445
Other,1.3114305270362765,0.08699549886351031,0.28321065906850285
Other,1.3169062286105406,0.08699549886351031,0.28321065906850285
Other,1.325119780971937,0.08788503818846509,0.28321065906850285
Other,1.3360711841204653,0.08788503818846509,0.2858792770433672
Other,1.3415468856947297,0.08788503818846509,0.28676881636832197
Other,1.3442847364818618,0.08877584466345542,0.28676881636832197
Other,1.3470225872689938,0.08966665113844575,0.28676881636832197
Other,1.3497604380561259,0.09055745761343609,0.28676881636832197
Other,1.352498288843258,0.09144826408842642,0.28676881636832197
Other,1.3552361396303902,0.09233907056341675,0.28676881636832197
Other,1.3661875427789185,0.09233907056341675,0.2876596228433123
Other,1.374401095140315,0.09233907056341675,0.28855042931830266
Other,1.377138945927447,0.09233907056341675,0.28855042931830266
Other,1.379876796714579,0.09323116062122408,0.28855042931830266
Other,1.3826146475017111,0.0941232506790314,0.28855042931830266
Other,1.3880903490759753,0.09501534073683873,0.28855042931830266
Other,1.3908281998631074,0.09590743079464606,0.28855042931830266
Other,1.3963039014373717,0.09590743079464606,0.28944251937611
Other,1.3990417522245038,0.09590743079464606,0.29122669949172464
Other,1.4017796030116358,0.0976916109102607,0.29122669949172464
Other,1.404517453798768,0.0976916109102607,0.29211878954953197
Other,1.4099931553730323,0.09858370096806802,0.2939029696651466
Other,1.4154688569472964,0.09858370096806802,0.2939029696651466
Other,1.4182067077344285,0.09858370096806802,0.29568977357504894
Other,1.4236824093086926,0.10037050487797033,0.29568977357504894
Other,1.4264202600958247,0.1012639068329215,0.29568977357504894
Other,1.429158110882957,0.1012639068329215,0.2965831755300001
Other,1.431895961670089,0.1012639068329215,0.2965831755300001
Other,1.4373716632443532,0.10215863627963336,0.2965831755300001
Other,1.4401095140314852,0.10215863627963336,0.29747790497671195
Other,1.4428473648186173,0.10305336572634521,0.29747790497671195
Other,1.4455852156057496,0.10305336572634521,0.2983726344234238
Other,1.4510609171800137,0.10305336572634521,0.2983726344234238
Other,1.4565366187542779,0.10394943458839646,0.2983726344234238
Other,1.45927446954141,0.10394943458839646,0.29926870328547506
Other,1.462012320328542,0.10484550345044771,0.3001647721475263
Other,1.4674880219028064,0.10574292384924414,0.3010621925463227
Other,1.4702258726899384,0.10664034424804056,0.30285703334391556
Other,1.4784394250513346,0.10664034424804056,0.3046546060148685
Other,1.5003422313483916,0.10664034424804056,0.3055547666413778
Other,1.5030800821355237,0.10664034424804056,0.3073578491233121
Other,1.5058179329226558,0.10664034424804056,0.30825939036427924
Other,1.51129363449692,0.10754188548900771,0.30825939036427924
Other,1.516769336071184,0.10754188548900771,0.3091609316052464
Other,1.5195071868583163,0.10754188548900771,0.3091609316052464
Other,1.5249828884325805,0.10754188548900771,0.3118697420521771
Other,1.5277207392197125,0.10934775912029485,0.3127726788678207
Other,1.5359342915811087,0.10934775912029485,0.31367561568346425
Other,1.538672142368241,0.11025069593593842,0.31367561568346425
Other,1.5468856947296372,0.11025069593593842,0.31367561568346425
Other,1.5496235455167693,0.11115505023480905,0.31548432428120554
Other,1.5523613963039014,0.11115505023480905,0.3172958902385009
Other,1.571526351813826,0.11115505023480905,0.3182016732171486
Other,1.5742642026009583,0.11115505023480905,0.3191074561957963
Other,1.5770020533880904,0.11115505023480905,0.3191074561957963
Other,1.5797399041752225,0.1129695008512721,0.3191074561957963
Other,1.5824777549623545,0.11387672615950362,0.3191074561957963
Other,1.5852156057494866,0.11387672615950362,0.3191074561957963
Other,1.5879534565366187,0.11478540535444705,0.3191074561957963
Other,1.593429158110883,0.11478540535444705,0.3191074561957963
Other,1.596167008898015,0.11569554544841772,0.3191074561957963
Other,1.6016427104722792,0.11660568554238838,0.3191074561957963
Other,1.6071184120465434,0.11751582563635905,0.3191074561957963
Other,1.6098562628336757,0.11751582563635905,0.3209277363837376
Other,1.6125941136208077,0.11751582563635905,0.3218378764777083
Other,1.6153319644079398,0.11751582563635905,0.3218378764777083
Other,1.6180698151950719,0.11751582563635905,0.32274949647427076
Other,1.620807665982204,0.11933906562948404,0.32274949647427076
Other,1.623545516769336,0.12025068562604653,0.32366111647083323
Other,1.626283367556468,0.12025068562604653,0.32366111647083323
Other,1.6290212183436004,0.12025068562604653,0.3282267010184779
Other,1.6317590691307324,0.12025068562604653,0.32913981792800684
Other,1.6344969199178645,0.12116380253557546,0.3300529348375358
Other,1.6563997262149213,0.12116380253557546,0.3309675736085806
Other,1.6591375770020533,0.12207844130662028,0.3309675736085806
Other,1.6646132785763177,0.1229930800776651,0.3318822123796254
Other,1.6673511293634498,0.12390771884870992,0.3318822123796254
Other,1.6700889801505818,0.12573699639079955,0.333711489921715
Other,1.672826830937714,0.12573699639079955,0.3346261286927598
Other,1.675564681724846,0.12573699639079955,0.3355407674638046
Other,1.6837782340862424,0.12573699639079955,0.33645540623484943
Other,1.6919917864476386,0.12665163516184436,0.33645540623484943
Other,1.6974674880219027,0.12665163516184436,0.33737004500589424
Other,1.702943189596167,0.12756627393288916,0.33737004500589424
Other,1.7084188911704312,0.12848247886621317,0.33737004500589424
Other,1.7111567419575633,0.12848247886621317,0.33737004500589424
Other,1.7193702943189597,0.12848247886621317,0.33737004500589424
Other,1.7248459958932238,0.12848247886621317,0.33829098893025267
Other,1.727583846680356,0.12848247886621317,0.33829098893025267
Other,1.7357973990417521,0.12848247886621317,0.3401360634361473
Other,1.7467488021902806,0.12848247886621317,0.3419811379420419
Other,1.757700205338809,0.12848247886621317,0.3419811379420419
Other,1.7604380561259412,0.12940986307495528,0.3419811379420419
Other,1.782340862422998,0.12940986307495528,0.3447632905682682
Other,1.7960301163586585,0.12940986307495528,0.34569231326501165
Other,1.8015058179329226,0.12940986307495528,0.3466213359617551
Other,1.809719370294319,0.1303388857716987,0.3466213359617551
Other,1.8179329226557153,0.1303388857716987,0.34755035865849854
Other,1.8206707734428473,0.1312679084684421,0.34755035865849854
Other,1.8288843258042438,0.1312679084684421,0.348479381355242
Other,1.834360027378508,0.1312679084684421,0.348479381355242
Other,1.83709787816564,0.13219859310203122,0.348479381355242
Other,1.839835728952772,0.13219859310203122,0.3494100659888311
Other,1.842573579739904,0.13219859310203122,0.3494100659888311
Other,1.8507871321013005,0.13313263155411975,0.3494100659888311
Other,1.8617385352498288,0.13313263155411975,0.3503441044409197
Other,1.8672142368240932,0.13313263155411975,0.3559483351534509
Other,1.8726899383983573,0.13406667000620828,0.3559483351534509
Other,1.8781656399726214,0.13406667000620828,0.3568823736055395
Other,1.8809034907597535,0.13593474691038535,0.3568823736055395
Other,1.88911704312115,0.13593474691038535,0.35781641205762804
Other,1.8973305954825461,0.13686878536247388,0.3596844889618051
Other,1.9000684462696784,0.13686878536247388,0.36061852741389366
Other,1.9028062970568105,0.1378045631785328,0.3615543052299526
Other,1.9082819986310746,0.1378045631785328,0.3624900830460115
Other,1.9137577002053388,0.1387403409945917,0.3634258608620704
Other,1.919233401779603,0.1387403409945917,0.3643616386781293
Other,1.9301848049281314,0.1387403409945917,0.36529741649418823
Other,1.9329226557152634,0.13967611881065062,0.36529741649418823
Other,1.943874058863792,0.14061189662670953,0.36529741649418823
Other,1.9520876112251881,0.14248345225882736,0.36529741649418823
Other,1.9548254620123204,0.14341923007488627,0.36529741649418823
Other,1.9603011635865846,0.1443550078909452,0.36529741649418823
Other,1.9657768651608487,0.1443550078909452,0.36716897212630606
Other,1.9685147159479808,0.1452907857070041,0.36716897212630606
Other,1.9739904175222451,0.146226563523063,0.368104749942365
Other,1.9767282683093772,0.146226563523063,0.3690405277584239
Other,1.9794661190965093,0.14716234133912193,0.3690405277584239
Other,1.9822039698836413,0.14716234133912193,0.3699763055744828
Other,1.9849418206707734,0.14716234133912193,0.3709120833905417
Other,1.9904175222450375,0.14809811915518084,0.3709120833905417
Other,1.9931553730321698,0.14903389697123975,0.3709120833905417
Other,1.998631074606434,0.14996967478729867,0.3709120833905417
Other,2.004106776180698,0.15090545260335758,0.3709120833905417
Other,2.00684462696783,0.1518412304194165,0.3709120833905417
Other,2.026009582477755,0.1527770082354754,0.3709120833905417
Other,2.028747433264887,0.1527770082354754,0.3718478612066006
Other,2.0314852840520192,0.1527770082354754,0.3802698615511308
Other,2.0342231348391513,0.15371278605153432,0.3802698615511308
Other,2.0451745379876796,0.15464856386759324,0.3812056393671897
Other,2.0506502395619437,0.15558434168365215,0.3812056393671897
Other,2.0533880903490758,0.15745589731576998,0.3812056393671897
Other,2.0588637919233403,0.1583916751318289,0.3821414171832486
Other,2.0616016427104724,0.1583916751318289,0.38307719499930754
Other,2.0643394934976045,0.1583916751318289,0.38307719499930754
Other,2.0752908966461328,0.15932936660395336,0.384014886471432
Other,2.078028747433265,0.16026705807607783,0.3849525779435565
Other,2.080766598220397,0.16026705807607783,0.38589026941568094
Other,2.086242299794661,0.16026705807607783,0.3868279608878054
Other,2.088980150581793,0.1612047495482023,0.3868279608878054
Other,2.0917180013689256,0.1612047495482023,0.3877656523599299
Other,2.099931553730322,0.1612047495482023,0.3887052973559546
Other,2.102669404517454,0.16214439454422702,0.38964494235197933
Other,2.105407255304586,0.16214439454422702,0.39058458734800405
Other,2.127310061601643,0.16214439454422702,0.3915242323440288
Other,2.130047912388775,0.16214439454422702,0.3924638773400535
Other,2.138261464750171,0.16214439454422702,0.3934035223360782
Other,2.1437371663244353,0.16214439454422702,0.3934035223360782
Other,2.1492128678986995,0.1630860303135484,0.3934035223360782
Other,2.1574264202600957,0.16402766608286978,0.3934035223360782
Other,2.16290212183436,0.16496930185219116,0.3934035223360782
Other,2.1711156741957565,0.16496930185219116,0.3934035223360782
Other,2.1738535249828885,0.1659129496637547,0.3934035223360782
Other,2.1765913757700206,0.1659129496637547,0.39434717014764176
Other,2.1793292265571527,0.1659129496637547,0.3952908179592053
Other,2.1820670773442847,0.1659129496637547,0.3962344657707688
Other,2.184804928131417,0.16780024528688176,0.3962344657707688
Other,2.187542778918549,0.16780024528688176,0.39717811358233235
Other,2.193018480492813,0.16874389309844529,0.39717811358233235
Other,2.195756331279945,0.16968754091000882,0.3981217613938959
Other,2.198494182067077,0.16968754091000882,0.3981217613938959
Other,2.206707734428474,0.17063325359643353,0.3990674740803206
Other,2.209445585215606,0.17157896628285824,0.3990674740803206
Other,2.217659137577002,0.17157896628285824,0.3990674740803206
Other,2.223134839151266,0.17157896628285824,0.3990674740803206
Other,2.2258726899383983,0.17253096974103302,0.3990674740803206
Other,2.2286105407255303,0.17253096974103302,0.40001947753849537
Other,2.239561943874059,0.17253096974103302,0.40001947753849537
Other,2.2614647501711156,0.17443922667282083,0.40001947753849537
Other,2.269678302532512,0.17443922667282083,0.4009736060043893
Other,2.2833675564681726,0.17443922667282083,0.4028818629361771
Other,2.2888432580424367,0.17539335513871473,0.4028818629361771
Other,2.294318959616701,0.17634748360460864,0.4028818629361771
Other,2.297056810403833,0.17634748360460864,0.40383599140207105
Other,2.299794661190965,0.17730161207050255,0.40383599140207105
Other,2.305270362765229,0.17825574053639645,0.40383599140207105
Other,2.3107460643394937,0.17825574053639645,0.4047923032282988
Other,2.316221765913758,0.17825574053639645,0.4047923032282988
Other,2.3381245722108144,0.17825574053639645,0.4057508134725179
Other,2.3408624229979464,0.18017276102483465,0.4057508134725179
Other,2.3572895277207393,0.18208978151327285,0.4057508134725179
Other,2.3846680355920604,0.18208978151327285,0.406709323716737
Other,2.3874058863791925,0.18304829175749193,0.406709323716737
Other,2.3901437371663246,0.18400680200171102,0.4076678339609561
Other,2.3983572895277208,0.1849653122459301,0.4076678339609561
Other,2.406570841889117,0.1849653122459301,0.40862634420517524
Other,2.4175222450376452,0.1859238224901492,0.40862634420517524
Other,2.428473648186174,0.18688233273436827,0.40862634420517524
Other,2.431211498973306,0.18688233273436827,0.40958485444939435
Other,2.43668720054757,0.18784084297858736,0.40958485444939435
Other,2.4421629021218343,0.18879935322280644,0.40958485444939435
Other,2.4449007529089664,0.18879935322280644,0.41054336469361347
Other,2.4668035592060233,0.18975786346702553,0.41054336469361347
Other,2.4832306639288158,0.18975786346702553,0.4115018749378326
Other,2.485968514715948,0.18975786346702553,0.4124603851820517
Other,2.48870636550308,0.1907163737112446,0.4124603851820517
Other,2.5270362765229293,0.1916748839554637,0.4124603851820517
Other,2.535249828884326,0.1916748839554637,0.4134188954262708
Other,2.5571526351813825,0.1916748839554637,0.4143774056704899
Other,2.5598904859685145,0.19263339419968278,0.4143774056704899
Other,2.5626283367556466,0.19263339419968278,0.41533591591470903
Other,2.5708418891170433,0.19263339419968278,0.41629442615892814
Other,2.5790554414784395,0.19359190444390187,0.41629442615892814
Other,2.5845311430527036,0.19359190444390187,0.41725293640314726
Other,2.595482546201232,0.19359190444390187,0.4191699568915854
Other,2.6064339493497606,0.19455041468812095,0.42012846713580454
Other,2.620123203285421,0.19455041468812095,0.42012846713580454
Other,2.622861054072553,0.19551131523220094,0.42012846713580454
Other,2.647501711156742,0.19743311632036092,0.42012846713580454
Other,2.650239561943874,0.19839401686444091,0.42108936767988453
Other,2.652977412731006,0.1993549174085209,0.42108936767988453
Other,2.6557152635181382,0.2003158179526009,0.42108936767988453
Other,2.6584531143052703,0.20127671849668088,0.42108936767988453
Other,2.6639288158795345,0.20127671849668088,0.4220502682239645
Other,2.6666666666666665,0.20223761904076087,0.4220502682239645
Other,2.6694045174537986,0.20319851958484086,0.4220502682239645
Other,2.6776180698151952,0.20415942012892085,0.4220502682239645
Other,2.6803559206023273,0.20512032067300084,0.4220502682239645
Other,2.6830937713894594,0.20512032067300084,0.4230111687680445
Other,2.6940451745379876,0.20512032067300084,0.4258938704002845
Other,2.6967830253251197,0.20512032067300084,0.42877657203252445
Other,2.707734428473648,0.20512032067300084,0.43069837312068443
Other,2.724161533196441,0.20610194144444643,0.43069837312068443
Other,2.737850787132101,0.20610194144444643,0.43069837312068443
Other,2.7624914442162902,0.20610194144444643,0.43168265411102286
Other,2.7652292950034223,0.20708622243478483,0.43168265411102286
Other,2.7734428473648185,0.20807050342512323,0.43168265411102286
Other,2.7789185489390826,0.20905478441546163,0.43168265411102286
Other,2.7816563997262147,0.21102334639613843,0.43168265411102286
Other,2.7871321013004793,0.21102334639613843,0.4326669351013613
Other,2.8145106091718,0.21102334639613843,0.4336512160916997
Other,2.817248459958932,0.21102334639613843,0.4336512160916997
Other,2.8199863107460645,0.21102334639613843,0.43463823119590017
Other,2.841889117043121,0.2120103615003389,0.43463823119590017
Other,2.8501026694045173,0.21299737660453935,0.43463823119590017
Other,2.858316221765914,0.21299737660453935,0.4366122614043011
Other,2.8747433264887063,0.21299737660453935,0.43759927650850156
Other,2.8774811772758384,0.21299737660453935,0.438586291612702
Other,2.9021218343600275,0.2139843917087398,0.438586291612702
Other,2.9130732375085557,0.2139843917087398,0.4425343520295038
Other,2.926762491444216,0.2139843917087398,0.44352136713370427
Other,2.9322381930184807,0.2139843917087398,0.44450838223790473
Other,2.9349760438056127,0.21497140681294027,0.4454953973421052
Other,2.943189596167009,0.21595842191714074,0.4454953973421052
Other,2.951403148528405,0.21595842191714074,0.44648241244630565
Other,2.954140999315537,0.2169454370213412,0.44648241244630565
Other,2.9596167008898013,0.21793245212554166,0.44648241244630565
Other,2.9842573579739904,0.21793245212554166,0.4474694275505061
Other,2.9869952087611225,0.21793245212554166,0.4484564426547066
Other,3.0088980150581794,0.21793245212554166,0.4484564426547066
Other,3.0143737166324436,0.21793245212554166,0.4494463865871094
Other,3.0171115674195756,0.21892239605794447,0.4494463865871094
Other,3.02258726899384,0.21892239605794447,0.4494463865871094
Other,3.0417522245037647,0.21892239605794447,0.4494463865871094
Other,3.0444900752908968,0.21991828559955093,0.4494463865871094
Other,3.052703627652293,0.21991828559955093,0.4494463865871094
Other,3.0691307323750854,0.21991828559955093,0.4504452848584488
Other,3.080082135523614,0.21991828559955093,0.45144418312978823
Other,3.082819986310746,0.22091718387089032,0.45144418312978823
Other,3.0882956878850103,0.22191608214222971,0.45144418312978823
Other,3.0910335386721424,0.22191608214222971,0.453441979672467
Other,3.0937713894592744,0.22191608214222971,0.45444087794380644
Other,3.1047227926078027,0.22191608214222971,0.45643867448648523
Other,3.1156741957563314,0.22191608214222971,0.45743757275782465
Other,3.1184120465434635,0.22191608214222971,0.45943536930050344
Other,3.1266255989048597,0.2229149804135691,0.46043426757184286
Other,3.1293634496919918,0.2239138786849085,0.46043426757184286
Other,3.132101300479124,0.2249127769562479,0.46043426757184286
Other,3.134839151266256,0.22691057349892668,0.4614331658431823
Other,3.137577002053388,0.22691057349892668,0.4624320641145217
Other,3.143052703627652,0.22790947177026608,0.4624320641145217
Other,3.162217659137577,0.22790947177026608,0.4634309623858611
Other,3.2114989733059547,0.22890837004160547,0.4634309623858611
Other,3.2251882272416155,0.22990726831294486,0.4634309623858611
Other,3.2279260780287475,0.23090616658428426,0.4634309623858611
Other,3.2361396303901437,0.23190506485562365,0.4634309623858611
Other,3.2553045859000687,0.23290396312696304,0.4634309623858611
Other,3.263518138261465,0.23390286139830244,0.4634309623858611
Other,3.268993839835729,0.23490175966964183,0.4634309623858611
Other,3.293634496919918,0.23590065794098122,0.4634309623858611
Other,3.29637234770705,0.23590065794098122,0.4634309623858611
Other,3.3073237508555784,0.2369268298852582,0.4634309623858611
Other,3.3100616016427105,0.2369268298852582,0.4634309623858611
Other,3.3127994524298425,0.2369268298852582,0.4634309623858611
Other,3.3319644079397674,0.23796007887742676,0.4644642113780297
Other,3.3347022587268995,0.23796007887742676,0.4655010605409027
Other,3.353867214236824,0.23899692804029973,0.4655010605409027
Other,3.359342915811088,0.23899692804029973,0.4665379097037757
Other,3.3675564681724848,0.23899692804029973,0.4665379097037757
Other,3.373032169746749,0.23899692804029973,0.46758211240681086
Other,3.378507871321013,0.23899692804029973,0.46758211240681086
Other,3.3867214236824092,0.24004861606737102,0.46758211240681086
Other,3.405886379192334,0.24004861606737102,0.46758211240681086
Other,3.4195756331279945,0.24110410080212127,0.46758211240681086
Other,3.4223134839151266,0.24110410080212127,0.4686375971415611
Other,3.430527036276523,0.24110410080212127,0.46969308187631137
Other,3.433264887063655,0.24110410080212127,0.46969308187631137
Other,3.4524298425735798,0.24216345178132115,0.46969308187631137
Other,3.468856947296372,0.24322280276052102,0.46969308187631137
Other,3.4743326488706368,0.2453415047189208,0.46969308187631137
Other,3.482546201232033,0.24640085569812067,0.46969308187631137
Other,3.4962354551676933,0.24640085569812067,0.47075243285551127
Other,3.5290896646132786,0.24746020667732055,0.47075243285551127
Other,3.5318275154004106,0.24746020667732055,0.4718117838347112
Other,3.540041067761807,0.24957890863572033,0.4718117838347112
Other,3.5455167693360714,0.2506382596149202,0.4718117838347112
Other,3.5509924709103355,0.2506382596149202,0.4728711348139111
Other,3.5537303216974676,0.2506382596149202,0.473930485793111
Other,3.5592060232717317,0.2506382596149202,0.473930485793111
Other,3.567419575633128,0.2506382596149202,0.4749939269305317
Other,3.586584531143053,0.2506382596149202,0.4749939269305317
Other,3.600273785078713,0.2506382596149202,0.4760615059712109
Other,3.619438740588638,0.2517227843546578,0.4760615059712109
Other,3.62217659137577,0.25280730909439536,0.47823055545068605
Other,3.6249144421629023,0.25280730909439536,0.4793150801904236
Other,3.6276522929500343,0.25389183383413294,0.4793150801904236
Other,3.649555099247091,0.2549897477681883,0.4793150801904236
Other,3.6659822039698837,0.2549897477681883,0.4793150801904236
Other,3.682409308692676,0.2549897477681883,0.48041754978395634
Other,3.685147159479808,0.2549897477681883,0.48041754978395634
Other,3.6906228610540723,0.25610617267303154,0.48041754978395634
Other,3.693360711841205,0.2572225975778748,0.48041754978395634
Other,3.698836413415469,0.2572225975778748,0.48041754978395634
Other,3.701574264202601,0.2572225975778748,0.4815387457354015
Other,3.7097878165639973,0.2572225975778748,0.48265994168684667
Other,3.7125256673511293,0.2572225975778748,0.48378113763829184
Other,3.7234770704996576,0.2572225975778748,0.48603327907119476
Other,3.756331279945243,0.2572225975778748,0.48717436406386555
Other,3.761806981519507,0.2572225975778748,0.48945653404920714
Other,3.7700205338809036,0.2583636825705456,0.48945653404920714
Other,3.7754962354551678,0.2595099543131831,0.48945653404920714
Other,3.789185489390828,0.26180249779845804,0.48945653404920714
Other,3.7946611909650922,0.264095041283733,0.48945653404920714
Other,3.7973990417522243,0.264095041283733,0.4906028057918446
Other,3.808350444900753,0.264095041283733,0.4917490775344821
Other,3.813826146475017,0.264095041283733,0.4917490775344821
Other,3.8165639972621492,0.26524671996855276,0.4917490775344821
Other,3.8247775496235454,0.2663983986533725,0.4917490775344821
Other,3.8302532511978096,0.2663983986533725,0.49290075621930185
Other,3.8329911019849416,0.2663983986533725,0.4940524349041216
Other,3.8357289527720737,0.26755007733819225,0.4940524349041216
Other,3.838466803559206,0.268701756023012,0.4940524349041216
Other,3.8412046543463383,0.26985343470783174,0.4940524349041216
Other,3.8439425051334704,0.2710051133926515,0.4940524349041216
Other,3.8494182067077345,0.27215679207747123,0.4940524349041216
Other,3.865845311430527,0.27215679207747123,0.4940524349041216
Other,3.8740588637919235,0.27215679207747123,0.4940524349041216
Other,3.8795345653661877,0.27215679207747123,0.4940524349041216
Other,3.89596167008898,0.27215679207747123,0.4952213887692136
Other,3.9014373716632442,0.27332574594256326,0.4952213887692136
Other,3.9288158795345653,0.27332574594256326,0.4952213887692136
Other,3.9315537303216974,0.27450063358362026,0.4952213887692136
Other,3.9561943874058865,0.27567552122467726,0.4952213887692136
Other,3.9616700889801506,0.27567552122467726,0.4963962764102706
Other,3.9671457905544147,0.27685040886573425,0.4963962764102706
Other,3.978097193702943,0.27802529650679125,0.4963962764102706
Other,4.008213552361396,0.27920018414784825,0.4963962764102706
Other,4.0219028062970565,0.27920018414784825,0.4975711640513276
Other,4.032854209445585,0.28037507178890525,0.4975711640513276
Other,4.046543463381246,0.28154995942996225,0.4975711640513276
Other,4.049281314168378,0.28272484707101925,0.4975711640513276
Other,4.054757015742642,0.28272484707101925,0.4987460516923846
Other,4.0629705681040384,0.28389973471207625,0.4987460516923846
Other,4.076659822039699,0.28389973471207625,0.4999209393334416
Other,4.082135523613963,0.2862495099941902,0.4999209393334416
Other,4.084873374401095,0.2874243976352472,0.5010958269744986
Other,4.095824777549623,0.2885992852763042,0.5010958269744986
Other,4.098562628336755,0.2897741729173612,0.5022707146155556
Other,4.117727583846681,0.2909490605584182,0.5034456022566126
Other,4.125941136208077,0.2909490605584182,0.5034456022566126
Other,4.131416837782341,0.2909490605584182,0.5046272421254917
Other,4.136892539356605,0.2909490605584182,0.5058088819943708
Other,4.139630390143737,0.29213070042729733,0.5058088819943708
Other,4.161533196440794,0.2933123402961765,0.5058088819943708
Other,4.183436002737851,0.2944939801650556,0.5058088819943708
Other,4.186173853524983,0.2944939801650556,0.5069905218632499
Other,4.2217659137577,0.29567562003393477,0.5069905218632499
Other,4.240930869267625,0.2968572599028139,0.5069905218632499
Other,4.249144421629021,0.2968572599028139,0.5069905218632499
Other,4.251882272416153,0.2968572599028139,0.5082013380251877
Other,4.254620123203286,0.2968572599028139,0.5106229703490636
Other,4.271047227926078,0.29806807606475183,0.5106229703490636
Other,4.309377138945927,0.29806807606475183,0.5106229703490636
Other,4.323066392881588,0.2992866044315428,0.5106229703490636
Other,4.331279945242985,0.2992866044315428,0.5118414987158546
Other,4.336755646817249,0.2992866044315428,0.5130600270826456
Other,4.342231348391513,0.2992866044315428,0.5142785554494367
Other,4.3641341546885695,0.2992866044315428,0.5154970838162277
Other,4.372347707049966,0.2992866044315428,0.5154970838162277
Other,4.375085557837098,0.2992866044315428,0.5154970838162277
Other,4.383299110198494,0.2992866044315428,0.5154970838162277
Other,4.39151266255989,0.3005296669265242,0.5154970838162277
Other,4.396988364134154,0.3017727294215056,0.5154970838162277
Other,4.4106776180698155,0.30301579191648703,0.5154970838162277
Other,4.424366872005476,0.30425885441146844,0.5204693337961533
Other,4.427104722792608,0.30550191690644984,0.5204693337961533
Other,4.432580424366872,0.30674497940143125,0.5204693337961533
Other,4.459958932238193,0.30674497940143125,0.5229554587861162
Other,4.487337440109514,0.30674497940143125,0.5241985212810976
Other,4.506502395619439,0.30674497940143125,0.525441583776079
Other,4.583162217659138,0.30798804189641266,0.525441583776079
Other,4.58590006844627,0.30923110439139406,0.525441583776079
Other,4.596851471594798,0.30923110439139406,0.5266846462710604
Other,4.621492128678987,0.31047416688637547,0.5266846462710604
Other,4.63791923340178,0.31047416688637547,0.5279277087660418
Other,4.676249144421629,0.31047416688637547,0.5291707712610232
Other,4.695414099931554,0.3117172293813569,0.5291707712610232
Other,4.698151950718686,0.3129602918763383,0.5291707712610232
Other,4.7118412046543465,0.3129602918763383,0.5291707712610232
Other,4.731006160164271,0.3129602918763383,0.5304439078486252
Other,4.736481861738535,0.3129602918763383,0.5317170444362271
Other,4.741957563312799,0.3129602918763383,0.5317170444362271
Other,4.747433264887063,0.3129602918763383,0.5317170444362271
Other,4.772073921971253,0.3129602918763383,0.5330113999669558
Other,4.791238877481177,0.3129602918763383,0.5330113999669558
Other,4.7939767282683095,0.3129602918763383,0.5343167246123516
Other,4.832306639288158,0.3129602918763383,0.5356220492577474
Other,4.87337440109514,0.3129602918763383,0.5369273739031432
Other,4.876112251882272,0.3129602918763383,0.538232698548539
Other,4.878850102669404,0.3129602918763383,0.5395380231939347
Other,4.941820670773443,0.3129602918763383,0.5408433478393305
Other,4.944558521560575,0.3142656165217341,0.5408433478393305
Other,4.985626283367557,0.31687626581252576,0.5408433478393305
Other,5.002053388090349,0.31687626581252576,0.5408433478393305
Other,5.054072553045859,0.31687626581252576,0.5421607588240356
Other,5.062286105407256,0.3181936767972308,0.5421607588240356
Other,5.078713210130048,0.3181936767972308,0.5434781698087406
Other,5.108829568788501,0.3195110877819359,0.5434781698087406
Other,5.114305270362765,0.3195110877819359,0.5447955807934457
Other,5.119780971937029,0.32082849876664093,0.5447955807934457
Other,5.138945927446954,0.32082849876664093,0.5461129917781508
Other,5.174537987679671,0.32082849876664093,0.5461129917781508
Other,5.215605749486653,0.32082849876664093,0.5474435768727028
Other,5.23750855578371,0.32082849876664093,0.5487741619672549
Other,5.25119780971937,0.32082849876664093,0.5487741619672549
Other,5.347022587268994,0.32217280123330183,0.5487741619672549
Other,5.377138945927447,0.3235171036999627,0.5487741619672549
Other,5.404517453798768,0.3235171036999627,0.5487741619672549
Other,5.453798767967146,0.3235171036999627,0.5501327655239867
Other,5.500342231348392,0.3235171036999627,0.5514913690807185
Other,5.516769336071184,0.3235171036999627,0.5514913690807185
Other,5.530458590006845,0.3235171036999627,0.5514913690807185
Other,5.555099247091033,0.3249058984468441,0.5514913690807185
Other,5.582477754962355,0.3249058984468441,0.5528801638275999
Other,5.598904859685147,0.3249058984468441,0.5556577533213626
Other,5.6125941136208075,0.3249058984468441,0.5570465480682439
Other,5.6290212183436,0.3249058984468441,0.5570465480682439
Other,5.661875427789186,0.32631122646452165,0.5570465480682439
Other,5.672826830937714,0.32631122646452165,0.5584518760859215
Other,5.711156741957564,0.32631122646452165,0.5584518760859215
Other,5.749486652977413,0.32631122646452165,0.5584518760859215
Other,5.88911704312115,0.32631122646452165,0.5599292722070697
Other,5.90280629705681,0.32631122646452165,0.5614066683282178
Other,5.908281998631074,0.3277886225856698,0.5614066683282178
Other,5.921971252566735,0.3277886225856698,0.5614066683282178
Other,5.927446954141,0.32928598351926597,0.5614066683282178
Other,5.984941820670773,0.3307833444528621,0.5614066683282178
Other,6.036960985626283,0.3307833444528621,0.5614066683282178
Other,6.0889801505817935,0.3323017949770723,0.5614066683282178
Other,6.09719370294319,0.3323017949770723,0.5614066683282178
Other,6.206707734428473,0.3323017949770723,0.5629471253817644
Other,6.228610540725531,0.3323017949770723,0.5644875824353109
Other,6.261464750171116,0.3323017949770723,0.5644875824353109
Other,6.269678302532512,0.3323017949770723,0.5660513797472445
Other,6.291581108829569,0.3323017949770723,0.5676151770591781
Other,6.30527036276523,0.3323017949770723,0.5691789743711116
Other,6.346338124572211,0.3338655922890059,0.5691789743711116
Other,6.447638603696099,0.3338655922890059,0.5707427716830452
Other,6.521560574948666,0.3338655922890059,0.5707427716830452
Other,6.532511978097194,0.3338655922890059,0.5723326322835111
Other,6.543463381245722,0.33545545288947176,0.5723326322835111
Other,6.611909650924025,0.3370453134899376,0.5723326322835111
Other,6.650239561943874,0.3370453134899376,0.5723326322835111
Other,6.674880219028063,0.3370453134899376,0.5723326322835111
Other,6.680355920602327,0.3370453134899376,0.5723326322835111
Other,6.6885694729637235,0.3370453134899376,0.5740753640955601
Other,6.798083504449007,0.3370453134899376,0.5740753640955601
Other,6.91854893908282,0.3370453134899376,0.5740753640955601
Other,6.976043805612594,0.3370453134899376,0.5759664135086346
Other,7.0335386721423685,0.3370453134899376,0.5778574629217091
Other,7.167693360711842,0.33893636290301216,0.5778574629217091
Other,7.241615331964408,0.33893636290301216,0.5835306111609327
Other,7.436002737850787,0.3408274123160867,0.5854216605740072
Other,7.5509924709103355,0.3408274123160867,0.5873127099870817
Other,7.8056125941136205,0.3408274123160867,0.5873127099870817
Other,7.816563997262149,0.3408274123160867,0.5873127099870817
Other,8.125941136208077,0.34282352002988764,0.5873127099870817
Other,8.303901437371664,0.3448196277436886,0.5873127099870817
Other,8.542094455852157,0.3448196277436886,0.5873127099870817
Other,8.566735112936344,0.3448196277436886,0.5893693058134221
Other,8.632443531827516,0.3448196277436886,0.5914259016397624
Other,8.752908966461328,0.3468762235700289,0.5914259016397624
Other,9.541409993155373,0.3468762235700289,0.5914259016397624
Other,9.645448323066393,0.34900373649382926,0.5914259016397624
Other,9.790554414784394,0.34900373649382926,0.5914259016397624
Other,10.47501711156742,0.34900373649382926,0.5936322113385183
Other,10.642026009582478,0.34900373649382926,0.5958385210372742
Other,11.315537303216974,0.34900373649382926,0.5980448307360301
Other,11.671457905544148,0.34900373649382926,0.5980448307360301
Other,12.670773442847365,0.34900373649382926,0.5980448307360301
Other,12.9637234770705,0.35141061980156296,0.5980448307360301
Other,13.169062286105408,0.35141061980156296,0.5980448307360301
Other,13.6290212183436,0.35141061980156296,0.5980448307360301
Other,14.261464750171116,0.35141061980156296,0.5980448307360301
Other,14.754277891854894,0.35141061980156296,0.5980448307360301
Other,15.195071868583161,0.35438382859346934,0.5980448307360301
Other,16.418891170431213,0.35438382859346934,0.5980448307360301
Other,17.593429158110883,0.35438382859346934,0.5980448307360301
Other,18.187542778918548,0.35438382859346934,0.5980448307360301
Other,18.60917180013689,0.35438382859346934,0.5980448307360301
Other,19.189596167008897,0.35438382859346934,0.5980448307360301
Other,19.73990417522245,0.35438382859346934,0.5980448307360301
Other,19.835728952772072,0.35438382859346934,0.5980448307360301
Other,20.298425735797398,0.35438382859346934,0.5980448307360301
Other,20.528405201916495,0.35438382859346934,0.5980448307360301
Other,20.75564681724846,0.35438382859346934,0.5980448307360301
Other,20.966461327857633,0.35438382859346934,0.5980448307360301
Other,21.60438056125941,0.35438382859346934,0.5980448307360301
Other,22.119096509240247,0.35438382859346934,0.5980448307360301
Other,23.82751540041068,0.35438382859346934,0.5980448307360301
Other,24.13141683778234,0.35438382859346934,0.5980448307360301
Other,24.824093086926762,0.35438382859346934,0.5980448307360301
Solar,0.0027378507871321013,0.0,0.00012953367875647668
Solar,0.008213552361396304,0.0,0.0014248704663212435
Solar,0.010951403148528405,0.0,0.001683937823834197
Solar,0.013689253935660506,0.0,0.002461139896373057
Solar,0.01642710472279261,0.0,0.003626943005181347
Solar,0.019164955509924708,0.0,0.004922279792746114
Solar,0.02190280629705681,0.0,0.005569948186528497
Solar,0.024640657084188913,0.0,0.005829150598052927
Solar,0.02737850787132101,0.0,0.006347555421101784
Solar,0.030116358658453114,0.0,0.006477156626863999
Solar,0.03285420944558522,0.0,0.006995561449912856
Solar,0.03559206023271732,0.0,0.007902769890248358
Solar,0.038329911019849415,0.0,0.008032371096010573
Solar,0.04106776180698152,0.0,0.008810079938742043
Solar,0.04380561259411362,0.0,0.009328552500563022
Solar,0.04654346338124572,0.0,0.010495115764660227
Solar,0.049281314168377825,0.0,0.01192091530966792
Solar,0.05201916495550993,0.0,0.013346714854675614
Solar,0.05475701574264202,0.0,0.015290986961504287
Solar,0.057494866529774126,0.0,0.01775373163015394
Solar,0.06023271731690623,0.0,0.020216476298803594
Solar,0.06297056810403832,0.0,0.020994185141535063
Solar,0.06570841889117043,0.0,0.021512657703356045
Solar,0.06844626967830253,0.0,0.022938457248363738
Solar,0.07118412046543464,0.0,0.023197693529274227
Solar,0.07392197125256673,0.0,0.024364256793371432
Solar,0.07665982203969883,0.0,0.025530820057468637
Solar,0.07939767282683094,0.0,0.026049292619289618
Solar,0.08213552361396304,0.0,0.02643840596622558
Solar,0.08487337440109514,0.0,0.027735450456012115
Solar,0.08761122518822724,0.0,0.028513677149884037
Solar,0.09034907597535935,0.0,0.029421608292734613
Solar,0.09308692676249145,0.0,0.030588948333542497
Solar,0.09582477754962354,0.0,0.03110776612945711
Solar,0.09856262833675565,0.0,0.03149687947639307
Solar,0.10130047912388775,0.0,0.03188599282332903
Solar,0.10403832991101986,0.0,0.032015732036298296
Solar,0.10677618069815195,0.0,0.0335726025919295
Solar,0.10951403148528405,0.0,0.03409155944380657
Solar,0.11225188227241616,0.0,0.0343510378697451
Solar,0.11498973305954825,0.0,0.03448079451609424
Solar,0.11772758384668036,0.0,0.034999890863128595
Solar,0.12046543463381246,0.0,0.0362978062755521
Solar,0.12320328542094455,0.0,0.0368169724405215
Solar,0.12867898699520877,0.0,0.0370765555230062
Solar,0.13141683778234087,0.0,0.0375957216879756
Solar,0.13415468856947296,0.0,0.0378553047704603
Solar,0.13689253935660506,0.0,0.03876384555915675
Solar,0.14510609171800137,0.0,0.03980217788909555
Solar,0.14784394250513347,0.0,0.04006176097158025
Solar,0.15058179329226556,0.0,0.040970301760276696
Solar,0.15331964407939766,0.0,0.042528221941524384
Solar,0.15605749486652978,0.0,0.043177707613793054
Solar,0.15879534565366188,0.0,0.0440869875549692
Solar,0.16153319644079397,0.0,0.0444766789583304
Solar,0.16427104722792607,0.0,0.04512616463059907
Solar,0.16700889801505817,0.0,0.04551585603396027
Solar,0.1697467488021903,0.0,0.04564575316841401
Solar,0.17248459958932238,0.0,0.04668493024404388
Solar,0.17522245037645448,0.0,0.04681482737849762
Solar,0.17796030116358658,0.0,0.047594210185220025
Solar,0.1806981519507187,0.0,0.04785403989189436
Solar,0.1834360027378508,0.0,0.048633529011917365
Solar,0.1861738535249829,0.0,0.04876344386525453
Solar,0.188911704312115,0.0,0.049023273571928865
Solar,0.19164955509924708,0.0,0.04967302536642741
Solar,0.1943874058863792,0.0,0.049933032746628116
Solar,0.2026009582477755,0.0,0.05162377478280797
Solar,0.2053388090349076,0.0,0.05175383186251411
Solar,0.2080766598220397,0.0,0.05188392462807008
Solar,0.2108145106091718,0.0,0.05253438845584994
Solar,0.2135523613963039,0.0,0.053705223345853696
Solar,0.216290212183436,0.0,0.05448577993918953
Solar,0.2190280629705681,0.0,0.0546158727047455
Solar,0.22176591375770022,0.0,0.05526633653252536
Solar,0.2245037645448323,0.0,0.05643717142252912
Solar,0.2272416153319644,0.0,0.057087724944714355
Solar,0.2299794661190965,0.0,0.057608167762462546
Solar,0.2327173169062286,0.0,0.05851894269352188
Solar,0.23545516769336072,0.0,0.059039889467519105
Solar,0.23819301848049282,0.0,0.059170270527590114
Solar,0.24093086926762491,0.0,0.05995255688801618
Solar,0.243668720054757,0.0,0.06047422583535912
Solar,0.2464065708418891,0.0,0.06047422583535912
Solar,0.24914442162902123,0.0,0.061519159269714345
Solar,0.2518822724161533,0.0,0.06164979413061778
Solar,0.2546201232032854,0.0,0.06217233357423153
Solar,0.25735797399041754,0.0,0.06269509147078993
Solar,0.26283367556468173,0.0,0.06295647041906913
Solar,0.2655715263518138,0.0,0.0633485935309038
Solar,0.2683093771389459,0.0,0.06374071664273848
Solar,0.27104722792607805,0.0,0.06387144259685147
Solar,0.2737850787132101,0.0,0.06452507236741645
Solar,0.27652292950034224,0.0,0.0647866705015419
Solar,0.28199863107460643,0.0,0.06491746956860461
Solar,0.28473648186173856,0.0,0.06517910430011871
Solar,0.2874743326488706,0.0,0.06557161132420543
Solar,0.29021218343600275,0.0,0.06596411834829215
Solar,0.2929500342231348,0.0,0.06648746104707444
Solar,0.29568788501026694,0.0,0.06687996807116116
Solar,0.30116358658453113,0.0,0.06701080374585673
Solar,0.30390143737166325,0.0,0.06727247509524788
Solar,0.3066392881587953,0.0,0.06753414644463902
Solar,0.30937713894592744,0.0,0.0676649821193346
Solar,0.31211498973305957,0.0,0.06831925230732103
Solar,0.31485284052019163,0.0,0.0685809603825156
Solar,0.31759069130732376,0.0,0.06923523057050203
Solar,0.3203285420944558,0.0,0.06936608460809932
Solar,0.32306639288158795,0.0,0.07002044680426855
Solar,0.3258042436687201,0.00013087243923384906,0.0709365538789055
Solar,0.32854209445585214,0.00013087243923384906,0.0714600436358409
Solar,0.33127994524298426,0.00013087243923384906,0.07211459036731645
Solar,0.33401779603011633,0.00013087243923384906,0.07250731840620178
Solar,0.33675564681724846,0.00013087243923384906,0.07290004644508712
Solar,0.3394934976043806,0.00013087243923384906,0.07368550252285778
Solar,0.34223134839151265,0.00013087243923384906,0.07447095860062845
Solar,0.34496919917864477,0.00013087243923384906,0.07551838154229244
Solar,0.34770704996577684,0.00013087243923384906,0.07591116514541645
Solar,0.35044490075290896,0.00013087243923384906,0.07604211156866125
Solar,0.3531827515400411,0.00013087243923384906,0.07617307655533435
Solar,0.35592060232717315,0.00013087243923384906,0.07682790148869989
Solar,0.3586584531143053,0.00013087243923384906,0.07735176143539232
Solar,0.3613963039014374,0.00013087243923384906,0.07735176143539232
Solar,0.36413415468856947,0.00013087243923384906,0.07905527361715793
Solar,0.3668720054757016,0.00013087243923384906,0.07944844776487082
Solar,0.36960985626283366,0.00013087243923384906,0.07971067587877279
Solar,0.3723477070499658,0.00013087243923384906,0.08010413017681241
Solar,0.3750855578370979,0.00013087243923384906,0.08049758447485203
Solar,0.37782340862423,0.00013087243923384906,0.08180909880165077
Solar,0.3805612594113621,0.00013087243923384906,0.08233370453237027
Solar,0.38329911019849416,0.00013087243923384906,0.08272715883040989
Solar,0.3860369609856263,0.00013087243923384906,0.08325198971380351
Solar,0.3887748117727584,0.00026208016008225484,0.08338319743465192
Solar,0.3915126625598905,0.00039328788093066064,0.08390802831804554
Solar,0.3942505133470226,0.00039328788093066064,0.08443285920143917
Solar,0.39698836413415467,0.00039328788093066064,0.08482648236398439
Solar,0.3997262149212868,0.00039328788093066064,0.08561372868907483
Solar,0.4024640657084189,0.00039328788093066064,0.0871884473970662
Solar,0.405201916495551,0.00039328788093066064,0.08784514688225549
Solar,0.4079397672826831,0.00039328788093066064,0.08850184636744478
Solar,0.4106776180698152,0.00039328788093066064,0.08928988574967194
Solar,0.4134154688569473,0.00039328788093066064,0.08981524533782337
Solar,0.4161533196440794,0.00039328788093066064,0.09073462461708838
Solar,0.4188911704312115,0.00039328788093066064,0.09204802358746697
Solar,0.4216290212183436,0.00039328788093066064,0.09283606296969413
Solar,0.4243668720054757,0.0005246277779685192,0.093886782145997
Solar,0.4271047227926078,0.0005246277779685192,0.09493795868700226
Solar,0.42984257357973993,0.0005246277779685192,0.09506937484471475
Solar,0.432580424366872,0.0005246277779685192,0.09572645563327718
Solar,0.4353182751540041,0.0005246277779685192,0.09690920105268955
Solar,0.4380561259411362,0.0005246277779685192,0.09861761110295185
Solar,0.4407939767282683,0.0005246277779685192,0.09953752420693925
Solar,0.44353182751540043,0.0005246277779685192,0.10019460499550167
Solar,0.4462696783025325,0.0005246277779685192,0.10058885346863913
Solar,0.4490075290896646,0.0005246277779685192,0.10124593425720156
Solar,0.4517453798767967,0.0005246277779685192,0.10242867967661393
Solar,0.4544832306639288,0.0005246277779685192,0.1026915119920389
Solar,0.45722108145106094,0.0005246277779685192,0.10387425741145126
Solar,0.459958932238193,0.0005246277779685192,0.10558291818229622
Solar,0.46269678302532513,0.0005246277779685192,0.10663440173358542
Solar,0.4654346338124572,0.0005246277779685192,0.10742301439705232
Solar,0.4681724845995893,0.0005246277779685192,0.1088692304524797
Solar,0.47091033538672145,0.0005246277779685192,0.11136724000276337
Solar,0.4736481861738535,0.0006561019648255537,0.11241903349761964
Solar,0.47638603696098564,0.0006561019648255537,0.11333935280561888
Solar,0.4791238877481177,0.0006561019648255537,0.11478556886104627
Solar,0.48186173853524983,0.0006561019648255537,0.11662620747704475
Solar,0.48459958932238195,0.0006561019648255537,0.11886126865361434
Solar,0.487337440109514,0.0006561019648255537,0.11938747969761945
Solar,0.49007529089664614,0.0006561019648255537,0.12004524350262585
Solar,0.4928131416837782,0.0006561019648255537,0.12307095700565528
Solar,0.49555099247091033,0.0006561019648255537,0.1235971680496604
Solar,0.49828884325804246,0.0006561019648255537,0.12438648461566806
Solar,0.5010266940451745,0.0006561019648255537,0.12557063750601025
Solar,0.5037645448323066,0.0006561019648255537,0.12583378259275296
Solar,0.5065023956194388,0.0006561019648255537,0.12636015205068754
Solar,0.5092402464065708,0.0006561019648255537,0.12675492914413847
Solar,0.5119780971937029,0.0007876943293091967,0.12688652150862212
Solar,0.5147159479808351,0.0007876943293091967,0.12780766806000762
Solar,0.5174537987679672,0.0007876943293091967,0.12859722224690948
Solar,0.5201916495550992,0.0007876943293091967,0.13122906953658234
Solar,0.5229295003422314,0.0007876943293091967,0.13320295500383697
Solar,0.5256673511293635,0.0007876943293091967,0.1345188786486734
Solar,0.5284052019164955,0.0007876943293091967,0.13583480229350983
Solar,0.5311430527036276,0.0007876943293091967,0.13715072593834626
Solar,0.5338809034907598,0.0007876943293091967,0.1375455030317972
Solar,0.5366187542778919,0.0007876943293091967,0.13833553983128272
Solar,0.5393566050650239,0.0007876943293091967,0.13859888543111124
Solar,0.5420944558521561,0.0007876943293091967,0.13952059503051104
Solar,0.5448323066392882,0.0007876943293091967,0.14004728623016807
Solar,0.5475701574264202,0.0007876943293091967,0.1417590326290534
Solar,0.5503080082135524,0.0007876943293091967,0.14228572382871044
Solar,0.5530458590006845,0.0007876943293091967,0.1426808636604851
Solar,0.5557837097878165,0.0007876943293091967,0.14465747468050866
Solar,0.5585215605749486,0.0007876943293091967,0.14492106346243036
Solar,0.5612594113620808,0.0007876943293091967,0.14544824102627377
Solar,0.5639972621492129,0.0007876943293091967,0.14610721298107804
Solar,0.5667351129363449,0.0007876943293091967,0.1465025961539606
Solar,0.5694729637234771,0.0007876943293091967,0.14742515689068658
Solar,0.5722108145106092,0.0007876943293091967,0.14782054006356915
Solar,0.5749486652977412,0.0007876943293091967,0.1486113064093343
Solar,0.5776865160848734,0.0007876943293091967,0.14900668958221686
Solar,0.5831622176591376,0.0007876943293091967,0.14940207275509942
Solar,0.5859000684462696,0.0007876943293091967,0.149797455927982
Solar,0.5886379192334018,0.0007876943293091967,0.15019283910086456
Solar,0.5913757700205339,0.0007876943293091967,0.15032463349182543
Solar,0.5941136208076659,0.0007876943293091967,0.15111539983759056
Solar,0.5968514715947981,0.0007876943293091967,0.15203796057431654
Solar,0.5995893223819302,0.0007876943293091967,0.15256530221458817
Solar,0.6023271731690623,0.0007876943293091967,0.1529608084447919
Solar,0.6050650239561944,0.0007876943293091967,0.15348815008506353
Solar,0.6078028747433265,0.0007876943293091967,0.15401549172533516
Solar,0.6105407255304586,0.0007876943293091967,0.15427920367976428
Solar,0.6132785763175906,0.0007876943293091967,0.15467477161140797
Solar,0.6160164271047228,0.0007876943293091967,0.15546590747469535
Solar,0.6187542778918549,0.0007876943293091967,0.15546590747469535
Solar,0.621492128678987,0.0007876943293091967,0.15652092016390573
Solar,0.6242299794661191,0.0007876943293091967,0.15665279675005703
Solar,0.6269678302532512,0.0007876943293091967,0.15678467333620832
Solar,0.6297056810403833,0.0007876943293091967,0.1573121796808135
Solar,0.6324435318275154,0.0009195915760567884,0.1574440769275611
Solar,0.6351813826146475,0.0009195915760567884,0.15797174860875005
Solar,0.6379192334017796,0.0009195915760567884,0.15823558444934452
Solar,0.6406570841889117,0.0009195915760567884,0.1583675230691428
Solar,0.6433949349760438,0.0009195915760567884,0.15889527754833604
Solar,0.6461327857631759,0.0009195915760567884,0.15915915478793266
Solar,0.648870636550308,0.0009195915760567884,0.15942303202752928
Solar,0.6516084873374401,0.0010515301958550936,0.1599507865067225
Solar,0.6543463381245722,0.0010515301958550936,0.1600827251265208
Solar,0.6570841889117043,0.0010515301958550936,0.16166598856410047
Solar,0.6598220396988365,0.0011834688156533988,0.1621937430432937
Solar,0.6625598904859685,0.001315407435451704,0.1625895589026886
Solar,0.6652977412731006,0.001315407435451704,0.16285343614228523
Solar,0.6680355920602327,0.001315407435451704,0.16311731338188185
Solar,0.6707734428473648,0.001315407435451704,0.16351312924127676
Solar,0.6735112936344969,0.001315407435451704,0.16364508870775224
Solar,0.676249144421629,0.001315407435451704,0.1641731769315352
Solar,0.6789869952087612,0.001315407435451704,0.16470126515531813
Solar,0.6817248459958932,0.001315407435451704,0.16575744160288405
Solar,0.6844626967830253,0.001315407435451704,0.16588946365882978
Solar,0.6872005475701575,0.001315407435451704,0.1673419365330906
Solar,0.6899383983572895,0.001315407435451704,0.16773806549879808
Solar,0.6926762491444216,0.001315407435451704,0.16853032343021307
Solar,0.6954140999315537,0.001315407435451704,0.16866236641878224
Solar,0.6981519507186859,0.001315407435451704,0.1689267047073637
Solar,0.7008898015058179,0.001315407435451704,0.16945546550892954
Solar,0.70362765229295,0.001315407435451704,0.17024860671127828
Solar,0.7063655030800822,0.001315407435451704,0.1705129871120612
Solar,0.7091033538672142,0.001315407435451704,0.1721005365154845
Solar,0.7118412046543463,0.001315407435451704,0.17289456538776984
Solar,0.7145790554414785,0.001315407435451704,0.17302690353315073
Solar,0.7173169062286106,0.001315407435451704,0.1739534190546672
Solar,0.7200547570157426,0.0014477667956683436,0.17435049713531714
Solar,0.7227926078028748,0.0014477667956683436,0.17540937201705026
Solar,0.7255304585900069,0.0014477667956683436,0.17580645009770018
Solar,0.7282683093771389,0.0014477667956683436,0.1768653249794333
Solar,0.731006160164271,0.0014477667956683436,0.1772624670327078
Solar,0.7337440109514032,0.0015801688214899822,0.1776596731101727
Solar,0.7364818617385352,0.0015801688214899822,0.1779246909203336
Solar,0.7392197125256673,0.0015801688214899822,0.17871974435081633
Solar,0.7419575633127995,0.0015801688214899822,0.1793822888762186
Solar,0.7446954140999316,0.0015801688214899822,0.18070759234272715
Solar,0.7474332648870636,0.0015801688214899822,0.18282807788914085
Solar,0.7501711156741958,0.0015801688214899822,0.18309322475301906
Solar,0.7529089664613279,0.0015801688214899822,0.18428677378649816
Solar,0.75564681724846,0.0017127853807654362,0.18441939034577362
Solar,0.758384668035592,0.0017127853807654362,0.18494985658287544
Solar,0.7611225188227242,0.0017127853807654362,0.18574555593852815
Solar,0.7638603696098563,0.0017127853807654362,0.18800003744621085
Solar,0.7665982203969883,0.0017127853807654362,0.18866322878454203
Solar,0.7693360711841205,0.0017127853807654362,0.1897243349258719
Solar,0.7720739219712526,0.0017127853807654362,0.19038752626420308
Solar,0.7748117727583846,0.0017127853807654362,0.1907855064062499
Solar,0.7775496235455168,0.0017127853807654362,0.19091816645359883
Solar,0.7802874743326489,0.0017127853807654362,0.19184678678504138
Solar,0.783025325119781,0.0017127853807654362,0.19277540711648394
Solar,0.785763175906913,0.0017127853807654362,0.1933060473058797
Solar,0.7885010266940452,0.0017127853807654362,0.19410213878500943
Solar,0.7912388774811773,0.0017127853807654362,0.1943675464007963
Solar,0.7939767282683093,0.0017127853807654362,0.19556247241466349
Solar,0.7967145790554415,0.0017127853807654362,0.19662462887143434
Solar,0.7994524298425736,0.0017127853807654362,0.1979523244423979
Solar,0.8021902806297057,0.0017127853807654362,0.19861650277449486
Solar,0.8049281314168378,0.0017127853807654362,0.19888217410733364
Solar,0.8076659822039699,0.0017127853807654362,0.19914797794457784
Solar,0.810403832991102,0.0017127853807654362,0.1992809904673266
Solar,0.813141683778234,0.0017127853807654362,0.19954732587537724
Solar,0.8158795345653662,0.0017127853807654362,0.20021316439550382
Solar,0.8186173853524983,0.0017127853807654362,0.20047949980355445
Solar,0.8213552361396304,0.0017127853807654362,0.20101243748880207
Solar,0.8240930869267625,0.0017127853807654362,0.20194523431980876
Solar,0.8268309377138946,0.0017127853807654362,0.20341179413619814
Solar,0.8295687885010267,0.0017127853807654362,0.2039457154933656
Solar,0.8323066392881588,0.0017127853807654362,0.20448026562736685
Solar,0.8350444900752909,0.0017127853807654362,0.20528209082836874
Solar,0.837782340862423,0.0017127853807654362,0.20568579274104015
Solar,0.840520191649555,0.0017127853807654362,0.20662808383362632
Solar,0.8432580424366872,0.0017127853807654362,0.20784001310341207
Solar,0.8459958932238193,0.0017127853807654362,0.20837892375724934
Solar,0.8487337440109514,0.0017127853807654362,0.20891838647936783
Solar,0.8514715947980835,0.0017127853807654362,0.21080682865195124
Solar,0.8542094455852156,0.0017127853807654362,0.21242549337130845
Solar,0.8569472963723477,0.0017127853807654362,0.21269527082453465
Solar,0.8596851471594799,0.0018479061141322578,0.21323575375800194
Solar,0.8624229979466119,0.0018479061141322578,0.21513005280330277
Solar,0.865160848733744,0.0018479061141322578,0.21607769358607903
Solar,0.8678986995208761,0.0018479061141322578,0.2167554010386785
Solar,0.8706365503080082,0.001983447604652152,0.21689094252919838
Solar,0.8733744010951403,0.002118989095172046,0.21716202551023817
Solar,0.8761122518822724,0.002118989095172046,0.21729756700075806
Solar,0.8788501026694046,0.002118989095172046,0.2174332734409361
Solar,0.8815879534565366,0.002118989095172046,0.21865590697221113
Solar,0.8843258042436687,0.002118989095172046,0.21947128029338234
Solar,0.8870636550308009,0.002118989095172046,0.21974311885828943
Solar,0.8898015058179329,0.0022549796390459605,0.22015109048991116
Solar,0.8952772073921971,0.0022549796390459605,0.22028710482083141
Solar,0.8980150581793293,0.0022549796390459605,0.22110419143726875
Solar,0.9007529089664613,0.0022549796390459605,0.2217856944461523
Solar,0.9034907597535934,0.0022549796390459605,0.2217856944461523
Solar,0.9062286105407256,0.0022549796390459605,0.22246827654143272
Solar,0.9089664613278576,0.0022549796390459605,0.22274154997950799
Solar,0.9117043121149897,0.0022549796390459605,0.22301487160545808
Solar,0.9144421629021219,0.0022549796390459605,0.2235616113011218
Solar,0.917180013689254,0.0022549796390459605,0.22369836866007953
Solar,0.919917864476386,0.002391761164350939,0.22410871323599446
Solar,0.9226557152635181,0.002528542689655918,0.22438227628660443
Solar,0.9253935660506503,0.002528542689655918,0.2247927661172365
Solar,0.9281314168377823,0.002528542689655918,0.22520340138270672
Solar,0.9308692676249144,0.002528542689655918,0.22588779349182375
Solar,0.9336071184120466,0.002528542689655918,0.22629842875729397
Solar,0.9363449691991786,0.002528542689655918,0.2271198450845296
Solar,0.9390828199863107,0.002528542689655918,0.22725679648225863
Solar,0.9418206707734429,0.002528542689655918,0.22739374787998767
Solar,0.944558521560575,0.002528542689655918,0.22807850486863285
Solar,0.947296372347707,0.002528542689655918,0.22848935906181994
Solar,0.9500342231348392,0.002528542689655918,0.22972192164138125
Solar,0.9527720739219713,0.002528542689655918,0.23026972723229738
Solar,0.9555099247091033,0.002528542689655918,0.23081753282321352
Solar,0.9582477754962354,0.002528542689655918,0.23163924120958773
Solar,0.9609856262833676,0.002528542689655918,0.23177619260731677
Solar,0.9637234770704997,0.002528542689655918,0.23246094959596195
Solar,0.9664613278576317,0.002528542689655918,0.23259792551497974
Solar,0.9691991786447639,0.002528542689655918,0.2330088532720331
Solar,0.971937029431896,0.002528542689655918,0.23383070878613987
Solar,0.974674880219028,0.002528542689655918,0.23396768470515766
Solar,0.9774127310061602,0.002528542689655918,0.23451558838122885
Solar,0.9801505817932923,0.002528542689655918,0.23478954021926443
Solar,0.9828884325804244,0.002528542689655918,0.2354744198143534
Solar,0.9856262833675564,0.002528542689655918,0.23615929940944239
Solar,0.9883641341546886,0.002528542689655918,0.23739208268060252
Solar,0.9911019849418207,0.002528542689655918,0.2378030104376559
Solar,0.9938398357289527,0.002528542689655918,0.23958401851869196
Solar,0.9965776865160849,0.002528542689655918,0.2408170241132554
Solar,0.999315537303217,0.002528542689655918,0.24355703654561855
Solar,1.002053388090349,0.002528542689655918,0.24533869214822562
Solar,1.0047912388774811,0.002528542689655918,0.2469832973198629
Solar,1.0075290896646132,0.002528542689655918,0.24876495292246997
Solar,1.0102669404517455,0.002528542689655918,0.24931315464634907
Solar,1.0130047912388775,0.002528542689655918,0.24986135637022816
Solar,1.0157426420260096,0.002528542689655918,0.25054673416720297
Solar,1.0184804928131417,0.002528542689655918,0.25164333864236266
Solar,1.0212183436002737,0.002528542689655918,0.2521916408799425
Solar,1.0239561943874058,0.002528542689655918,0.2524657919987324
Solar,1.0266940451745379,0.002528542689655918,0.2553443787460266
Solar,1.0294318959616702,0.002528542689655918,0.2560297565430014
Solar,1.0321697467488022,0.002528542689655918,0.2567151343399762
Solar,1.0349075975359343,0.002528542689655918,0.2579497282115935
Solar,1.0376454483230664,0.002528542689655918,0.2586357409473066
Solar,1.0403832991101984,0.002528542689655918,0.2604197053441713
Solar,1.0431211498973305,0.002528542689655918,0.2609687196845558
Solar,1.0458590006844628,0.002528542689655918,0.2613804804398442
Solar,1.0485968514715949,0.0026657962747520395,0.26412555214176664
Solar,1.051334702258727,0.0026657962747520395,0.26467456648215115
Solar,1.054072553045859,0.0026657962747520395,0.2649491250870764
Solar,1.056810403832991,0.002803075577214677,0.2656355215993896
Solar,1.0595482546201231,0.002803075577214677,0.26591008020431484
Solar,1.0622861054072552,0.002803075577214677,0.2664591974141654
Solar,1.0677618069815196,0.002803075577214677,0.267008314624016
Solar,1.0704996577686516,0.002803075577214677,0.26714559392647863
Solar,1.0732375085557837,0.002803075577214677,0.26796926974125446
Solar,1.0759753593429158,0.002803075577214677,0.268518386951105
Solar,1.0787132101300478,0.002803075577214677,0.2697541334815827
Solar,1.08145106091718,0.002803075577214677,0.27030345784702825
Solar,1.0841889117043122,0.002803075577214677,0.27044078893838963
Solar,1.0869267624914443,0.002803075577214677,0.2707154511211124
Solar,1.0896646132785763,0.0029404066685760517,0.27099011330383516
Solar,1.0924024640657084,0.0029404066685760517,0.27195143094336477
Solar,1.0951403148528405,0.0029404066685760517,0.2725007553088103
Solar,1.0978781656399725,0.0029404066685760517,0.2727754695601933
Solar,1.1006160164271048,0.0029404066685760517,0.2729128266858848
Solar,1.103353867214237,0.0029404066685760517,0.27359961231434227
Solar,1.106091718001369,0.0029404066685760517,0.27387432656572525
Solar,1.108829568788501,0.0029404066685760517,0.2751105406969487
Solar,1.111567419575633,0.0029404066685760517,0.2755226904891282
Solar,1.1143052703627652,0.0029404066685760517,0.27566009991644536
Solar,1.1170431211498972,0.0029404066685760517,0.2760724067330285
Solar,1.1197809719370295,0.0029404066685760517,0.2766221491551394
Solar,1.1225188227241616,0.0029404066685760517,0.2767595847606671
Solar,1.1252566735112937,0.0029404066685760517,0.2768970203661948
Solar,1.1279945242984257,0.0030778422741037674,0.2770344559717225
Solar,1.1307323750855578,0.0030778422741037674,0.2771718915772502
Solar,1.136208076659822,0.0030778422741037674,0.27758419839383336
Solar,1.1389459274469542,0.0030778422741037674,0.2779965052104165
Solar,1.1416837782340863,0.0030778422741037674,0.2784088120269997
Solar,1.1444216290212184,0.0030778422741037674,0.2786836832380551
Solar,1.1471594798083504,0.0030778422741037674,0.2788211188435828
Solar,1.1526351813826146,0.0030778422741037674,0.2788211188435828
Solar,1.1553730321697468,0.0030778422741037674,0.2790960426716388
Solar,1.158110882956879,0.0030778422741037674,0.2793709664996948
Solar,1.160848733744011,0.0030778422741037674,0.2795084284137228
Solar,1.163586584531143,0.0030778422741037674,0.27992081415580683
Solar,1.1663244353182751,0.0030778422741037674,0.2804706618119189
Solar,1.1690622861054072,0.0032153041881317753,0.28074558563997487
Solar,1.1718001368925393,0.0032153041881317753,0.28129776540490403
Solar,1.1745379876796715,0.0032153041881317753,0.281435890294944
Solar,1.1772758384668036,0.0032153041881317753,0.28157401518498393
Solar,1.1800136892539357,0.0032153041881317753,0.2818502649650638
Solar,1.1827515400410678,0.0032153041881317753,0.28226463963518367
Solar,1.1882272416153319,0.0032153041881317753,0.28254121020076395
Solar,1.1909650924024642,0.0032153041881317753,0.2826794954835541
Solar,1.1937029431895962,0.0032153041881317753,0.28281778076634423
Solar,1.1991786447638604,0.0032153041881317753,0.28406234831145555
Solar,1.2019164955509924,0.0032153041881317753,0.28433891887703583
Solar,1.2046543463381245,0.0033535894709219214,0.2846154894426161
Solar,1.2073921971252566,0.0033535894709219214,0.28558348642214715
Solar,1.215605749486653,0.0034918747537120674,0.2861366275533077
Solar,1.218343600273785,0.0034918747537120674,0.28668976868446827
Solar,1.2210814510609171,0.0034918747537120674,0.2868280539672584
Solar,1.2238193018480492,0.0034918747537120674,0.2871046245328387
Solar,1.2265571526351813,0.0034918747537120674,0.2873813029652542
Solar,1.2292950034223136,0.0034918747537120674,0.28765798139766974
Solar,1.2320328542094456,0.0034918747537120674,0.28793465983008526
Solar,1.2347707049965777,0.0034918747537120674,0.2882113382625008
Solar,1.2375085557837098,0.0034918747537120674,0.2886263559111241
Solar,1.2402464065708418,0.003630213969919838,0.2886263559111241
Solar,1.242984257357974,0.003630213969919838,0.289318051992163
Solar,1.2457221081451062,0.003630213969919838,0.2895947304245785
Solar,1.2484599589322383,0.003630213969919838,0.28973306964078627
Solar,1.2511978097193703,0.003630213969919838,0.2898715172733077
Solar,1.2539356605065024,0.003630213969919838,0.2901484125383505
Solar,1.2594113620807665,0.003630213969919838,0.29097909833347896
Solar,1.2621492128678986,0.003630213969919838,0.29111754596600037
Solar,1.264887063655031,0.003630213969919838,0.2918097841286074
Solar,1.267624914442163,0.0039071092349626645,0.29236357465869306
Solar,1.270362765229295,0.004045556867484078,0.29347115571886434
Solar,1.273100616016427,0.004045556867484078,0.2943018415139928
Solar,1.2758384668035592,0.004045556867484078,0.2944402891465142
Solar,1.2813141683778233,0.004045556867484078,0.29471718441155703
Solar,1.2840520191649556,0.004045556867484078,0.2958247654717283
Solar,1.2867898699520877,0.004184004500005492,0.29720924179694247
Solar,1.2895277207392197,0.004184004500005492,0.2973476894294639
Solar,1.2922655715263518,0.004184004500005492,0.2979014799595495
Solar,1.2950034223134839,0.004184004500005492,0.29803992759207093
Solar,1.297741273100616,0.004322452132526905,0.29845527048963516
Solar,1.3004791238877482,0.004322452132526905,0.298732165754678
Solar,1.3032169746748803,0.004322452132526905,0.2991475086522422
Solar,1.3059548254620124,0.004322452132526905,0.29970129918232785
Solar,1.3086926762491444,0.004322452132526905,0.2999782495399423
Solar,1.3114305270362765,0.004322452132526905,0.30080910061278565
Solar,1.3141683778234086,0.004322452132526905,0.3013630013280146
Solar,1.3169062286105406,0.004322452132526905,0.3015014765068218
Solar,1.319644079397673,0.004322452132526905,0.30177842686443623
Solar,1.322381930184805,0.004322452132526905,0.30191690204324345
Solar,1.325119780971937,0.004322452132526905,0.3023324934844321
Solar,1.3278576317590691,0.004322452132526905,0.30302528430615777
Solar,1.3305954825462012,0.004322452132526905,0.3031638701932249
Solar,1.3333333333333333,0.004322452132526905,0.303302456080292
Solar,1.3360711841204653,0.004322452132526905,0.3034410419673591
Solar,1.3388090349075976,0.004322452132526905,0.3035796278544262
Solar,1.3415468856947297,0.004322452132526905,0.30413408242683804
Solar,1.3442847364818618,0.004322452132526905,0.304272696069941
Solar,1.3497604380561259,0.004461065775629859,0.30482715064235283
Solar,1.352498288843258,0.004461065775629859,0.3052429915716617
Solar,1.3552361396303902,0.004461065775629859,0.30552021885786756
Solar,1.3607118412046544,0.004461065775629859,0.30565883250097053
Solar,1.3634496919917864,0.004461065775629859,0.3057974461440735
Solar,1.3661875427789185,0.004599679418732813,0.3057974461440735
Solar,1.3716632443531827,0.004599679418732813,0.30690635528889715
Solar,1.374401095140315,0.004599679418732813,0.30759942350441194
Solar,1.377138945927447,0.004738348954433791,0.3078767625758139
Solar,1.379876796714579,0.004738348954433791,0.3081541016472159
Solar,1.3826146475017111,0.00487701849013477,0.3084314407186179
Solar,1.3853524982888432,0.00487701849013477,0.30857011025431885
Solar,1.3908281998631074,0.00487701849013477,0.30884744932572084
Solar,1.4017796030116358,0.00487701849013477,0.3092634579328238
Solar,1.4072553045859,0.00487701849013477,0.30940212746852475
Solar,1.4099931553730323,0.00487701849013477,0.3098181360756277
Solar,1.4127310061601643,0.00487701849013477,0.31051148375413257
Solar,1.4154688569472964,0.00487701849013477,0.3109274923612355
Solar,1.4182067077344285,0.00487701849013477,0.3112048314326375
Solar,1.4209445585215605,0.00487701849013477,0.31134350096833846
Solar,1.4264202600958247,0.005015688025835748,0.3114821705040394
Solar,1.429158110882957,0.005015688025835748,0.3116208400397404
Solar,1.431895961670089,0.005015688025835748,0.31259152678964724
Solar,1.434633812457221,0.005015688025835748,0.31314620493245116
Solar,1.4373716632443532,0.005015688025835748,0.31397822214665705
Solar,1.4401095140314852,0.005015688025835748,0.3157809261107698
Solar,1.4428473648186173,0.005015688025835748,0.31619693471787275
Solar,1.4455852156057496,0.005015688025835748,0.3168907075891486
Solar,1.4483230663928817,0.005015688025835748,0.3175844804604245
Solar,1.4510609171800137,0.005015688025835748,0.3203595719455279
Solar,1.4537987679671458,0.005015688025835748,0.32202462683658994
Solar,1.4565366187542779,0.005015688025835748,0.32257975959397295
Solar,1.45927446954141,0.005015688025835748,0.3228573259726645
Solar,1.462012320328542,0.005015688025835748,0.3249390738128508
Solar,1.4647501711156743,0.005015688025835748,0.3274371712210744
Solar,1.4674880219028064,0.005015688025835748,0.32771473759976594
Solar,1.4702258726899384,0.005015688025835748,0.32854743673584047
Solar,1.4729637234770705,0.005015688025835748,0.329380135871915
Solar,1.4757015742642026,0.005015688025835748,0.329935268629298
Solar,1.4784394250513346,0.005015688025835748,0.33021283500798954
Solar,1.4811772758384667,0.005015688025835748,0.3303516181973353
Solar,1.486652977412731,0.005015688025835748,0.33104553414406407
Solar,1.4893908281998631,0.005015688025835748,0.3313231005227556
Solar,1.4921286789869952,0.005015688025835748,0.33146188371210134
Solar,1.4948665297741273,0.005015688025835748,0.3325721492268674
Solar,1.4976043805612593,0.005015688025835748,0.3332660651735962
Solar,1.5003422313483916,0.005015688025835748,0.3332660651735962
Solar,1.5058179329226558,0.005015688025835748,0.3336825894581958
Solar,1.5085557837097878,0.005015688025835748,0.33423795517099525
Solar,1.51129363449692,0.005015688025835748,0.33465447945559484
Solar,1.514031485284052,0.005015688025835748,0.33534868659659417
Solar,1.516769336071184,0.005015688025835748,0.3356263694529939
Solar,1.5195071868583163,0.005154529454035616,0.33576521088119377
Solar,1.5222450376454484,0.005154529454035616,0.3360428937375935
Solar,1.5249828884325805,0.005154529454035616,0.33618173516579336
Solar,1.5277207392197125,0.005293370882235484,0.33659825945039296
Solar,1.5304585900068446,0.005293370882235484,0.3367371008785928
Solar,1.5331964407939767,0.005293370882235484,0.33701478373499255
Solar,1.5359342915811087,0.005293370882235484,0.3371536251631924
Solar,1.538672142368241,0.005293370882235484,0.3372924665913923
Solar,1.541409993155373,0.005293370882235484,0.33743130801959215
Solar,1.5496235455167693,0.005293370882235484,0.3377089908759919
Solar,1.5523613963039014,0.005293370882235484,0.3378479203829155
Solar,1.5550992470910336,0.005293370882235484,0.3382647089036863
Solar,1.5605749486652978,0.005293370882235484,0.3411822285490822
Solar,1.5633127994524298,0.005293370882235484,0.34173794657677664
Solar,1.566050650239562,0.005293370882235484,0.34271045312524195
Solar,1.571526351813826,0.005432329999028434,0.3428494122420349
Solar,1.5742642026009583,0.005432329999028434,0.34312733047562083
Solar,1.5770020533880904,0.005432329999028434,0.34312733047562083
Solar,1.5797399041752225,0.005432329999028434,0.3432663192401878
Solar,1.5824777549623545,0.005432329999028434,0.34354429676932174
Solar,1.5879534565366187,0.005432329999028434,0.3439612630630226
Solar,1.5906913073237507,0.005432329999028434,0.34437822935672346
Solar,1.593429158110883,0.0055713187635953966,0.3447951956504243
Solar,1.596167008898015,0.0055713187635953966,0.3449341844149913
Solar,1.5989048596851472,0.0055713187635953966,0.34507317317955827
Solar,1.6016427104722792,0.0055713187635953966,0.3456291282378261
Solar,1.6043805612594113,0.0055713187635953966,0.34604609453152696
Solar,1.6125941136208077,0.0055713187635953966,0.3464630608252278
Solar,1.6153319644079398,0.0055713187635953966,0.3464630608252278
Solar,1.6180698151950719,0.005710367179992645,0.34701925449081683
Solar,1.620807665982204,0.005710367179992645,0.34771449657280307
Solar,1.623545516769336,0.005849415596389893,0.3481316418219948
Solar,1.626283367556468,0.005849415596389893,0.3484097386547893
Solar,1.6290212183436004,0.005849415596389893,0.3502173680679535
Solar,1.6317590691307324,0.005849415596389893,0.35035641648435073
Solar,1.6344969199178645,0.005849415596389893,0.35049546490074796
Solar,1.6372347707049966,0.00612751242918439,0.3506345133171452
Solar,1.6427104722792607,0.006266560845581639,0.3509126101499397
Solar,1.6454483230663928,0.006266560845581639,0.3511907069827342
Solar,1.648186173853525,0.006266560845581639,0.35132978549619126
Solar,1.6509240246406571,0.006266560845581639,0.35174702103656247
Solar,1.6563997262149213,0.006266560845581639,0.35188609955001954
Solar,1.6591375770020533,0.006266560845581639,0.3521642565769337
Solar,1.6618754277891854,0.006266560845581639,0.35230333509039075
Solar,1.6646132785763177,0.006266560845581639,0.3524424136038478
Solar,1.6673511293634498,0.006266560845581639,0.3525814921173049
Solar,1.6700889801505818,0.006266560845581639,0.35272057063076195
Solar,1.672826830937714,0.006266560845581639,0.3528596793261881
Solar,1.675564681724846,0.006266560845581639,0.3529987880216143
Solar,1.678302532511978,0.0064056695410077795,0.35313789671704043
Solar,1.68104038329911,0.0064056695410077795,0.3560591793209894
Solar,1.6837782340862424,0.0064056695410077795,0.35870224453408606
Solar,1.6865160848733745,0.00654477823643392,0.360649766270052
Solar,1.6892539356605065,0.00654477823643392,0.3612062010517566
Solar,1.6947296372347707,0.00654477823643392,0.36148441844260887
Solar,1.6974674880219027,0.00654477823643392,0.3619017445288873
Solar,1.700205338809035,0.00654477823643392,0.36217996191973956
Solar,1.702943189596167,0.00654477823643392,0.3623190706151657
Solar,1.7056810403832992,0.00654477823643392,0.3625989536090231
Solar,1.7084188911704312,0.00654477823643392,0.3628795212177198
Solar,1.7111567419575633,0.00654477823643392,0.3630201491616417
Solar,1.7138945927446954,0.006826599905008763,0.3630201491616417
Solar,1.7166324435318274,0.006826599905008763,0.36330197083021654
Solar,1.7193702943189597,0.006967636946939971,0.36330197083021654
Solar,1.7221081451060918,0.006967636946939971,0.36344313433441355
Solar,1.7248459958932238,0.006967636946939971,0.363866719821329
Solar,1.727583846680356,0.006967636946939971,0.36471389079515987
Solar,1.730321697467488,0.006967636946939971,0.36485514944449843
Solar,1.73305954825462,0.006967636946939971,0.36513766674317555
Solar,1.7385352498288844,0.006967636946939971,0.36513766674317555
Solar,1.7412731006160165,0.006967636946939971,0.36556172889736954
Solar,1.7440109514031485,0.006967636946939971,0.3657030829487675
Solar,1.7467488021902806,0.006967636946939971,0.3661271451029615
Solar,1.7522245037645447,0.0071089909983379634,0.3661271451029615
Solar,1.757700205338809,0.0071089909983379634,0.3661271451029615
Solar,1.7604380561259412,0.0071089909983379634,0.36655130291746546
Solar,1.7631759069130732,0.0071089909983379634,0.36655130291746546
Solar,1.7659137577002053,0.0071089909983379634,0.36697584406483386
Solar,1.7713894592744694,0.007250536716324582,0.3674004812187937
Solar,1.7741273100616017,0.007250536716324582,0.3676835726547669
Solar,1.7768651608487338,0.007250536716324582,0.3676835726547669
Solar,1.7796030116358659,0.007392371499766586,0.3678254074382089
Solar,1.782340862422998,0.007392371499766586,0.3682509117885349
Solar,1.78507871321013,0.007392371499766586,0.36867660954992926
Solar,1.787816563997262,0.007392371499766586,0.3691023073113236
Solar,1.7960301163586585,0.007392371499766586,0.36924436821840695
Solar,1.7987679671457906,0.007392371499766586,0.3693864615077349
Solar,1.8015058179329226,0.007676558078422536,0.3696706480863909
Solar,1.8069815195071868,0.007676558078422536,0.36981274137571885
Solar,1.809719370294319,0.007960744657078486,0.36981274137571885
Solar,1.8151950718685832,0.007960744657078486,0.3699548346650468
Solar,1.8206707734428473,0.00810283794640646,0.37038111453303074
Solar,1.8234086242299794,0.00838702452506241,0.3708073944010147
Solar,1.8261464750171115,0.00838702452506241,0.37109158097967065
Solar,1.8288843258042438,0.008529117814390384,0.3712336742689986
Solar,1.834360027378508,0.008529117814390384,0.3715178608476546
Solar,1.83709787816564,0.008529117814390384,0.37165995413698255
Solar,1.842573579739904,0.008529117814390384,0.3718020474263105
Solar,1.8453114305270362,0.008529117814390384,0.3718020474263105
Solar,1.8480492813141685,0.008529117814390384,0.3720868217069903
Solar,1.8507871321013005,0.008529117814390384,0.37222920884733024
Solar,1.8590006844626967,0.008529117814390384,0.37265637026834997
Solar,1.8617385352498288,0.008529117814390384,0.3727987574086899
Solar,1.864476386036961,0.008529117814390384,0.37336830597004955
Solar,1.8699520876112252,0.008529117814390384,0.37365308025072935
Solar,1.8726899383983573,0.008529117814390384,0.3740802416717491
Solar,1.8781656399726214,0.008529117814390384,0.3745074030927688
Solar,1.8836413415468858,0.008529117814390384,0.3747921773734486
Solar,1.8863791923340179,0.008529117814390384,0.3755041130751482
Solar,1.88911704312115,0.008671504954730297,0.3759312744961679
Solar,1.891854893908282,0.008813892095070209,0.3765008230575276
Solar,1.8973305954825461,0.008956279235410121,0.379063791583646
Solar,1.9000684462696784,0.008956279235410121,0.3793486984408066
Solar,1.9028062970568105,0.008956279235410121,0.380488325869449
Solar,1.9055441478439425,0.009098732663990415,0.38077323272660957
Solar,1.9082819986310746,0.009098732663990415,0.38134304644093076
Solar,1.9110198494182067,0.009098732663990415,0.38162795329809135
Solar,1.9137577002053388,0.009241186092570708,0.38191286015525194
Solar,1.9164955509924708,0.009383672859187179,0.38219783368848487
Solar,1.919233401779603,0.00952615962580365,0.38219783368848487
Solar,1.9219712525667352,0.00952615962580365,0.3824828072217178
Solar,1.9247091033538672,0.00966864639242012,0.3826252939883343
Solar,1.9301848049281314,0.00995361992565306,0.38276778075495077
Solar,1.9356605065023955,0.00995361992565306,0.3831952410548002
Solar,1.9383983572895278,0.00995361992565306,0.3833377278214167
Solar,1.9411362080766599,0.00995361992565306,0.38348021458803316
Solar,1.943874058863792,0.00995361992565306,0.3837651881212661
Solar,1.949349760438056,0.00995361992565306,0.3841926484211155
Solar,1.9520876112251881,0.00995361992565306,0.384335135187732
Solar,1.9575633127994525,0.00995361992565306,0.3844776219543485
Solar,1.9630390143737166,0.00995361992565306,0.38462010872096497
Solar,1.9685147159479808,0.01009610669226953,0.38476259548758146
Solar,1.9712525667351128,0.01009610669226953,0.3850475690208144
Solar,1.9739904175222451,0.01009610669226953,0.38519015655600697
Solar,1.9767282683093772,0.01009610669226953,0.38519015655600697
Solar,1.9794661190965093,0.01009610669226953,0.3853328450262174
Solar,1.9822039698836413,0.010381483632690352,0.3853328450262174
Solar,1.9849418206707734,0.010381483632690352,0.3860462873772694
Solar,1.9876796714579055,0.010381483632690352,0.38618897584747985
Solar,1.9904175222450375,0.010381483632690352,0.38747317207937354
Solar,1.9931553730321698,0.010381483632690352,0.38747317207937354
Solar,1.995893223819302,0.010381483632690352,0.38761592820651625
Solar,1.998631074606434,0.010524239759833059,0.38775868433365895
Solar,2.004106776180698,0.010524239759833059,0.38804419658794437
Solar,2.00684462696783,0.010524239759833059,0.3881869527150871
Solar,2.0095824777549622,0.010524239759833059,0.3884724649693725
Solar,2.0123203285420943,0.010524239759833059,0.3887579772236579
Solar,2.0177960301163584,0.010524239759833059,0.389186245605086
Solar,2.023271731690623,0.010524239759833059,0.38932900173222873
Solar,2.026009582477755,0.010524239759833059,0.38947175785937144
Solar,2.0314852840520192,0.010524239759833059,0.39004278236794226
Solar,2.0342231348391513,0.010524239759833059,0.3907567330323923
Solar,2.0369609856262834,0.010524239759833059,0.3936125356901923
Solar,2.0396988364134154,0.010524239759833059,0.3946125458968213
Solar,2.0424366872005475,0.010524239759833059,0.3947554044977683
Solar,2.0479123887748116,0.010524239759833059,0.3950411216996623
Solar,2.0506502395619437,0.010524239759833059,0.39532683890155634
Solar,2.0533880903490758,0.010524239759833059,0.3954696975025033
Solar,2.0561259411362083,0.010524239759833059,0.39575541470439735
Solar,2.0588637919233403,0.010524239759833059,0.3960412006709609
Solar,2.0616016427104724,0.010667132743114833,0.3961840936542427
Solar,2.0643394934976045,0.010667132743114833,0.39632698663752447
Solar,2.0670773442847366,0.010667132743114833,0.396612772604088
Solar,2.0698151950718686,0.010667132743114833,0.3967556655873698
Solar,2.0725530458590007,0.010810025726396607,0.39761302348706046
Solar,2.0752908966461328,0.010810025726396607,0.39761302348706046
Solar,2.078028747433265,0.010810025726396607,0.39775602009106975
Solar,2.080766598220397,0.01109601893441524,0.3980420132990884
Solar,2.086242299794661,0.01109601893441524,0.39832800650710704
Solar,2.088980150581793,0.01109601893441524,0.3988999929231443
Solar,2.0917180013689256,0.01109601893441524,0.39918598613116296
Solar,2.0944558521560577,0.01109601893441524,0.39990096915120954
Solar,2.0971937029431897,0.01109601893441524,0.40004396575521883
Solar,2.099931553730322,0.01109601893441524,0.4003299589632375
Solar,2.102669404517454,0.01109601893441524,0.4007589487752654
Solar,2.105407255304586,0.01109601893441524,0.4013309351913027
Solar,2.108145106091718,0.01109601893441524,0.401473931795312
Solar,2.11088295687885,0.01109601893441524,0.4016169283993213
Solar,2.116358658453114,0.01109601893441524,0.40218891481535857
Solar,2.1218343600273784,0.01109601893441524,0.4026179046273865
Solar,2.1245722108145104,0.011239015538424556,0.4031898910434238
Solar,2.127310061601643,0.011239015538424556,0.4033328876474331
Solar,2.132785763175907,0.011239015538424556,0.4034758842514424
Solar,2.135523613963039,0.011382047087840522,0.4034758842514424
Solar,2.1409993155373033,0.011382047087840522,0.40361891580085835
Solar,2.1437371663244353,0.011382047087840522,0.4041910419985222
Solar,2.1464750171115674,0.011382047087840522,0.40447710509735413
Solar,2.1492128678986995,0.011382047087840522,0.40447710509735413
Solar,2.1519507186858315,0.011382047087840522,0.4046201716777643
Solar,2.1546885694729636,0.011382047087840522,0.4050493714189949
Solar,2.1574264202600957,0.011525113668250712,0.40547857116022545
Solar,2.16290212183436,0.011525113668250712,0.40576470432104583
Solar,2.1656399726214923,0.011668180248660901,0.4060508374818662
Solar,2.1683778234086244,0.011668180248660901,0.40662310380350697
Solar,2.1711156741957565,0.01181124682907109,0.40705230354473754
Solar,2.1738535249828885,0.01195431340948128,0.4074815032859681
Solar,2.1793292265571527,0.01195431340948128,0.4076245698663783
Solar,2.1820670773442847,0.01209737998989147,0.4076245698663783
Solar,2.184804928131417,0.012240446570301659,0.4079107030271987
Solar,2.187542778918549,0.012240446570301659,0.40862656580547335
Solar,2.190280629705681,0.012240446570301659,0.40905608347243816
Solar,2.198494182067077,0.012240446570301659,0.4091992560280931
Solar,2.2012320328542097,0.012240446570301659,0.40934242858374803
Solar,2.2039698836413417,0.012240446570301659,0.4094856365869285
Solar,2.206707734428474,0.012383690047349656,0.4094856365869285
Solar,2.212183436002738,0.012383690047349656,0.40962888006397646
Solar,2.21492128678987,0.012383690047349656,0.41063158440331243
Solar,2.217659137577002,0.012383690047349656,0.4107748278803604
Solar,2.223134839151266,0.012383690047349656,0.41091817814926507
Solar,2.2313483915126624,0.012383690047349656,0.41120487868707434
Solar,2.2340862422997945,0.0125270403162543,0.41120487868707434
Solar,2.236824093086927,0.0125270403162543,0.411348228955979
Solar,2.239561943874059,0.0125270403162543,0.41149157922488366
Solar,2.242299794661191,0.0125270403162543,0.41163496517969045
Solar,2.245037645448323,0.012670461983627663,0.4117783868470638
Solar,2.2477754962354553,0.012670461983627663,0.4117783868470638
Solar,2.2505133470225873,0.012670461983627663,0.41206630638241615
Solar,2.2532511978097194,0.012670461983627663,0.4123542259177685
Solar,2.2559890485968515,0.012670461983627663,0.41249818568544466
Solar,2.2642026009582477,0.012670461983627663,0.412786105220797
Solar,2.269678302532512,0.012670461983627663,0.41436966266523484
Solar,2.2751540041067764,0.012670461983627663,0.4149455017359395
Solar,2.2778918548939084,0.012670461983627663,0.41537738103896804
Solar,2.2888432580424367,0.012670461983627663,0.4158093690729389
Solar,2.291581108829569,0.012670461983627663,0.41595336508426256
Solar,2.294318959616701,0.012670461983627663,0.4160973610955862
Solar,2.297056810403833,0.012670461983627663,0.41624135710690985
Solar,2.299794661190965,0.012670461983627663,0.4166733451408807
Solar,2.302532511978097,0.012814457994951279,0.4171053331748516
Solar,2.305270362765229,0.012958490387278261,0.41724936556717857
Solar,2.308008213552361,0.012958490387278261,0.41739343437730386
Solar,2.3134839151266258,0.012958490387278261,0.41753750318742916
Solar,2.316221765913758,0.012958490387278261,0.41768157199755446
Solar,2.31895961670089,0.013102632143636531,0.41782571375391275
Solar,2.321697467488022,0.013102632143636531,0.4181139972666293
Solar,2.324435318275154,0.0132467738999948,0.4181139972666293
Solar,2.3381245722108144,0.0132467738999948,0.4184022807793458
Solar,2.3408624229979464,0.0132467738999948,0.41869056429206236
Solar,2.346338124572211,0.01339091565635307,0.41869056429206236
Solar,2.349075975359343,0.01339091565635307,0.4189788478047789
Solar,2.3545516769336072,0.01339091565635307,0.41926713131749543
Solar,2.3572895277207393,0.01339091565635307,0.42013198185564504
Solar,2.3600273785078714,0.01339091565635307,0.42027612361200334
Solar,2.3627652292950034,0.01339091565635307,0.42042026536836163
Solar,2.3709787816563996,0.01339091565635307,0.4208529109253983
Solar,2.3764544832306638,0.01339091565635307,0.42099712611107715
Solar,2.379192334017796,0.01339091565635307,0.421141341296756
Solar,2.3819301848049284,0.01353513084203195,0.421141341296756
Solar,2.3846680355920604,0.01353513084203195,0.4212855932814106
Solar,2.3874058863791925,0.013679419653846236,0.4212855932814106
Solar,2.3901437371663246,0.013679419653846236,0.42142988209322485
Solar,2.3928815879534566,0.013679419653846236,0.4215741709050391
Solar,2.3983572895277208,0.013679419653846236,0.4221513261522963
Solar,2.401095140314853,0.013679419653846236,0.42229561496411055
Solar,2.409308692676249,0.013679419653846236,0.42229561496411055
Solar,2.412046543463381,0.013679419653846236,0.42287291789694786
Solar,2.414784394250513,0.013679419653846236,0.4230172436301572
Solar,2.4202600958247777,0.013679419653846236,0.4230172436301572
Solar,2.42299794661191,0.013823782374685805,0.4230172436301572
Solar,2.428473648186174,0.013823782374685805,0.42316160635099676
Solar,2.43668720054757,0.013823782374685805,0.4240280048294902
Solar,2.439425051334702,0.013823782374685805,0.4243168043223214
Solar,2.4449007529089664,0.013823782374685805,0.42460560381515255
Solar,2.4476386036960984,0.013823782374685805,0.4247500035615681
Solar,2.4503764544832305,0.013823782374685805,0.4250388030543993
Solar,2.4531143052703626,0.013968182121101376,0.42532760254723045
Solar,2.455852156057495,0.013968182121101376,0.425472002293646
Solar,2.458590006844627,0.013968182121101376,0.42561647647292056
Solar,2.4640657084188913,0.014112656300375925,0.42561647647292056
Solar,2.4668035592060233,0.014112656300375925,0.4260498990107442
Solar,2.4695414099931554,0.014112656300375925,0.42619437319001874
Solar,2.4722792607802875,0.014112656300375925,0.4263388473692933
Solar,2.4750171115674195,0.014112656300375925,0.4266277957278424
Solar,2.4777549623545516,0.014112656300375925,0.4267722699071169
Solar,2.4804928131416837,0.014112656300375925,0.4272058044693753
Solar,2.48870636550308,0.014112656300375925,0.4274949771087284
Solar,2.4914442162902124,0.014112656300375925,0.427639563428405
Solar,2.4941820670773445,0.014112656300375925,0.42778414974808154
Solar,2.4969199178644765,0.014112656300375925,0.4279287360677581
Solar,2.4996577686516086,0.014112656300375925,0.4280733223874347
Solar,2.5023956194387407,0.014112656300375925,0.42821790870711124
Solar,2.5051334702258727,0.014112656300375925,0.4283624950267878
Solar,2.507871321013005,0.014112656300375925,0.42850719392340675
Solar,2.510609171800137,0.014112656300375925,0.4286518928200257
Solar,2.516084873374401,0.01425750565074754,0.4286518928200257
Solar,2.524298425735797,0.01425750565074754,0.42894159152076894
Solar,2.5270362765229293,0.014402355001119154,0.4292312902215122
Solar,2.529774127310062,0.014547204351490768,0.4292312902215122
Solar,2.532511978097194,0.014547204351490768,0.4293761395718838
Solar,2.537987679671458,0.014547204351490768,0.42952098892225543
Solar,2.54072553045859,0.014547204351490768,0.42966583827262705
Solar,2.546201232032854,0.014547204351490768,0.43010038632374187
Solar,2.5571526351813825,0.014692053701862383,0.43010038632374187
Solar,2.5598904859685145,0.014692053701862383,0.4303900850244851
Solar,2.5626283367556466,0.014836903052233997,0.4308246330755999
Solar,2.565366187542779,0.014836903052233997,0.43096948242597155
Solar,2.568104038329911,0.014836903052233997,0.4311143317763432
Solar,2.5708418891170433,0.014836903052233997,0.4312591811267148
Solar,2.5735797399041753,0.014836903052233997,0.4314040304770864
Solar,2.5817932922655715,0.014836903052233997,0.43154887982745804
Solar,2.5845311430527036,0.014836903052233997,0.43169372917782967
Solar,2.5872689938398357,0.014836903052233997,0.4318385785282013
Solar,2.595482546201232,0.014836903052233997,0.43212827722894454
Solar,2.598220396988364,0.014836903052233997,0.43227312657931616
Solar,2.6009582477754964,0.014836903052233997,0.4325628252800594
Solar,2.6036960985626285,0.014981790380935545,0.4325628252800594
Solar,2.6064339493497606,0.014981790380935545,0.4328525999374625
Solar,2.6091718001368926,0.015126677709637094,0.43299748726616405
Solar,2.6119096509240247,0.015126677709637094,0.43328726192356715
Solar,2.622861054072553,0.015126677709637094,0.4334321492522687
Solar,2.625598904859685,0.015126677709637094,0.4337219239096718
Solar,2.628336755646817,0.015126677709637094,0.43386681123837334
Solar,2.631074606433949,0.015126677709637094,0.43386681123837334
Solar,2.642026009582478,0.015126677709637094,0.4340117366752623
Solar,2.64476386036961,0.015126677709637094,0.43430158754904036
Solar,2.650239561943874,0.015126677709637094,0.43444651298592935
Solar,2.6584531143052703,0.015126677709637094,0.43459143842281833
Solar,2.6611909650924024,0.015126677709637094,0.43488128929659636
Solar,2.6639288158795345,0.015126677709637094,0.43502621473348535
Solar,2.6666666666666665,0.015271641355183331,0.4353161420245778
Solar,2.6694045174537986,0.015416643259807305,0.4353161420245778
Solar,2.6803559206023273,0.015416643259807305,0.43546114392920177
Solar,2.6830937713894594,0.015561645164431278,0.43546114392920177
Solar,2.6858316221765914,0.015561645164431278,0.43560614583382573
Solar,2.6940451745379876,0.015561645164431278,0.4357511477384497
Solar,2.6967830253251197,0.015561645164431278,0.43589614964307366
Solar,2.6995208761122518,0.015561645164431278,0.4361861534523216
Solar,2.702258726899384,0.015561645164431278,0.43705616488006543
Solar,2.707734428473648,0.015561645164431278,0.4372012052059678
Solar,2.7104722792607805,0.015707419578291054,0.4372012052059678
Solar,2.7159479808350446,0.015707419578291054,0.43734697961982755
Solar,2.7186858316221767,0.015707419578291054,0.4374927540336873
Solar,2.724161533196441,0.015707419578291054,0.43778430286140685
Solar,2.726899383983573,0.015707419578291054,0.4379300772752666
Solar,2.735112936344969,0.015707419578291054,0.4379300772752666
Solar,2.7405886379192332,0.015707419578291054,0.43807592951849844
Solar,2.7433264887063653,0.015707419578291054,0.4385134862481939
Solar,2.746064339493498,0.015853271821522887,0.4385134862481939
Solar,2.74880219028063,0.015853271821522887,0.43865933849142574
Solar,2.751540041067762,0.015853271821522887,0.43880519073465757
Solar,2.757015742642026,0.015853271821522887,0.4396803041940486
Solar,2.759753593429158,0.015853271821522887,0.4399720086805122
Solar,2.7624914442162902,0.015853271821522887,0.44011786092374405
Solar,2.7652292950034223,0.015853271821522887,0.4402637131669759
Solar,2.7679671457905544,0.015853271821522887,0.4404095654102077
Solar,2.7734428473648185,0.015853271821522887,0.44055541765343953
Solar,2.7761806981519506,0.015853271821522887,0.44070126989667135
Solar,2.7789185489390826,0.01599912406475472,0.4408471221399032
Solar,2.7816563997262147,0.01599912406475472,0.4414305311128305
Solar,2.784394250513347,0.01614497630798655,0.4414305311128305
Solar,2.7871321013004793,0.01614497630798655,0.4415763833560623
Solar,2.7926078028747434,0.01614497630798655,0.44186808784252596
Solar,2.7953456536618755,0.01614497630798655,0.4421597923289896
Solar,2.7980835044490076,0.01614497630798655,0.44230564457222143
Solar,2.8008213552361396,0.01614497630798655,0.44245149681545326
Solar,2.8035592060232717,0.016290828551218384,0.44245149681545326
Solar,2.809034907597536,0.016290828551218384,0.4425973490586851
Solar,2.811772758384668,0.016290828551218384,0.44274339813355423
Solar,2.8145106091718,0.016290828551218384,0.4433291759064998
Solar,2.817248459958932,0.016290828551218384,0.44362214418817086
Solar,2.8199863107460645,0.016437392194979743,0.44376870783193223
Solar,2.8227241615331966,0.016437392194979743,0.44406183511945496
Solar,2.8281998631074607,0.016437392194979743,0.44420839876321633
Solar,2.830937713894593,0.016437392194979743,0.4446480896945004
Solar,2.833675564681725,0.01658403560126832,0.444794733100789
Solar,2.836413415468857,0.016732661768845015,0.4449433592683657
Solar,2.839151266255989,0.016732661768845015,0.4455393448526035
Solar,2.841889117043121,0.016732661768845015,0.445837999667032
Solar,2.844626967830253,0.016732661768845015,0.4461369867816713
Solar,2.847364818617385,0.016732661768845015,0.44643597389631057
Solar,2.8501026694045173,0.016732661768845015,0.4465854674536302
Solar,2.8528405201916494,0.016732661768845015,0.44718360829595677
Solar,2.855578370978782,0.016732661768845015,0.44808157099266566
Solar,2.858316221765914,0.016732661768845015,0.4485305523410201
Solar,2.861054072553046,0.016732661768845015,0.44942851503772896
Solar,2.86652977412731,0.016732661768845015,0.44972800385859485
Solar,2.869267624914442,0.016732661768845015,0.45002749267946074
Solar,2.8720054757015743,0.016732661768845015,0.45272289206725363
Solar,2.8747433264887063,0.016732661768845015,0.45856292407413823
Solar,2.8774811772758384,0.016732661768845015,0.46290551197669344
Solar,2.8802190280629705,0.016732661768845015,0.4666491222375169
Solar,2.8829568788501025,0.016732661768845015,0.46709835546881573
Solar,2.8856947296372346,0.016732661768845015,0.46724809987924865
Solar,2.8884325804243667,0.016732661768845015,0.46739784428968156
Solar,2.891170431211499,0.016732661768845015,0.46784707752098037
Solar,2.8939082819986313,0.01688244969697933,0.46829644130538334
Solar,2.8966461327857633,0.01688244969697933,0.46859601716165195
Solar,2.9021218343600275,0.01688244969697933,0.4694947447304578
Solar,2.9048596851471595,0.01688244969697933,0.46979432058672643
Solar,2.9075975359342916,0.01688244969697933,0.47009389644299504
Solar,2.9103353867214237,0.01688244969697933,0.4708428360836666
Solar,2.9130732375085557,0.01688244969697933,0.4709926240118009
Solar,2.915811088295688,0.01688244969697933,0.4711424119399352
Solar,2.91854893908282,0.01703228146120616,0.47129224370416206
Solar,2.924024640657084,0.01703228146120616,0.4715919950075215
Solar,2.926762491444216,0.01703228146120616,0.47174187065920126
Solar,2.9295003422313486,0.01703228146120616,0.47174187065920126
Solar,2.9322381930184807,0.01703228146120616,0.4721916294696525
Solar,2.9349760438056127,0.01703228146120616,0.47234172529365165
Solar,2.937713894592745,0.01703228146120616,0.4724918211176508
Solar,2.940451745379877,0.01703228146120616,0.47264191694165
Solar,2.943189596167009,0.01703228146120616,0.47309220441364747
Solar,2.945927446954141,0.01718237728520532,0.4733923960616458
Solar,2.948665297741273,0.01718237728520532,0.47459316265363904
Solar,2.951403148528405,0.01718237728520532,0.47534364177363486
Solar,2.954140999315537,0.01718237728520532,0.47579392924563235
Solar,2.9568788501026693,0.01718237728520532,0.4765446305981185
Solar,2.9623545516769334,0.01718237728520532,0.4769951850259886
Solar,2.965092402464066,0.01718237728520532,0.4771453698352786
Solar,2.967830253251198,0.01718237728520532,0.4775959242631487
Solar,2.97056810403833,0.01718237728520532,0.4778962938817287
Solar,2.973305954825462,0.01718237728520532,0.47804647869101874
Solar,2.976043805612594,0.01718237728520532,0.47819666350030876
Solar,2.9787816563997263,0.01748274690378537,0.47819666350030876
Solar,2.9869952087611225,0.01748274690378537,0.4786472179281788
Solar,2.9897330595482545,0.01748274690378537,0.4790977723560489
Solar,2.9924709103353866,0.017632931713075395,0.479998881211789
Solar,2.9952087611225187,0.017632931713075395,0.4807502545098374
Solar,2.9979466119096507,0.017783206372685066,0.48105080382905674
Solar,3.0006844626967832,0.017933481032294737,0.4812010784886664
Solar,3.0034223134839153,0.017933481032294737,0.4816520377688096
Solar,3.0061601642710474,0.017933481032294737,0.48195267728890506
Solar,3.0116358658453115,0.01808384598770027,0.48195267728890506
Solar,3.0143737166324436,0.01808384598770027,0.4821030422443106
Solar,3.02258726899384,0.018234210943105802,0.4821030422443106
Solar,3.025325119780972,0.018234210943105802,0.48240377215512165
Solar,3.028062970568104,0.018234210943105802,0.4825541824011764
Solar,3.030800821355236,0.018234210943105802,0.4830054131393407
Solar,3.0390143737166326,0.018234210943105802,0.484058284861724
Solar,3.0417522245037647,0.018384621189160552,0.4843591053538335
Solar,3.0444900752908968,0.018384621189160552,0.4849607463380525
Solar,3.047227926078029,0.0185350314352153,0.48511115658410725
Solar,3.049965776865161,0.0185350314352153,0.485261566830162
Solar,3.052703627652293,0.0185350314352153,0.4854119770762168
Solar,3.058179329226557,0.0185350314352153,0.4864648487986001
Solar,3.060917180013689,0.01868544168127005,0.4867656692907096
Solar,3.0636550308008212,0.01868544168127005,0.48691621689771963
Solar,3.0663928815879533,0.01868544168127005,0.48721731211173974
Solar,3.0691307323750854,0.01868544168127005,0.48721731211173974
Solar,3.0718685831622174,0.01868544168127005,0.4873679974567251
Solar,3.07460643394935,0.01868544168127005,0.48751868280171046
Solar,3.077344284736482,0.01868544168127005,0.48797073883666653
Solar,3.0855578370978782,0.01868544168127005,0.4881214241816519
Solar,3.0882956878850103,0.01868544168127005,0.4884229791398525
Solar,3.0965092402464065,0.01868544168127005,0.48902608905625367
Solar,3.0992470910335386,0.01868544168127005,0.4893276440144543
Solar,3.1019849418206706,0.01868544168127005,0.4899307539308555
Solar,3.1047227926078027,0.01868544168127005,0.4900815314099558
Solar,3.1156741957563314,0.01868544168127005,0.49324785847106206
Solar,3.1184120465434635,0.01868544168127005,0.49746962788587046
Solar,3.1211498973305956,0.01883621916037035,0.49882662519777315
Solar,3.1238877481177276,0.01883621916037035,0.4994297351141744
Solar,3.1266255989048597,0.019137774118570948,0.499731290072375
Solar,3.132101300479124,0.019137774118570948,0.4998820675514753
Solar,3.134839151266256,0.019137774118570948,0.5000328450305755
Solar,3.137577002053388,0.019137774118570948,0.5001836225096759
Solar,3.1457905544147846,0.019137774118570948,0.5004851774678765
Solar,3.1485284052019167,0.019288551597671247,0.5004851774678765
Solar,3.1512662559890487,0.019288551597671247,0.501088666341184
Solar,3.154004106776181,0.019288551597671247,0.5012395385595109
Solar,3.156741957563313,0.019288551597671247,0.5016921552144915
Solar,3.162217659137577,0.019439423815998124,0.5024465163061259
Solar,3.164955509924709,0.019439423815998124,0.5028991329611066
Solar,3.167693360711841,0.019439423815998124,0.5035026218344141
Solar,3.1704312114989732,0.019439423815998124,0.503653494052741
Solar,3.1731690622861053,0.019439423815998124,0.5039552384893947
Solar,3.1786447638603694,0.019439423815998124,0.5042569829260485
Solar,3.1813826146475015,0.019439423815998124,0.5047095995810291
Solar,3.186858316221766,0.019439423815998124,0.5047095995810291
Solar,3.189596167008898,0.019439423815998124,0.5048605196497266
Solar,3.1978097193702943,0.019439423815998124,0.5051623597871214
Solar,3.2005475701574264,0.019439423815998124,0.5053132798558189
Solar,3.2032854209445585,0.019590343884695546,0.5053132798558189
Solar,3.2087611225188226,0.019590343884695546,0.5057664719476404
Solar,3.2197125256673513,0.019741407915302694,0.5057664719476404
Solar,3.2279260780287475,0.019741407915302694,0.5060686000088547
Solar,3.2361396303901437,0.019741407915302694,0.5066728561312833
Solar,3.238877481177276,0.019741407915302694,0.5068239201618905
Solar,3.241615331964408,0.019741407915302694,0.5069750324095518
Solar,3.24435318275154,0.019741407915302694,0.5077305936478582
Solar,3.247091033538672,0.01989252016296398,0.5077305936478582
Solar,3.252566735112936,0.01989252016296398,0.5078817058955195
Solar,3.2553045859000687,0.020043632410625265,0.5081839303908421
Solar,3.2580424366872007,0.020043632410625265,0.508637267133826
Solar,3.260780287474333,0.020043632410625265,0.5089394916291485
Solar,3.263518138261465,0.020043632410625265,0.5093931194390621
Solar,3.266255989048597,0.02019489028531196,0.5095443773137488
Solar,3.268993839835729,0.02019489028531196,0.5115107296846758
Solar,3.271731690622861,0.02019489028531196,0.5213424915393111
Solar,3.274469541409993,0.02019489028531196,0.5234601017849249
Solar,3.277207392197125,0.02019489028531196,0.524367649033045
Solar,3.2826830937713893,0.02019489028531196,0.5248215734124619
Solar,3.2854209445585214,0.02019489028531196,0.5249728815389343
Solar,3.2881587953456535,0.02019489028531196,0.5254268059183512
Solar,3.2908966461327855,0.02019489028531196,0.5255781140448236
Solar,3.293634496919918,0.02019489028531196,0.5257294221712959
Solar,3.29637234770705,0.02019489028531196,0.5265000869498828
Solar,3.299110198494182,0.020353001559384094,0.5277649771424598
Solar,3.3018480492813143,0.020353001559384094,0.5284023283713712
Solar,3.3073237508555784,0.020353001559384094,0.528721567614434
Solar,3.3100616016427105,0.020353001559384094,0.529520797374849
Solar,3.3127994524298425,0.020513531588294852,0.529520797374849
Solar,3.3155373032169746,0.020513531588294852,0.5301642949380051
Solar,3.3182751540041067,0.020513531588294852,0.5308084844340247
Solar,3.323750855578371,0.020513531588294852,0.5311309263916084
Solar,3.326488706365503,0.020513531588294852,0.5314533683491921
Solar,3.3292265571526354,0.020513531588294852,0.5316145893279839
Solar,3.3319644079397674,0.020675101530244246,0.532099299153832
Solar,3.3347022587268995,0.020675101530244246,0.532099299153832
Solar,3.3374401095140316,0.020675101530244246,0.532099299153832
Solar,3.3401779603011637,0.020675101530244246,0.5322611614771457
Solar,3.3429158110882957,0.020675101530244246,0.5329086107704007
Solar,3.345653661875428,0.02083696385355801,0.5329086107704007
Solar,3.34839151266256,0.02083696385355801,0.5332323354170283
Solar,3.356605065023956,0.02083696385355801,0.5340416470335971
Solar,3.359342915811088,0.02083696385355801,0.5348512530523546
Solar,3.3675564681724848,0.02083696385355801,0.5350131742561061
Solar,3.370294318959617,0.02083696385355801,0.5351751545120835
Solar,3.373032169746749,0.02099894410953552,0.5358230755359936
Solar,3.375770020533881,0.021160924365513034,0.5361470360479487
Solar,3.381245722108145,0.021160924365513034,0.5364709965599037
Solar,3.383983572895277,0.021160924365513034,0.5366329768158812
Solar,3.3867214236824092,0.021160924365513034,0.5372808978397913
Solar,3.3894592744695413,0.021160924365513034,0.5376049772363378
Solar,3.3921971252566734,0.021160924365513034,0.5380910963311577
Solar,3.3949349760438055,0.021160924365513034,0.5390633345207974
Solar,3.403148528405202,0.021160924365513034,0.5393874139173439
Solar,3.405886379192334,0.021322964063786316,0.5393874139173439
Solar,3.4086242299794662,0.021322964063786316,0.5398737123919035
Solar,3.4113620807665983,0.021322964063786316,0.5401981510784427
Solar,3.4195756331279945,0.021322964063786316,0.5405225897649819
Solar,3.4223134839151266,0.021485183407055932,0.5410092477947908
Solar,3.4250513347022586,0.021485183407055932,0.5411714671380604
Solar,3.4277891854893907,0.021485183407055932,0.541658305745988
Solar,3.430527036276523,0.021809863088101608,0.5418206455865108
Solar,3.433264887063655,0.021809863088101608,0.541983045843796
Solar,3.436002737850787,0.021809863088101608,0.5421454461010812
Solar,3.4387405886379194,0.021809863088101608,0.5423079068651686
Solar,3.4442162902121836,0.021809863088101608,0.542470367629256
Solar,3.4496919917864477,0.021809863088101608,0.5439325145060434
Solar,3.4524298425735798,0.021809863088101608,0.5444198967983058
Solar,3.455167693360712,0.021809863088101608,0.5447448183264808
Solar,3.457905544147844,0.021809863088101608,0.5449074009666104
Solar,3.460643394934976,0.021809863088101608,0.5452326883059087
Solar,3.463381245722108,0.02197250675775074,0.5453953319755578
Solar,3.46611909650924,0.02197250675775074,0.5457207416493198
Solar,3.468856947296372,0.02197250675775074,0.5457207416493198
Solar,3.4715947980835042,0.022135456909123875,0.5460466419520661
Solar,3.4743326488706368,0.022135456909123875,0.5465354924061855
Solar,3.477070499657769,0.022298468644076516,0.5465354924061855
Solar,3.479808350444901,0.022298468644076516,0.5468615158760908
Solar,3.485284052019165,0.022461480379029158,0.5470245276110434
Solar,3.488021902806297,0.022461480379029158,0.5473505510809487
Solar,3.490759753593429,0.022461480379029158,0.5473505510809487
Solar,3.4934976043805612,0.022461480379029158,0.5475136864501333
Solar,3.4962354551676933,0.022461480379029158,0.5480030925576874
Solar,3.4989733059548254,0.022461480379029158,0.5483293632960567
Solar,3.5017111567419574,0.022461480379029158,0.5486556340344261
Solar,3.5044490075290895,0.022461480379029158,0.5488187694036107
Solar,3.5071868583162216,0.022461480379029158,0.5489819047727954
Solar,3.509924709103354,0.022461480379029158,0.5493081755111647
Solar,3.512662559890486,0.022461480379029158,0.5497977681301928
Solar,3.515400410677618,0.022624802544546827,0.5499610902957104
Solar,3.5181382614647503,0.022624802544546827,0.5504510567922634
Solar,3.5208761122518824,0.022788124710064497,0.5504510567922634
Solar,3.5236139630390144,0.023114769041099836,0.5511043454543341
Solar,3.5263518138261465,0.023114769041099836,0.5514313661037231
Solar,3.5318275154004106,0.023114769041099836,0.5519226523218007
Solar,3.5345653661875427,0.023114769041099836,0.5520864143944932
Solar,3.5373032169746748,0.023114769041099836,0.5522501764671858
Solar,3.542778918548939,0.023114769041099836,0.5524139385398783
Solar,3.5455167693360714,0.023114769041099836,0.5525777638167672
Solar,3.5482546201232035,0.023114769041099836,0.5529054143705449
Solar,3.5537303216974676,0.023278657644342338,0.5530693029737873
Solar,3.5564681724845997,0.02344254624758484,0.5532331915770298
Solar,3.5592060232717317,0.02360643485082734,0.5532331915770298
Solar,3.561943874058864,0.023770323454069844,0.5532331915770298
Solar,3.564681724845996,0.023770323454069844,0.5533972072749627
Solar,3.567419575633128,0.023770323454069844,0.5535614140591456
Solar,3.57015742642026,0.023770323454069844,0.5538898276275114
Solar,3.572895277207392,0.023770323454069844,0.5543824479800601
Solar,3.578370978781656,0.023770323454069844,0.554546654764243
Solar,3.5811088295687883,0.023770323454069844,0.554710861548426
Solar,3.583846680355921,0.023770323454069844,0.5548751323258997
Solar,3.586584531143053,0.023770323454069844,0.5556968065540979
Solar,3.589322381930185,0.023770323454069844,0.5561898110910168
Solar,3.592060232717317,0.02393465829970948,0.5561898110910168
Solar,3.594798083504449,0.02393465829970948,0.5563541459366564
Solar,3.597535934291581,0.02393465829970948,0.556518480782296
Solar,3.600273785078713,0.024098993145349117,0.557011485319215
Solar,3.6030116358658453,0.02442792092040639,0.5573404130942722
Solar,3.6057494866529773,0.02442792092040639,0.5576694702665659
Solar,3.6112251882272415,0.02459244950655325,0.5576694702665659
Solar,3.6139630390143735,0.02459244950655325,0.5579985274388596
Solar,3.62217659137577,0.02475697809270011,0.5583275846111533
Solar,3.6249144421629023,0.02475697809270011,0.558656641783447
Solar,3.6276522929500343,0.02475697809270011,0.5588211703695939
Solar,3.6303901437371664,0.02492176711190775,0.5589859593888016
Solar,3.6331279945242985,0.025086556131115392,0.5591507484080093
Solar,3.6358658453114305,0.025086556131115392,0.5594803264464245
Solar,3.6386036960985626,0.025086556131115392,0.5596451154656322
Solar,3.6413415468856947,0.025086556131115392,0.5596451154656322
Solar,3.6440793976728267,0.025086556131115392,0.5598099699032675
Solar,3.646817248459959,0.025086556131115392,0.560139678778538
Solar,3.649555099247091,0.02558111944402121,0.560139678778538
Solar,3.6550308008213555,0.025745973881656486,0.560139678778538
Solar,3.6577686516084875,0.025745973881656486,0.5603045988690756
Solar,3.6605065023956196,0.025745973881656486,0.5604695189596132
Solar,3.6632443531827517,0.025745973881656486,0.5609642792312258
Solar,3.6659822039698837,0.02591089397219404,0.5614590395028385
Solar,3.668720054757016,0.02591089397219404,0.5616239595933761
Solar,3.671457905544148,0.02591089397219404,0.5617888796839137
Solar,3.67419575633128,0.026075814062731597,0.5617888796839137
Solar,3.679671457905544,0.026075814062731597,0.5619538657953042
Solar,3.682409308692676,0.026075814062731597,0.5621188519066946
Solar,3.685147159479808,0.026240800174122052,0.5621188519066946
Solar,3.696098562628337,0.026240800174122052,0.562613810240866
Solar,3.698836413415469,0.026405786285512507,0.562613810240866
Solar,3.704312114989733,0.02657077239690296,0.5629437824636468
Solar,3.707049965776865,0.02657077239690296,0.5631088349144467
Solar,3.7097878165639973,0.026735891267200204,0.5631088349144467
Solar,3.7152635181382614,0.026735891267200204,0.5634390726550412
Solar,3.7180013689253935,0.026735891267200204,0.5716950161699034
Solar,3.7207392197125255,0.026901010137497447,0.5728508482619841
Solar,3.7234770704996576,0.026901010137497447,0.5741723443960345
Solar,3.7262149212867897,0.026901010137497447,0.5748330924630597
Solar,3.728952772073922,0.026901010137497447,0.5751634664965722
Solar,3.7316906228610542,0.026901010137497447,0.5769805236808916
Solar,3.7344284736481863,0.02706619715425375,0.5776412717479168
Solar,3.7371663244353184,0.027396571187766353,0.5779716457814293
Solar,3.7399041752224504,0.027396571187766353,0.5804525664626792
Solar,3.7426420260095825,0.027396571187766353,0.5809491694964692
Solar,3.7481177275838466,0.027396571187766353,0.5809491694964692
Solar,3.7508555783709787,0.027396571187766353,0.5817775414493368
Solar,3.753593429158111,0.027396571187766353,0.582772853556373
Solar,3.756331279945243,0.027396571187766353,0.5829387389075457
Solar,3.759069130732375,0.027396571187766353,0.5836025629107905
Solar,3.761806981519507,0.027396571187766353,0.5837685897421612
Solar,3.7645448323066395,0.027396571187766353,0.5846001441456472
Solar,3.7672826830937716,0.027396571187766353,0.5850990767877389
Solar,3.7700205338809036,0.027396571187766353,0.5854316985491332
Solar,3.7727583846680357,0.027396571187766353,0.5855980094298304
Solar,3.7754962354551678,0.02756302513158674,0.5859309173174712
Solar,3.7782340862423,0.02756302513158674,0.5865975944326949
Solar,3.780971937029432,0.02756302513158674,0.5867642637115008
Solar,3.79192334017796,0.027729694410392663,0.5872642715479186
Solar,3.7973990417522243,0.027729694410392663,0.5874310852541759
Solar,3.800136892539357,0.027729694410392663,0.5875978989604331
Solar,3.805612594113621,0.027729694410392663,0.5880987744898982
Solar,3.808350444900753,0.027729694410392663,0.5897683595881151
Solar,3.811088295687885,0.027729694410392663,0.5919407166427326
Solar,3.813826146475017,0.02789835498198773,0.5926153589291129
Solar,3.8165639972621492,0.02789835498198773,0.5936304805147274
Solar,3.8193018480492813,0.02789835498198773,0.5939697643914673
Solar,3.8220396988364134,0.02789835498198773,0.5943093529685904
Solar,3.8247775496235454,0.02789835498198773,0.594818735834275
Solar,3.8275154004106775,0.02789835498198773,0.594818735834275
Solar,3.8302532511978096,0.02789835498198773,0.594818735834275
Solar,3.8329911019849416,0.028068378825693786,0.594818735834275
Solar,3.8357289527720737,0.028068378825693786,0.594818735834275
Solar,3.838466803559206,0.02823894096288964,0.5951598601086667
Solar,3.8412046543463383,0.02823894096288964,0.5953309646970031
Solar,3.8439425051334704,0.02823894096288964,0.5955020692853394
Solar,3.8466803559206024,0.02823894096288964,0.5956731738736758
Solar,3.8494182067077345,0.02823894096288964,0.5960155388123771
Solar,3.8521560574948666,0.02823894096288964,0.5965290862204291
Solar,3.8548939082819986,0.02823894096288964,0.596700503293438
Solar,3.8576317590691307,0.02823894096288964,0.596871998746453
Solar,3.8603696098562628,0.02823894096288964,0.5973864851054979
Solar,3.868583162217659,0.02823894096288964,0.5975580591540458
Solar,3.871321013004791,0.028410515011437584,0.5979012072511417
Solar,3.8740588637919235,0.028582167872134606,0.5982445129725358
Solar,3.8767967145790556,0.028753820732831628,0.5982445129725358
Solar,3.8822724161533197,0.02892547359352865,0.5987594715546268
Solar,3.885010266940452,0.02892547359352865,0.599446082997415
Solar,3.887748117727584,0.02892547359352865,0.5997897061535953
Solar,3.890485968514716,0.02892547359352865,0.6003051408878658
Solar,3.893223819301848,0.029097285171618827,0.6008205756221363
Solar,3.89596167008898,0.029097285171618827,0.6011641987783166
Solar,3.898699520876112,0.029097285171618827,0.6013360902316174
Solar,3.9014373716632442,0.029097285171618827,0.6021959474317029
Solar,3.9041752224503763,0.029269256611635933,0.6025398903117372
Solar,3.9069130732375084,0.029269256611635933,0.6028839939127434
Solar,3.909650924024641,0.029269256611635933,0.6034001493142527
Solar,3.912388774811773,0.02944130841213903,0.6034001493142527
Solar,3.915126625598905,0.029613440874527032,0.6034001493142527
Solar,3.917864476386037,0.02978589689417516,0.6035726053339008
Solar,3.920602327173169,0.02978589689417516,0.6037450613535489
Solar,3.923340177960301,0.02978589689417516,0.6037450613535489
Solar,3.9260780287474333,0.029958596725349652,0.6040904610158979
Solar,3.9315537303216974,0.030131541405056056,0.6042634056956043
Solar,3.9342915811088295,0.030131541405056056,0.6046092950550171
Solar,3.9397672826830936,0.030131541405056056,0.6047822397347236
Solar,3.9425051334702257,0.030131541405056056,0.60495518441443
Solar,3.9452429842573578,0.030131541405056056,0.6051281290941364
Solar,3.9479808350444903,0.03065037544417527,0.605819907812962
Solar,3.9507186858316223,0.03082348483310044,0.605819907812962
Solar,3.9534565366187544,0.03082348483310044,0.6065123453686627
Solar,3.9561943874058865,0.03082348483310044,0.6068585641465131
Solar,3.9589322381930185,0.030996594222025612,0.6072047829243634
Solar,3.9616700889801506,0.030996594222025612,0.6077241110911389
Solar,3.9644079397672827,0.031169703610950783,0.6080703298689892
Solar,3.9671457905544147,0.031342979291315846,0.6087634325904495
Solar,3.969883641341547,0.031342979291315846,0.6087634325904495
Solar,3.972621492128679,0.031342979291315846,0.6089367917369419
Solar,3.978097193702943,0.031342979291315846,0.6101503057623888
Solar,3.980835044490075,0.031342979291315846,0.6101503057623888
Solar,3.9835728952772076,0.0316898653241618,0.6103237487788118
Solar,3.9863107460643397,0.0316898653241618,0.6108440778280807
Solar,3.9890485968514717,0.0316898653241618,0.6111909638609266
Solar,3.991786447638604,0.0316898653241618,0.6113644911548114
Solar,3.997262149212868,0.0316898653241618,0.6115380184486962
Solar,4.0,0.0316898653241618,0.6115380184486962
Solar,4.002737850787132,0.0316898653241618,0.6120593610442545
Solar,4.005475701574264,0.0316898653241618,0.6122332267219663
Solar,4.008213552361396,0.0316898653241618,0.6124070923996782
Solar,4.016427104722792,0.032211462357297355,0.6124070923996782
Solar,4.0191649555099245,0.032211462357297355,0.6132764207882374
Solar,4.0219028062970565,0.032211462357297355,0.6134502864659492
Solar,4.024640657084189,0.032211462357297355,0.6139721395604658
Solar,4.027378507871321,0.032211462357297355,0.6146686285330687
Solar,4.030116358658453,0.032211462357297355,0.6148432674594335
Solar,4.032854209445585,0.032211462357297355,0.6150180793812677
Solar,4.035592060232717,0.032211462357297355,0.6155425151467704
Solar,4.03832991101985,0.032386361077503874,0.6158923125871835
Solar,4.041067761806982,0.03256125979771039,0.6162421100275965
Solar,4.043805612594114,0.032736245662271776,0.6165920817567193
Solar,4.046543463381246,0.032736245662271776,0.6167670676212806
Solar,4.049281314168378,0.032736245662271776,0.6172920252149647
Solar,4.054757015742642,0.03291123152683316,0.6172920252149647
Solar,4.057494866529774,0.03291123152683316,0.6176419969440875
Solar,4.060232717316906,0.03308621739139454,0.6181669545377716
Solar,4.0629705681040384,0.03308621739139454,0.6185169262668944
Solar,4.068446269678303,0.03308621739139454,0.6188670738612077
Solar,4.071184120465435,0.03326129118855118,0.6190421476583643
Solar,4.076659822039699,0.03326129118855118,0.6193924716494505
Solar,4.082135523613963,0.03326129118855118,0.6193924716494505
Solar,4.084873374401095,0.03326129118855118,0.6193924716494505
Solar,4.087611225188227,0.03326129118855118,0.620098818852627
Solar,4.090349075975359,0.033614644797071894,0.6202754956568873
Solar,4.095824777549623,0.033614644797071894,0.6204521724611477
Solar,4.098562628336755,0.033791321601332254,0.6206288492654081
Solar,4.101300479123887,0.033791321601332254,0.6209822028739288
Solar,4.1040383299110195,0.033791321601332254,0.6209822028739288
Solar,4.1095140314852845,0.03396827007674216,0.6211591513493387
Solar,4.114989733059549,0.03414521855215207,0.6211591513493387
Solar,4.120465434633813,0.03414521855215207,0.6211591513493387
Solar,4.123203285420945,0.03414521855215207,0.6213362816834078
Solar,4.125941136208077,0.03432234888622119,0.6213362816834078
Solar,4.131416837782341,0.03432234888622119,0.6213362816834078
Solar,4.136892539356605,0.03432234888622119,0.6213362816834078
Solar,4.139630390143737,0.03432234888622119,0.6213362816834078
Solar,4.142368240930869,0.03450021116381952,0.6213362816834078
Solar,4.145106091718001,0.03467807344141786,0.6215141439610061
Solar,4.147843942505133,0.03467807344141786,0.6216920062386044
Solar,4.15605749486653,0.03467807344141786,0.622047730793801
Solar,4.158795345653662,0.03467807344141786,0.6222256852757941
Solar,4.161533196440794,0.03467807344141786,0.6222256852757941
Solar,4.164271047227926,0.034856397891149034,0.6224040097255253
Solar,4.16974674880219,0.034856397891149034,0.6224040097255253
Solar,4.172484599589322,0.03503481516984936,0.6225824270042256
Solar,4.175222450376454,0.03521332547111418,0.6227609373054904
Solar,4.177960301163586,0.03521332547111418,0.6227609373054904
Solar,4.180698151950718,0.03521332547111418,0.6229395408236228
Solar,4.183436002737851,0.03521332547111418,0.6232967478598874
Solar,4.191649555099247,0.03521332547111418,0.6238325584142844
Solar,4.1943874058863795,0.03557053250737882,0.6245469724868137
Solar,4.1971252566735116,0.03574913602551114,0.6250827830412107
Solar,4.199863107460644,0.03574913602551114,0.6257979503178227
Solar,4.210814510609172,0.03574913602551114,0.6275858685093529
Solar,4.213552361396304,0.03574913602551114,0.6279440227598477
Solar,4.216290212183436,0.03574913602551114,0.6283021770103425
Solar,4.219028062970568,0.03592821315075855,0.62848125413559
Solar,4.2217659137577,0.03628636740125338,0.6288394083860848
Solar,4.227241615331964,0.03628636740125338,0.6290186772427296
Solar,4.229979466119096,0.03628636740125338,0.6290186772427296
Solar,4.232717316906228,0.03628636740125338,0.6290186772427296
Solar,4.2354551676933605,0.03628636740125338,0.6293777920016953
Solar,4.238193018480493,0.03628636740125338,0.6293777920016953
Solar,4.240930869267625,0.03628636740125338,0.6295574458655304
Solar,4.243668720054757,0.03628636740125338,0.6300964074570357
Solar,4.246406570841889,0.03628636740125338,0.6302760613208708
Solar,4.251882272416153,0.03628636740125338,0.6304558120331499
Solar,4.254620123203286,0.03628636740125338,0.6306355627454291
Solar,4.257357973990418,0.03628636740125338,0.6317140670191042
Solar,4.26009582477755,0.03628636740125338,0.6318939151044669
Solar,4.262833675564682,0.03628636740125338,0.6324337519550541
Solar,4.268309377138946,0.03628636740125338,0.6338733168899534
Solar,4.271047227926078,0.03646631301811579,0.6340532625068158
Solar,4.27378507871321,0.03646631301811579,0.6344131537405406
Solar,4.276522929500342,0.0368262042518406,0.6344131537405406
Solar,4.2792607802874745,0.03700634706937902,0.6344131537405406
Solar,4.2819986310746065,0.03700634706937902,0.6347734393756175
Solar,4.284736481861739,0.03736663270445586,0.6353138678282327
Solar,4.287474332648871,0.03736663270445586,0.6360344390983864
Solar,4.290212183436003,0.03736663270445586,0.6362145819159248
Solar,4.292950034223135,0.0375468749934562,0.6363948242049252
Solar,4.295687885010267,0.03772721697398807,0.6365751661854571
Solar,4.301163586584531,0.03790785902437108,0.6365751661854571
Solar,4.306639288158795,0.03790785902437108,0.6365751661854571
Solar,4.309377138945927,0.03790785902437108,0.6371173932395218
Solar,4.312114989733059,0.03790785902437108,0.6394696603445159
Solar,4.314852840520191,0.03790785902437108,0.6398315475914381
Solar,4.317590691307323,0.03808900606955612,0.6400126946366231
Solar,4.3203285420944555,0.03827025511195129,0.6400126946366231
Solar,4.323066392881588,0.038451504154346464,0.6400126946366231
Solar,4.32580424366872,0.038451504154346464,0.6403751927214135
Solar,4.328542094455853,0.038632753196741636,0.6405564417638087
Solar,4.331279945242985,0.038632753196741636,0.6407376908062038
Solar,4.334017796030117,0.038632753196741636,0.6409189398485989
Solar,4.336755646817249,0.038632753196741636,0.6411001888909941
Solar,4.339493497604381,0.03881410487166364,0.6412815405659161
Solar,4.342231348391513,0.03881410487166364,0.6414628922408382
Solar,4.344969199178645,0.03899545654658564,0.6414628922408382
Solar,4.347707049965777,0.03899545654658564,0.6414628922408382
Solar,4.350444900752909,0.03899545654658564,0.6429170066945928
Solar,4.353182751540041,0.03899545654658564,0.6430988749260158
Solar,4.355920602327173,0.03917763744545521,0.6432810558248854
Solar,4.358658453114305,0.03917763744545521,0.6432810558248854
Solar,4.3668720054757015,0.03917763744545521,0.6432810558248854
Solar,4.369609856262834,0.039360447639312235,0.6436466762125994
Solar,4.372347707049966,0.039360447639312235,0.6441954232572874
Solar,4.375085557837098,0.03954346911363462,0.6443784447316098
Solar,4.380561259411362,0.03972712866398602,0.6447457638323125
Solar,4.383299110198494,0.03972712866398602,0.6447457638323125
Solar,4.386036960985626,0.03972712866398602,0.6447457638323125
Solar,4.388774811772758,0.03972712866398602,0.6449301747659792
Solar,4.39151266255989,0.04028068518224822,0.6449301747659792
Solar,4.394250513347022,0.04028068518224822,0.6451148018275932
Solar,4.399726214921286,0.04046542065669928,0.6452995373020443
Solar,4.402464065708419,0.04046542065669928,0.6452995373020443
Solar,4.405201916495551,0.04065026479907649,0.6454843814444214
Solar,4.407939767282683,0.04065026479907649,0.6454843814444214
Solar,4.4106776180698155,0.04065026479907649,0.645669334510866
Solar,4.413415468856948,0.04065026479907649,0.645854396694164
Solar,4.41615331964408,0.04102038916567243,0.645854396694164
Solar,4.418891170431212,0.0412054513489704,0.646039458877462
Solar,4.421629021218344,0.0412054513489704,0.6464095832440578
Solar,4.42984257357974,0.041390513532268365,0.6464095832440578
Solar,4.432580424366872,0.04157579537394414,0.6464095832440578
Solar,4.435318275154004,0.04157579537394414,0.6467801469274094
Solar,4.440793976728268,0.04157579537394414,0.6469654287690851
Solar,4.4435318275154,0.04157579537394414,0.6471507106107609
Solar,4.4517453798767965,0.04194635905729568,0.6473359924524367
Solar,4.457221081451061,0.042131751448996314,0.6473359924524367
Solar,4.462696783025325,0.04231714384069695,0.6473359924524367
Solar,4.468172484599589,0.04250253623239759,0.6473359924524367
Solar,4.479123887748118,0.04250253623239759,0.6475214957247544
Solar,4.48186173853525,0.042688039504715274,0.6475214957247544
Solar,4.484599589322382,0.04287354277703296,0.6475214957247544
Solar,4.487337440109514,0.043059046049350645,0.6477069989970721
Solar,4.4955509924709105,0.043059046049350645,0.6480780055417075
Solar,4.501026694045175,0.04324454932166833,0.6480780055417075
Solar,4.503764544832307,0.04343005259398602,0.6482635088140252
Solar,4.511978097193703,0.04343005259398602,0.6488203536760215
Solar,4.514715947980835,0.04343005259398602,0.6490059686300204
Solar,4.517453798767967,0.04361566754798481,0.6490059686300204
Solar,4.520191649555099,0.04361566754798481,0.6491915835840192
Solar,4.522929500342231,0.04361566754798481,0.6493773107598765
Solar,4.528405201916495,0.04361566754798481,0.6501202194633058
Solar,4.531143052703627,0.04361566754798481,0.6504916738150204
Solar,4.5338809034907595,0.04380139472384212,0.6504916738150204
Solar,4.539356605065024,0.04380139472384212,0.6506774009908777
Solar,4.542094455852156,0.04380139472384212,0.6510490812880617
Solar,4.544832306639288,0.04380139472384212,0.6512350346847637
Solar,4.547570157426421,0.04398734812054419,0.6512350346847637
Solar,4.550308008213553,0.04417330151724626,0.6516069414781679
Solar,4.553045859000685,0.04435925491394833,0.6516069414781679
Solar,4.558521560574949,0.044917115104054536,0.6516069414781679
Solar,4.561259411362081,0.044917115104054536,0.6519790762953571
Solar,4.563997262149213,0.04510318251264913,0.6523512111125463
Solar,4.566735112936345,0.045289249921243724,0.652537278521141
Solar,4.569472963723477,0.045289249921243724,0.6532815481555193
Solar,4.574948665297741,0.04547531732983832,0.6532815481555193
Solar,4.577686516084873,0.04547531732983832,0.6536536829727085
Solar,4.5804243668720055,0.04566138473843291,0.6538397503813032
Solar,4.583162217659138,0.045847452147027505,0.6543979526070869
Solar,4.58590006844627,0.045847452147027505,0.6545840200156815
Solar,4.588637919233402,0.045847452147027505,0.6547700874242761
Solar,4.591375770020534,0.0460335195556221,0.6547700874242761
Solar,4.594113620807666,0.0460335195556221,0.6547700874242761
Solar,4.59958932238193,0.0462197027497852,0.6551424538126023
Solar,4.602327173169062,0.0464058859439483,0.6551424538126023
Solar,4.607802874743326,0.0464058859439483,0.6553287532259877
Solar,4.616016427104722,0.046592185357333726,0.6557013520527586
Solar,4.621492128678987,0.04677871822863066,0.6557013520527586
Solar,4.6242299794661195,0.046965251099927594,0.6558878849240555
Solar,4.632443531827516,0.046965251099927594,0.6560744177953524
Solar,4.635181382614648,0.046965251099927594,0.6562616563395546
Solar,4.643394934976044,0.046965251099927594,0.6564491314454045
Solar,4.65160848733744,0.047340201311627556,0.6564491314454045
Solar,4.654346338124572,0.047527676417477537,0.6564491314454045
Solar,4.657084188911704,0.047527676417477537,0.6566366065512544
Solar,4.659822039698836,0.047527676417477537,0.6568240816571044
Solar,4.662559890485968,0.04771515152332752,0.6570115567629543
Solar,4.6680355920602326,0.04771515152332752,0.6573865069746543
Solar,4.670773442847365,0.0479026266291775,0.6573865069746543
Solar,4.673511293634497,0.04809034055681837,0.6575742209022951
Solar,4.676249144421629,0.04809034055681837,0.6583269969599445
Solar,4.678986995208761,0.048466728585643035,0.6583269969599445
Solar,4.681724845995893,0.04865492260005536,0.6583269969599445
Solar,4.684462696783025,0.04884311661446769,0.6583269969599445
Solar,4.687200547570157,0.04903131062888002,0.6583269969599445
Solar,4.695414099931554,0.04903131062888002,0.6585151909743567
Solar,4.698151950718686,0.04903131062888002,0.6585151909743567
Solar,4.7091033538672145,0.04903131062888002,0.6587035061697185
Solar,4.7118412046543465,0.04903131062888002,0.6588921860814043
Solar,4.714579055441479,0.04921999054056588,0.6588921860814043
Solar,4.717316906228611,0.04921999054056588,0.659269545904776
Solar,4.720054757015743,0.04921999054056588,0.6594583480184772
Solar,4.722792607802875,0.049408792654267085,0.6594583480184772
Solar,4.725530458590007,0.049408792654267085,0.6602135564732821
Solar,4.728268309377139,0.049408792654267085,0.6604023585869833
Solar,4.733744010951403,0.049408792654267085,0.6611575670417881
Solar,4.736481861738535,0.049408792654267085,0.6613463691554893
Solar,4.739219712525667,0.04959759476796829,0.6613463691554893
Solar,4.741957563312799,0.04959759476796829,0.6615351712691905
Solar,4.747433264887063,0.049975198995370694,0.6615351712691905
Solar,4.7501711156741955,0.049975198995370694,0.6615351712691905
Solar,4.7529089664613275,0.049975198995370694,0.6619130227816141
Solar,4.75564681724846,0.049975198995370694,0.662291122228101
Solar,4.761122518822724,0.05035354702794995,0.6624802962443906
Solar,4.769336071184121,0.05035354702794995,0.6626694702606802
Solar,4.772073921971253,0.05054272104423958,0.6630478182932595
Solar,4.774811772758385,0.05073189506052921,0.6630478182932595
Solar,4.777549623545517,0.05092106907681884,0.6632369923095491
Solar,4.783025325119781,0.05092106907681884,0.6634261663258387
Solar,4.785763175906913,0.05092106907681884,0.6634261663258387
Solar,4.788501026694045,0.05092106907681884,0.6638047650860738
Solar,4.791238877481177,0.05092106907681884,0.6641833638463088
Solar,4.7939767282683095,0.05092106907681884,0.6641833638463088
Solar,4.799452429842574,0.05111074655157042,0.6643730413210605
Solar,4.804928131416838,0.05111074655157042,0.6645627187958121
Solar,4.80766598220397,0.05111074655157042,0.6653214286948184
Solar,4.810403832991102,0.05111074655157042,0.66551110616957
Solar,4.813141683778234,0.05130055107084628,0.6660805197273976
Solar,4.815879534565366,0.05149035559012214,0.6666499332852251
Solar,4.818617385352498,0.05149035559012214,0.6668398657051204
Solar,4.82135523613963,0.05168028801001746,0.6668398657051204
Solar,4.824093086926762,0.05168028801001746,0.6670297981250157
Solar,4.829568788501026,0.05168028801001746,0.667219730544911
Solar,4.832306639288158,0.05168028801001746,0.6675995953847017
Solar,4.8350444900752905,0.05168028801001746,0.6675995953847017
Solar,4.837782340862423,0.05168028801001746,0.6677896563979754
Solar,4.8405201916495555,0.05187047787821543,0.6681700361343713
Solar,4.843258042436688,0.0520606677464134,0.6681700361343713
Solar,4.84599589322382,0.05225085761461137,0.6687406057389652
Solar,4.851471594798084,0.052441047482809346,0.6695013652117571
Solar,4.85968514715948,0.052441047482809346,0.670071934816351
Solar,4.862422997946612,0.05263123735100732,0.6704523145527469
Solar,4.867898699520876,0.05282142721920529,0.6708326942891428
Solar,4.870636550308008,0.05301161708740326,0.6708326942891428
Solar,4.87337440109514,0.053201806955601234,0.6708326942891428
Solar,4.876112251882272,0.05358218669199717,0.6708326942891428
Solar,4.8815879534565365,0.05358218669199717,0.6710228841573408
Solar,4.887063655030801,0.05358218669199717,0.6712130740255388
Solar,4.889801505817933,0.05358218669199717,0.6712130740255388
Solar,4.892539356605065,0.05358218669199717,0.6714033954219997
Solar,4.895277207392197,0.05377277187417735,0.6714033954219997
Solar,4.898015058179329,0.054153942238537714,0.6714033954219997
Solar,4.903490759753593,0.054344527420717895,0.67178456578636
Solar,4.908966461327857,0.054344527420717895,0.67178456578636
Solar,4.91170431211499,0.054344527420717895,0.672166533578261
Solar,4.914442162902122,0.054535511316668325,0.672166533578261
Solar,4.919917864476386,0.054535511316668325,0.6723575174742114
Solar,4.9253935660506505,0.054917479108569194,0.6723575174742114
Solar,4.9281314168377826,0.054917479108569194,0.6725485013701618
Solar,4.930869267624915,0.055108731052092894,0.6729310052572092
Solar,4.933607118412047,0.055108731052092894,0.6729310052572092
Solar,4.939082819986311,0.055108731052092894,0.6731226615388799
Solar,4.941820670773443,0.055108731052092894,0.6733143178205506
Solar,4.944558521560575,0.055108731052092894,0.6738896927170069
Solar,4.947296372347707,0.055108731052092894,0.674081484349159
Solar,4.950034223134839,0.05530052268424498,0.674081484349159
Solar,4.952772073921971,0.05530052268424498,0.6742732759813111
Solar,4.958247775496235,0.055684105948549154,0.6744650676134633
Solar,4.960985626283367,0.055684105948549154,0.6748486508777675
Solar,4.963723477070499,0.055684105948549154,0.6750404425099196
Solar,4.9664613278576315,0.055684105948549154,0.6752322341420717
Solar,4.980150581793292,0.05587589758070124,0.6754240257742238
Solar,4.982888432580425,0.05587589758070124,0.6761911923028321
Solar,4.985626283367557,0.05606768921285332,0.6763829839349842
Solar,4.993839835728953,0.05606768921285332,0.6773419420957446
Solar,4.999315537303217,0.056259480845005407,0.6773419420957446
Solar,5.002053388090349,0.05645127247715749,0.6775337337278967
Solar,5.004791238877481,0.056643064109309575,0.6777255253600488
Solar,5.007529089664613,0.056643064109309575,0.6779173169922009
Solar,5.0102669404517455,0.056643064109309575,0.678109108624353
Solar,5.0130047912388775,0.056643064109309575,0.6783009002565051
Solar,5.018480492813142,0.05683485574146166,0.6786844835208093
Solar,5.021218343600274,0.05683485574146166,0.6790680667851136
Solar,5.023956194387406,0.057026647373613744,0.6790680667851136
Solar,5.026694045174538,0.05721885806978364,0.6792602774812835
Solar,5.02943189596167,0.05721885806978364,0.6794524881774534
Solar,5.037645448323066,0.05721885806978364,0.6798369095697933
Solar,5.040383299110198,0.05741106876595354,0.6798369095697933
Solar,5.04312114989733,0.05760327946212344,0.6802213309621331
Solar,5.048596851471594,0.05760327946212344,0.680413541658303
Solar,5.054072553045859,0.057795490158293335,0.680413541658303
Solar,5.06776180698152,0.05798770085446323,0.680413541658303
Solar,5.073237508555784,0.05798770085446323,0.680605752354473
Solar,5.075975359342916,0.05798770085446323,0.680605752354473
Solar,5.078713210130048,0.05798770085446323,0.680605752354473
Solar,5.084188911704312,0.05856560773756801,0.680605752354473
Solar,5.086926762491444,0.05875824336526961,0.680605752354473
Solar,5.089664613278576,0.05875824336526961,0.6807983879821745
Solar,5.092402464065708,0.058950878992971203,0.6819542017483841
Solar,5.0951403148528405,0.0591435146206728,0.6819542017483841
Solar,5.0978781656399725,0.059336150248374395,0.6819542017483841
Solar,5.100616016427105,0.05952878587607599,0.6821468373760856
Solar,5.106091718001369,0.05952878587607599,0.6827247442591904
Solar,5.108829568788501,0.05952878587607599,0.6831100155145936
Solar,5.114305270362765,0.059721421503777586,0.6834952867699968
Solar,5.117043121149897,0.059721421503777586,0.6836879223976984
Solar,5.127994524298426,0.05991405713147918,0.6836879223976984
Solar,5.130732375085558,0.05991405713147918,0.6844584649085047
Solar,5.136208076659822,0.05991405713147918,0.6846511005362063
Solar,5.149897330595483,0.05991405713147918,0.685229007419311
Solar,5.158110882956879,0.05991405713147918,0.6854216430470126
Solar,5.163586584531143,0.06010669275918078,0.6856142786747141
Solar,5.166324435318275,0.06029932838688237,0.6856142786747141
Solar,5.169062286105407,0.060684599642285564,0.6856142786747141
Solar,5.171800136892539,0.060684599642285564,0.6858069143024157
Solar,5.174537987679671,0.061069870897688755,0.6859995499301172
Solar,5.177275838466803,0.06126250652539035,0.6859995499301172
Solar,5.1827515400410675,0.061455142153091946,0.6859995499301172
Solar,5.1854893908282,0.061455142153091946,0.6863848211855205
Solar,5.188227241615332,0.061455142153091946,0.6863848211855205
Solar,5.193702943189596,0.061455142153091946,0.6867721637917592
Solar,5.196440793976728,0.06164881345621129,0.6869658350948785
Solar,5.201916495550993,0.06164881345621129,0.6875468490042366
Solar,5.207392197125257,0.06164881345621129,0.6877405203073559
Solar,5.210130047912389,0.06203615606244998,0.6879341916104752
Solar,5.215605749486653,0.06222982736556932,0.6879341916104752
Solar,5.223819301848049,0.06222982736556932,0.6881278629135945
Solar,5.2265571526351815,0.06261716997180801,0.6883215342167138
Solar,5.229295003422314,0.06261716997180801,0.6885152055198331
Solar,5.232032854209446,0.06281084127492735,0.6887088768229525
Solar,5.234770704996578,0.06300481495322721,0.6889028505012523
Solar,5.23750855578371,0.06300481495322721,0.6890969759586432
Solar,5.240246406570842,0.06319894041061808,0.689291101416034
Solar,5.242984257357974,0.06339306586800894,0.689291101416034
Solar,5.245722108145106,0.06339306586800894,0.6896793523308157
Solar,5.248459958932238,0.06339306586800894,0.6898734777882065
Solar,5.25119780971937,0.06358734418009065,0.6900677561002883
Solar,5.253935660506502,0.06358734418009065,0.6902657825470082
Solar,5.256673511293634,0.06358734418009065,0.6902657825470082
Solar,5.262149212867898,0.06358734418009065,0.690663114061573
Solar,5.2648870636550305,0.06358734418009065,0.690663114061573
Solar,5.2676249144421625,0.06358734418009065,0.690663114061573
Solar,5.270362765229295,0.06358734418009065,0.6908630730052332
Solar,5.2731006160164275,0.06378746608947507,0.6908630730052332
Solar,5.27583846680356,0.06398758799885948,0.6908630730052332
Solar,5.278576317590692,0.06398758799885948,0.6910631949146177
Solar,5.281314168377824,0.06398758799885948,0.6910631949146177
Solar,5.284052019164956,0.06398758799885948,0.6910631949146177
Solar,5.286789869952088,0.06398758799885948,0.6910631949146177
Solar,5.28952772073922,0.06398758799885948,0.6910631949146177
Solar,5.292265571526352,0.06418886097920995,0.6910631949146177
Solar,5.295003422313484,0.06439013395956042,0.6910631949146177
Solar,5.297741273100616,0.06459140693991089,0.6910631949146177
Solar,5.30321697467488,0.06459140693991089,0.6910631949146177
Solar,5.305954825462012,0.0647930120538923,0.6918696153705433
Solar,5.3114305270362765,0.06519655661869424,0.6920713876529442
Solar,5.314168377823409,0.06519655661869424,0.6922731599353451
Solar,5.322381930184805,0.06519655661869424,0.692474932217746
Solar,5.325119780971937,0.06519655661869424,0.692474932217746
Solar,5.327857631759069,0.06519655661869424,0.6942939118678478
Solar,5.330595482546201,0.06560111428314076,0.6944961907000711
Solar,5.333333333333333,0.06560111428314076,0.6944961907000711
Solar,5.341546885694729,0.06580442165179906,0.6944961907000711
Solar,5.344284736481861,0.06580442165179906,0.695106112806046
Solar,5.347022587268994,0.06600790204800515,0.695106112806046
Solar,5.349760438056126,0.06600790204800515,0.695309593202252
Solar,5.352498288843258,0.06621138244421124,0.695309593202252
Solar,5.3552361396303905,0.06621138244421124,0.6957165539946643
Solar,5.3579739904175225,0.06621138244421124,0.6959200343908704
Solar,5.360711841204655,0.06621138244421124,0.6963269951832826
Solar,5.363449691991787,0.06641503735190635,0.6963269951832826
Solar,5.366187542778919,0.06641503735190635,0.6965306500909777
Solar,5.368925393566051,0.06641503735190635,0.6965306500909777
Solar,5.374401095140315,0.06641503735190635,0.6969383101297689
Solar,5.377138945927447,0.06641503735190635,0.6971421401491645
Solar,5.379876796714579,0.06661886737130197,0.6971421401491645
Solar,5.390828199863107,0.0668226973906976,0.6971421401491645
Solar,5.393566050650239,0.0668226973906976,0.6973459701685601
Solar,5.3963039014373715,0.06723035742948885,0.6973459701685601
Solar,5.401779603011636,0.06723035742948885,0.6977536302073514
Solar,5.404517453798768,0.06723035742948885,0.697957460226747
Solar,5.4072553045859,0.06723035742948885,0.697957460226747
Solar,5.409993155373032,0.06723035742948885,0.697957460226747
Solar,5.418206707734429,0.0674347196421466,0.6981618224394047
Solar,5.420944558521561,0.0674347196421466,0.6985709035177964
Solar,5.426420260095825,0.0674347196421466,0.6987756230075952
Solar,5.429158110882957,0.0674347196421466,0.6991850619871929
Solar,5.431895961670089,0.06763943913194542,0.6991850619871929
Solar,5.437371663244353,0.06784415862174424,0.6991850619871929
Solar,5.4401095140314855,0.06804923853318004,0.6991850619871929
Solar,5.4428473648186175,0.06804923853318004,0.6993901418986287
Solar,5.44558521560575,0.06825431844461584,0.6993901418986287
Solar,5.451060917180014,0.06845957952205113,0.699595402976064
Solar,5.453798767967146,0.06845957952205113,0.7000059251309346
Solar,5.456536618754278,0.06845957952205113,0.7000059251309346
Solar,5.464750171115674,0.06866502272998992,0.7002113683388734
Solar,5.467488021902806,0.06866502272998992,0.7002113683388734
Solar,5.470225872689938,0.06887064871658345,0.7002113683388734
Solar,5.47296372347707,0.06887064871658345,0.7010338722852476
Solar,5.475701574264202,0.06887064871658345,0.7010338722852476
Solar,5.486652977412731,0.06887064871658345,0.7012398664472872
Solar,5.489390828199863,0.06887064871658345,0.7014458606093268
Solar,5.492128678986996,0.06887064871658345,0.7016518547713664
Solar,5.494866529774128,0.06887064871658345,0.7016518547713664
Solar,5.503080082135524,0.06907682795873264,0.7016518547713664
Solar,5.505817932922656,0.06928300720088183,0.7016518547713664
Solar,5.508555783709788,0.06928300720088183,0.7018580340135155
Solar,5.514031485284052,0.06928300720088183,0.7020642132556647
Solar,5.516769336071184,0.06928300720088183,0.7026827509821123
Solar,5.519507186858316,0.06928300720088183,0.7028906217586092
Solar,5.522245037645448,0.06928300720088183,0.7028906217586092
Solar,5.5249828884325805,0.06928300720088183,0.7028906217586092
Solar,5.530458590006845,0.06949916125310243,0.7028906217586092
Solar,5.533196440793977,0.06971552077495441,0.7028906217586092
Solar,5.535934291581109,0.06993229280304443,0.7028906217586092
Solar,5.538672142368241,0.06993229280304443,0.7031086419941546
Solar,5.541409993155373,0.06993229280304443,0.7031086419941546
Solar,5.544147843942505,0.06993229280304443,0.7035459426978209
Solar,5.546885694729637,0.06993229280304443,0.7035459426978209
Solar,5.552361396303901,0.07015157815105907,0.7035459426978209
Solar,5.555099247091033,0.07037150281495715,0.7035459426978209
Solar,5.557837097878165,0.07037150281495715,0.7035459426978209
Solar,5.563312799452429,0.07059228655957357,0.7035459426978209
Solar,5.5715263518138265,0.07081350278948798,0.7037671589277353
Solar,5.574264202600959,0.07103471901940238,0.7037671589277353
Solar,5.577002053388091,0.07103471901940238,0.7037671589277353
Solar,5.579739904175223,0.07125658909039041,0.7039890289987234
Solar,5.582477754962355,0.07125658909039041,0.7039890289987234
Solar,5.585215605749487,0.07147867840057903,0.7039890289987234
Solar,5.587953456536619,0.07170076771076765,0.7039890289987234
Solar,5.593429158110883,0.07170076771076765,0.7044332076191007
Solar,5.596167008898015,0.07170076771076765,0.7046552969292893
Solar,5.598904859685147,0.07192285702095627,0.7046552969292893
Solar,5.601642710472279,0.07192285702095627,0.7048776072238662
Solar,5.6125941136208075,0.07192285702095627,0.705099917518443
Solar,5.61533196440794,0.07214516731553314,0.705099917518443
Solar,5.626283367556468,0.07214516731553314,0.7053222278130199
Solar,5.6290212183436,0.07236747761011,0.7057668484021736
Solar,5.631759069130732,0.07258978790468687,0.7057668484021736
Solar,5.634496919917864,0.07258978790468687,0.7059891586967505
Solar,5.645448323066393,0.07281209819926374,0.7059891586967505
Solar,5.650924024640657,0.0730344084938406,0.7059891586967505
Solar,5.6563997262149215,0.0730344084938406,0.7062114689913274
Solar,5.661875427789186,0.0730344084938406,0.7064337792859042
Solar,5.664613278576318,0.0730344084938406,0.706878399875058
Solar,5.66735112936345,0.0730344084938406,0.706878399875058
Solar,5.670088980150582,0.0730344084938406,0.706878399875058
Solar,5.672826830937714,0.0732589872608111,0.706878399875058
Solar,5.675564681724846,0.07348356602778161,0.706878399875058
Solar,5.678302532511978,0.07348356602778161,0.706878399875058
Solar,5.683778234086242,0.07348356602778161,0.707103208507706
Solar,5.689253935660506,0.07370837466042968,0.707103208507706
Solar,5.691991786447638,0.07415845354509469,0.707103208507706
Solar,5.6974674880219025,0.07415845354509469,0.7073282479500386
Solar,5.700205338809035,0.07415845354509469,0.7075532873923711
Solar,5.702943189596167,0.0743834929874272,0.7075532873923711
Solar,5.711156741957564,0.0743834929874272,0.7075532873923711
Solar,5.713894592744696,0.0743834929874272,0.7077787922730538
Solar,5.722108145106092,0.0743834929874272,0.7080042971537366
Solar,5.724845995893224,0.07460899786810994,0.7082298020344193
Solar,5.735797399041752,0.07460899786810994,0.7084553069151021
Solar,5.738535249828884,0.07460899786810994,0.7086808117957848
Solar,5.7412731006160165,0.07460899786810994,0.7089063166764675
Solar,5.746748802190281,0.07483450274879268,0.709357326437833
Solar,5.749486652977413,0.07483450274879268,0.709357326437833
Solar,5.752224503764545,0.07483450274879268,0.709357326437833
Solar,5.754962354551677,0.07506433040674089,0.709357326437833
Solar,5.757700205338809,0.07506433040674089,0.709357326437833
Solar,5.760438056125941,0.07552644904158638,0.709357326437833
Solar,5.763175906913073,0.07575800579564514,0.709357326437833
Solar,5.765913757700205,0.07575800579564514,0.709357326437833
Solar,5.768651608487337,0.07575800579564514,0.7095903900688162
Solar,5.771389459274469,0.07575800579564514,0.7095903900688162
Solar,5.774127310061601,0.07575800579564514,0.7095903900688162
Solar,5.776865160848733,0.07575800579564514,0.7095903900688162
Solar,5.779603011635865,0.07575800579564514,0.7095903900688162
Solar,5.793292265571527,0.07575800579564514,0.7095903900688162
Solar,5.796030116358659,0.07599336939667095,0.7095903900688162
Solar,5.798767967145791,0.07599336939667095,0.709825753669842
Solar,5.801505817932923,0.07622873299769677,0.709825753669842
Solar,5.804243668720055,0.07622873299769677,0.709825753669842
Solar,5.809719370294319,0.07622873299769677,0.7100621575519773
Solar,5.812457221081451,0.07622873299769677,0.7102985614341126
Solar,5.815195071868583,0.07622873299769677,0.7105349653162479
Solar,5.820670773442847,0.07646513687983209,0.7110077730805185
Solar,5.823408624229979,0.07646513687983209,0.7112441769626539
Solar,5.8261464750171115,0.07693794464410271,0.7114805808447892
Solar,5.8288843258042435,0.07741181132833812,0.7117175141869069
Solar,5.83709787816564,0.07764874467045582,0.7117175141869069
Solar,5.839835728952772,0.07764874467045582,0.7117175141869069
Solar,5.842573579739904,0.07812529159611789,0.7119557876497379
Solar,5.845311430527036,0.07812529159611789,0.7124328761059973
Solar,5.8507871321013,0.07812529159611789,0.7124328761059973
Solar,5.856262833675565,0.07812529159611789,0.7129105085627769
Solar,5.859000684462697,0.07836410782450773,0.7129105085627769
Solar,5.861738535249829,0.07860292405289757,0.7133881410195566
Solar,5.864476386036961,0.07860292405289757,0.7138657734763363
Solar,5.867214236824093,0.0788417402812874,0.7138657734763363
Solar,5.8699520876112254,0.07931937273806706,0.7138657734763363
Solar,5.8726899383983575,0.07931937273806706,0.7141045897047261
Solar,5.87542778918549,0.07931937273806706,0.714343405933116
Solar,5.878165639972622,0.07931937273806706,0.7145822221615058
Solar,5.880903490759754,0.0795581889664569,0.7145822221615058
Solar,5.883641341546886,0.07979728256561142,0.7145822221615058
Solar,5.894592744695414,0.08027546976392044,0.7145822221615058
Solar,5.897330595482546,0.08027546976392044,0.7145822221615058
Solar,5.90280629705681,0.08027546976392044,0.7145822221615058
Solar,5.905544147843942,0.08027546976392044,0.7145822221615058
Solar,5.908281998631074,0.08027546976392044,0.7145822221615058
Solar,5.9110198494182065,0.08027546976392044,0.7153028625879972
Solar,5.916495550992471,0.08027546976392044,0.7153028625879972
Solar,5.919233401779603,0.08051653305124129,0.7153028625879972
Solar,5.921971252566735,0.0807581669025558,0.7153028625879972
Solar,5.924709103353867,0.0807581669025558,0.7155444964393117
Solar,5.927446954141,0.08100008772994076,0.7157864172666967
Solar,5.935660506502396,0.08124200855732572,0.7162702589214666
Solar,5.938398357289528,0.08148392938471068,0.7162702589214666
Solar,5.94113620807666,0.08148392938471068,0.7162702589214666
Solar,5.952087611225188,0.08148392938471068,0.7165130510123355
Solar,5.963039014373717,0.08148392938471068,0.7167558431032045
Solar,5.965776865160849,0.08148392938471068,0.7167558431032045
Solar,5.968514715947981,0.08172730722248159,0.7167558431032045
Solar,5.976728268309377,0.08172730722248159,0.7167558431032045
Solar,5.979466119096509,0.08197097935026189,0.7167558431032045
Solar,5.984941820670773,0.08197097935026189,0.7169995152309848
Solar,5.993155373032169,0.08221465147804219,0.7169995152309848
Solar,5.9958932238193015,0.08221465147804219,0.7169995152309848
Solar,5.9986310746064335,0.08221465147804219,0.7172434834366846
Solar,6.0013689253935665,0.08221465147804219,0.7174874516423845
Solar,6.017796030116359,0.08221465147804219,0.7179753880537841
Solar,6.020533880903491,0.08270258788944188,0.7179753880537841
Solar,6.023271731690623,0.08270258788944188,0.7179753880537841
Solar,6.034223134839151,0.08270258788944188,0.7179753880537841
Solar,6.036960985626283,0.08270258788944188,0.7182199549544673
Solar,6.039698836413415,0.08294715479012503,0.7182199549544673
Solar,6.053388090349076,0.08319202288157257,0.7182199549544673
Solar,6.056125941136208,0.08319202288157257,0.7182199549544673
Solar,6.061601642710472,0.08319202288157257,0.7182199549544673
Solar,6.067077344284736,0.08343780013672598,0.7182199549544673
Solar,6.078028747433265,0.08343780013672598,0.7184657322096207
Solar,6.0889801505817935,0.08343780013672598,0.7184657322096207
Solar,6.094455852156058,0.08343780013672598,0.7187118147781346
Solar,6.11088295687885,0.08368388270523984,0.7187118147781346
Solar,6.116358658453114,0.0839299652737537,0.7189578973466485
Solar,6.1300479123887746,0.08417604784226755,0.7189578973466485
Solar,6.135523613963039,0.0844221304107814,0.7192039799151624
Solar,6.154688569472964,0.08466821297929526,0.7192039799151624
Solar,6.160164271047228,0.08466821297929526,0.7194500624836763
Solar,6.165639972621492,0.08491429554780912,0.7199422276207039
Solar,6.168377823408624,0.08516100032256448,0.7199422276207039
Solar,6.1711156741957565,0.08540770509731983,0.7199422276207039
Solar,6.1738535249828885,0.08540770509731983,0.7201892454725846
Solar,6.176591375770021,0.08540770509731983,0.7201892454725846
Solar,6.203969883641341,0.0856550372212767,0.7204365775965414
Solar,6.209445585215605,0.0856550372212767,0.7206842255980512
Solar,6.2121834360027375,0.0859026852227865,0.7206842255980512
Solar,6.2149212867898695,0.0859026852227865,0.720931873599561
Solar,6.228610540725531,0.08615033322429631,0.7211795216010708
Solar,6.239561943874059,0.08664562922731593,0.7211795216010708
Solar,6.242299794661191,0.08664562922731593,0.7214271696025806
Solar,6.247775496235455,0.08738857323184536,0.7219224656056002
Solar,6.250513347022587,0.08738857323184536,0.7219224656056002
Solar,6.253251197809719,0.08738857323184536,0.7221710822433611
Solar,6.2587268993839835,0.08738857323184536,0.7221710822433611
Solar,6.261464750171116,0.08738857323184536,0.7226768998915013
Solar,6.264202600958248,0.08738857323184536,0.7234458655873582
Solar,6.269678302532512,0.08738857323184536,0.7234458655873582
Solar,6.272416153319644,0.08738857323184536,0.7234458655873582
Solar,6.28062970568104,0.08738857323184536,0.7234458655873582
Solar,6.283367556468172,0.08738857323184536,0.7234458655873582
Solar,6.286105407255304,0.08738857323184536,0.7242253939988176
Solar,6.288843258042436,0.08738857323184536,0.7242253939988176
Solar,6.297056810403833,0.08738857323184536,0.7244859555932427
Solar,6.299794661190965,0.08738857323184536,0.7247465171876678
Solar,6.3025325119780975,0.08738857323184536,0.7247465171876678
Solar,6.30527036276523,0.08738857323184536,0.7250074406731962
Solar,6.308008213552362,0.08738857323184536,0.7250074406731962
Solar,6.321697467488022,0.08738857323184536,0.7252687275619079
Solar,6.327173169062286,0.08738857323184536,0.7257913013393311
Solar,6.33264887063655,0.087649860120557,0.7257913013393311
Solar,6.335386721423682,0.087649860120557,0.7257913013393311
Solar,6.338124572210814,0.08791188096120323,0.7257913013393311
Solar,6.3436002737850785,0.08791188096120323,0.7257913013393311
Solar,6.346338124572211,0.08791188096120323,0.7257913013393311
Solar,6.365503080082136,0.08791188096120323,0.7260555521445786
Solar,6.376454483230664,0.08791188096120323,0.7260555521445786
Solar,6.379192334017796,0.08791188096120323,0.7263201788400184
Solar,6.381930184804928,0.08791188096120323,0.7265848055354582
Solar,6.38466803559206,0.08791188096120323,0.7265848055354582
Solar,6.401095140314853,0.08817688569477942,0.7265848055354582
Solar,6.406570841889117,0.08817688569477942,0.7265848055354582
Solar,6.409308692676249,0.08844227009129771,0.7265848055354582
Solar,6.417522245037645,0.08844227009129771,0.7265848055354582
Solar,6.420260095824777,0.08844227009129771,0.7265848055354582
Solar,6.425735797399041,0.08844227009129771,0.7265848055354582
Solar,6.436687200547571,0.08844227009129771,0.7268521074492924
Solar,6.439425051334703,0.08870957200513188,0.7268521074492924
Solar,6.447638603696099,0.08897687391896605,0.7268521074492924
Solar,6.453114305270363,0.08924417583280023,0.7268521074492924
Solar,6.464065708418891,0.08924417583280023,0.7271194093631266
Solar,6.466803559206023,0.08924417583280023,0.7271194093631266
Solar,6.469541409993155,0.08951186739957001,0.7271194093631266
Solar,6.4722792607802875,0.08951186739957001,0.7271194093631266
Solar,6.4750171115674195,0.08977995032827951,0.7271194093631266
Solar,6.494182067077344,0.09004803325698901,0.7271194093631266
Solar,6.499657768651608,0.09058419911440803,0.7271194093631266
Solar,6.50239561943874,0.09058419911440803,0.7273874922918361
Solar,6.505133470225872,0.09058419911440803,0.7276555752205456
Solar,6.510609171800137,0.09085228204311753,0.7279236581492551
Solar,6.513347022587269,0.09112036497182703,0.7279236581492551
Solar,6.521560574948666,0.09138844790053653,0.7279236581492551
Solar,6.529774127310062,0.09138844790053653,0.7279236581492551
Solar,6.535249828884326,0.0916581313243428,0.7279236581492551
Solar,6.537987679671458,0.09192781474814908,0.7279236581492551
Solar,6.543463381245722,0.09192781474814908,0.7281933415730614
Solar,6.55441478439425,0.09219749817195536,0.7281933415730614
Solar,6.5571526351813825,0.09219749817195536,0.7284630249968677
Solar,6.562628336755647,0.09246718159576163,0.7284630249968677
Solar,6.565366187542779,0.09246718159576163,0.728732708420674
Solar,6.568104038329911,0.09246718159576163,0.7290027992212533
Solar,6.581793292265571,0.09273727239634103,0.7290027992212533
Solar,6.587268993839836,0.09273727239634103,0.7292728900218327
Solar,6.590006844626968,0.09273727239634103,0.7292728900218327
Solar,6.595482546201232,0.09300777366926173,0.7292728900218327
Solar,6.598220396988364,0.09300777366926173,0.7295433912947534
Solar,6.6036960985626285,0.09327827494218244,0.7298138925676741
Solar,6.606433949349761,0.09327827494218244,0.7298138925676741
Solar,6.609171800136893,0.09355128085651908,0.7298138925676741
Solar,6.614647501711157,0.09355128085651908,0.7298138925676741
Solar,6.617385352498289,0.09355128085651908,0.7300877450119777
Solar,6.625598904859685,0.09382513330082265,0.7300877450119777
Solar,6.631074606433949,0.0940998401989306,0.7306371588081936
Solar,6.633812457221081,0.09437454709703855,0.7306371588081936
Solar,6.639288158795345,0.09437454709703855,0.7309118657063015
Solar,6.6447638603696095,0.09437454709703855,0.7309118657063015
Solar,6.652977412731006,0.09437454709703855,0.7309118657063015
Solar,6.661190965092403,0.09437454709703855,0.7311874391876843
Solar,6.669404517453799,0.09465012057842129,0.7311874391876843
Solar,6.672142368240931,0.09492569405980403,0.7311874391876843
Solar,6.674880219028063,0.09492569405980403,0.7311874391876843
Solar,6.680355920602327,0.09523676179996952,0.7311874391876843
Solar,6.683093771389459,0.09555408501571422,0.731504762403429
Solar,6.685831622176591,0.09555408501571422,0.731504762403429
Solar,6.6885694729637235,0.09555408501571422,0.731504762403429
Solar,6.702258726899384,0.09555408501571422,0.731504762403429
Solar,6.707734428473648,0.09555408501571422,0.7318244318167023
Solar,6.71047227926078,0.09555408501571422,0.7318244318167023
Solar,6.713210130047912,0.09555408501571422,0.7318244318167023
Solar,6.7323750855578375,0.09587494279111865,0.7318244318167023
Solar,6.7351129363449695,0.09587494279111865,0.7321452895921068
Solar,6.743326488706366,0.09587494279111865,0.7321452895921068
Solar,6.746064339493498,0.09587494279111865,0.7321452895921068
Solar,6.74880219028063,0.09587494279111865,0.7321452895921068
Solar,6.751540041067762,0.09587494279111865,0.732467953321219
Solar,6.754277891854894,0.09587494279111865,0.732467953321219
Solar,6.757015742642026,0.09587494279111865,0.732467953321219
Solar,6.759753593429158,0.09587494279111865,0.732467953321219
Solar,6.76249144421629,0.09587494279111865,0.732467953321219
Solar,6.767967145790554,0.09587494279111865,0.732467953321219
Solar,6.770704996577686,0.09587494279111865,0.732467953321219
Solar,6.7734428473648185,0.09587494279111865,0.732467953321219
Solar,6.776180698151951,0.09587494279111865,0.732467953321219
Solar,6.778918548939083,0.09587494279111865,0.732467953321219
Solar,6.781656399726215,0.09622032931805559,0.732467953321219
Solar,6.784394250513347,0.09656852386553674,0.732467953321219
Solar,6.787132101300479,0.09691814252159654,0.732467953321219
Solar,6.789869952087611,0.09691814252159654,0.732467953321219
Solar,6.795345653661875,0.09691814252159654,0.732467953321219
Solar,6.798083504449007,0.09762461831520806,0.7328211912180247
Solar,6.80082135523614,0.09762461831520806,0.7328211912180247
Solar,6.803559206023272,0.09762461831520806,0.7328211912180247
Solar,6.809034907597536,0.09762461831520806,0.7328211912180247
Solar,6.811772758384668,0.09798007783400632,0.7328211912180247
Solar,6.8145106091718,0.09798007783400632,0.7328211912180247
Solar,6.8172484599589325,0.09798007783400632,0.733177399072652
Solar,6.822724161533197,0.09833628568863362,0.733177399072652
Solar,6.825462012320329,0.09869324822091903,0.733177399072652
Solar,6.828199863107461,0.09869324822091903,0.733177399072652
Solar,6.830937713894593,0.09869324822091903,0.733177399072652
Solar,6.833675564681725,0.0990517329814871,0.733177399072652
Solar,6.836413415468857,0.0990517329814871,0.733177399072652
Solar,6.839151266255989,0.0990517329814871,0.733177399072652
Solar,6.841889117043121,0.10050429460872398,0.733177399072652
Solar,6.844626967830253,0.10050429460872398,0.7335405394794612
Solar,6.855578370978781,0.10050429460872398,0.7335405394794612
Solar,6.861054072553046,0.10050429460872398,0.7335405394794612
Solar,6.888432580424367,0.10050429460872398,0.7339068864240789
Solar,6.896646132785763,0.10087064155334168,0.7339068864240789
Solar,6.9021218343600275,0.10087064155334168,0.7339068864240789
Solar,6.910335386721424,0.10087064155334168,0.734641208521957
Solar,6.913073237508556,0.10197212470015886,0.734641208521957
Solar,6.915811088295688,0.10197212470015886,0.734641208521957
Solar,6.921286789869952,0.10197212470015886,0.734641208521957
Solar,6.924024640657084,0.10234261600804521,0.734641208521957
Solar,6.93223819301848,0.10234261600804521,0.734641208521957
Solar,6.937713894592744,0.10271479905706347,0.734641208521957
Solar,6.940451745379876,0.10271479905706347,0.734641208521957
Solar,6.954140999315538,0.10271479905706347,0.7350142452018217
Solar,6.95687885010267,0.1030878357369281,0.7350142452018217
Solar,6.967830253251198,0.1038356321298207,0.7350142452018217
Solar,6.978781656399726,0.1038356321298207,0.7350142452018217
Solar,6.98425735797399,0.10421039985695642,0.7350142452018217
Solar,6.9869952087611225,0.10495993531122784,0.7350142452018217
Solar,6.992470910335387,0.10495993531122784,0.7350142452018217
Solar,6.997946611909651,0.10533558277481223,0.7350142452018217
Solar,7.006160164271047,0.10533558277481223,0.7353898926654061
Solar,7.014373716632443,0.10533558277481223,0.7357664281844599
Solar,7.02258726899384,0.10571211829386608,0.7357664281844599
Solar,7.030800821355236,0.10571211829386608,0.7357664281844599
Solar,7.047227926078029,0.10608955032606053,0.7357664281844599
Solar,7.052703627652293,0.10646698235825498,0.7357664281844599
Solar,7.055441478439425,0.10646698235825498,0.7357664281844599
Solar,7.063655030800821,0.10684531950323647,0.7357664281844599
Solar,7.069130732375085,0.10722365664821797,0.7357664281844599
Solar,7.0718685831622174,0.10722365664821797,0.7357664281844599
Solar,7.080082135523614,0.10760290765103758,0.7357664281844599
Solar,7.085557837097878,0.10760290765103758,0.7357664281844599
Solar,7.099247091033539,0.10760290765103758,0.7361465996994223
Solar,7.110198494182067,0.10760290765103758,0.7365267712143847
Solar,7.112936344969199,0.10760290765103758,0.7365267712143847
Solar,7.1184120465434635,0.10760290765103758,0.7365267712143847
Solar,7.12662559890486,0.10798968264144596,0.7365267712143847
Solar,7.129363449691992,0.10837645763185433,0.7369135462047931
Solar,7.162217659137577,0.10837645763185433,0.7369135462047931
Solar,7.1649555099247095,0.10837645763185433,0.7373012905560797
Solar,7.170431211498974,0.10876420198314092,0.7373012905560797
Solar,7.184120465434634,0.1095396906857141,0.7373012905560797
Solar,7.186858316221766,0.1099274350370007,0.7376890349073664
Solar,7.189596167008898,0.1099274350370007,0.7380777684024062
Solar,7.219712525667351,0.1099274350370007,0.738855235392486
Solar,7.225188227241615,0.1099274350370007,0.738855235392486
Solar,7.238877481177276,0.1099274350370007,0.738855235392486
Solar,7.241615331964408,0.1099274350370007,0.738855235392486
Solar,7.2470910335386725,0.1099274350370007,0.738855235392486
Solar,7.255304585900069,0.11032020732159943,0.738855235392486
Solar,7.258042436687201,0.11032020732159943,0.738855235392486
Solar,7.260780287474333,0.11032020732159943,0.738855235392486
Solar,7.263518138261465,0.11071607230135248,0.738855235392486
Solar,7.266255989048597,0.11071607230135248,0.738855235392486
Solar,7.268993839835729,0.11071607230135248,0.738855235392486
Solar,7.277207392197125,0.11071607230135248,0.7392617994257459
Solar,7.282683093771389,0.11112263633461238,0.7392617994257459
Solar,7.285420944558521,0.11112263633461238,0.7392617994257459
Solar,7.2908966461327855,0.1115314220292562,0.7392617994257459
Solar,7.299110198494182,0.1115314220292562,0.7392617994257459
Solar,7.301848049281314,0.1115314220292562,0.7392617994257459
Solar,7.304585900068446,0.1115314220292562,0.7392617994257459
Solar,7.307323750855578,0.1115314220292562,0.7392617994257459
Solar,7.315537303216975,0.1115314220292562,0.7392617994257459
Solar,7.326488706365503,0.1115314220292562,0.7396774171932807
Solar,7.3319644079397674,0.1115314220292562,0.7396774171932807
Solar,7.3347022587268995,0.1115314220292562,0.7396774171932807
Solar,7.40041067761807,0.11195292673400822,0.7396774171932807
Solar,7.416837782340862,0.11195292673400822,0.7396774171932807
Solar,7.4195756331279945,0.11195292673400822,0.7396774171932807
Solar,7.449691991786447,0.11237684003707311,0.7396774171932807
Solar,7.4661190965092405,0.112800753340138,0.7396774171932807
Solar,7.468856947296373,0.112800753340138,0.7401013304963456
Solar,7.474332648870637,0.112800753340138,0.7405252437994105
Solar,7.477070499657769,0.112800753340138,0.7405252437994105
Solar,7.490759753593429,0.11322589537741468,0.7405252437994105
Solar,7.496235455167693,0.11322589537741468,0.7405252437994105
Solar,7.507186858316222,0.11365227689584959,0.7405252437994105
Solar,7.515400410677618,0.1140786584142845,0.7405252437994105
Solar,7.529089664613279,0.1145050399327194,0.7405252437994105
Solar,7.531827515400411,0.1145050399327194,0.7409516253178454
Solar,7.561943874058864,0.11493142145115431,0.7409516253178454
Solar,7.572895277207392,0.11493142145115431,0.7409516253178454
Solar,7.592060232717317,0.11493142145115431,0.7409516253178454
Solar,7.603011635865846,0.11493142145115431,0.7413870239680901
Solar,7.60848733744011,0.11493142145115431,0.7422578212685795
Solar,7.638603696098563,0.11493142145115431,0.7426932199188242
Solar,7.649555099247091,0.11493142145115431,0.7426932199188242
Solar,7.657768651608487,0.11536815568008076,0.7426932199188242
Solar,7.660506502395619,0.11536815568008076,0.7426932199188242
Solar,7.6796714579055445,0.11536815568008076,0.7426932199188242
Solar,7.682409308692677,0.11536815568008076,0.7426932199188242
Solar,7.685147159479809,0.11536815568008076,0.7426932199188242
Solar,7.7207392197125255,0.11536815568008076,0.7426932199188242
Solar,7.731690622861054,0.11581310434591491,0.7426932199188242
Solar,7.734428473648186,0.11581310434591491,0.7426932199188242
Solar,7.737166324435318,0.11581310434591491,0.7440322767869813
Solar,7.759069130732375,0.11625945663530059,0.7440322767869813
Solar,7.761806981519507,0.1167072395409984,0.7440322767869813
Solar,7.770020533880904,0.1167072395409984,0.744480059692679
Solar,7.772758384668036,0.1167072395409984,0.744480059692679
Solar,7.775496235455168,0.1167072395409984,0.744480059692679
Solar,7.7782340862423,0.11715939817541639,0.744480059692679
Solar,7.780971937029432,0.11715939817541639,0.744480059692679
Solar,7.783709787816564,0.11761453153769238,0.744480059692679
Solar,7.797399041752224,0.11761453153769238,0.744480059692679
Solar,7.8056125941136205,0.11761453153769238,0.744480059692679
Solar,7.813826146475017,0.11761453153769238,0.744480059692679
Solar,7.816563997262149,0.11761453153769238,0.744480059692679
Solar,7.832991101984942,0.11761453153769238,0.744480059692679
Solar,7.835728952772074,0.11761453153769238,0.744480059692679
Solar,7.8494182067077345,0.11761453153769238,0.744480059692679
Solar,7.852156057494867,0.11816177522328615,0.744480059692679
Solar,7.854893908281999,0.11816177522328615,0.7450273033782728
Solar,7.857631759069131,0.11816177522328615,0.7450273033782728
Solar,7.860369609856263,0.11816177522328615,0.7455767448296722
Solar,7.865845311430527,0.11871121667468551,0.7455767448296722
Solar,7.871321013004791,0.11871121667468551,0.7461261862810715
Solar,7.885010266940451,0.11926065812608487,0.7466756277324709
Solar,7.8932238193018485,0.11926065812608487,0.7466756277324709
Solar,7.912388774811773,0.11926065812608487,0.7466756277324709
Solar,7.945242984257358,0.11926065812608487,0.7466756277324709
Solar,7.94798083504449,0.11981693909762613,0.7466756277324709
Solar,7.950718685831622,0.12037322006916738,0.7466756277324709
Solar,8.002737850787133,0.12092950104070864,0.7466756277324709
Solar,8.021902806297057,0.12092950104070864,0.7466756277324709
Solar,8.02464065708419,0.12148812918934501,0.7466756277324709
Solar,8.068446269678303,0.12148812918934501,0.7472342558811073
Solar,8.07939767282683,0.12148812918934501,0.7472342558811073
Solar,8.082135523613964,0.12148812918934501,0.7472342558811073
Solar,8.084873374401095,0.12148812918934501,0.7472342558811073
Solar,8.087611225188228,0.12148812918934501,0.7472342558811073
Solar,8.09034907597536,0.12148812918934501,0.7472342558811073
Solar,8.098562628336756,0.12209589592512995,0.7472342558811073
Solar,8.10403832991102,0.1227036626609149,0.7472342558811073
Solar,8.106776180698152,0.1227036626609149,0.7472342558811073
Solar,8.128678986995208,0.1227036626609149,0.7478477562653429
Solar,8.134154688569472,0.1227036626609149,0.7478477562653429
Solar,8.139630390143736,0.1227036626609149,0.7478477562653429
Solar,8.177960301163587,0.1245617762648442,0.7478477562653429
Solar,8.186173853524982,0.12518114746615397,0.7478477562653429
Solar,8.208076659822039,0.1264198898687735,0.7478477562653429
Solar,8.216290212183436,0.1264198898687735,0.7484671274666527
Solar,8.240930869267626,0.12703926107008326,0.7484671274666527
Solar,8.24914442162902,0.12703926107008326,0.7484671274666527
Solar,8.254620123203285,0.12703926107008326,0.7484671274666527
Solar,8.260095824777549,0.12703926107008326,0.7484671274666527
Solar,8.271047227926077,0.12703926107008326,0.7484671274666527
Solar,8.27378507871321,0.12703926107008326,0.7484671274666527
Solar,8.284736481861739,0.12768098071680112,0.7484671274666527
Solar,8.292950034223136,0.12768098071680112,0.7484671274666527
Solar,8.303901437371664,0.12897110458989014,0.7484671274666527
Solar,8.328542094455852,0.12961616652643465,0.7484671274666527
Solar,8.331279945242985,0.12961616652643465,0.7484671274666527
Solar,8.334017796030116,0.12961616652643465,0.7484671274666527
Solar,8.347707049965777,0.12961616652643465,0.7484671274666527
Solar,8.361396303901437,0.13027875731995048,0.7484671274666527
Solar,8.380561259411362,0.13027875731995048,0.7484671274666527
Solar,8.394250513347023,0.13027875731995048,0.7484671274666527
Solar,8.407939767282683,0.13095996021440776,0.7484671274666527
Solar,8.421629021218344,0.13095996021440776,0.74914833036111
Solar,8.432580424366872,0.13095996021440776,0.74914833036111
Solar,8.454483230663929,0.13164505569683335,0.74914833036111
Solar,8.473648186173854,0.13164505569683335,0.74914833036111
Solar,8.476386036960985,0.13164505569683335,0.74914833036111
Solar,8.498288843258042,0.1323381174057988,0.74914833036111
Solar,8.506502395619439,0.1323381174057988,0.74914833036111
Solar,8.509240246406572,0.1323381174057988,0.74914833036111
Solar,8.511978097193703,0.1330393810284798,0.74914833036111
Solar,8.522929500342231,0.1330393810284798,0.74914833036111
Solar,8.53388090349076,0.1330393810284798,0.74914833036111
Solar,8.542094455852157,0.1330393810284798,0.74914833036111
Solar,8.566735112936344,0.13386324318659454,0.74914833036111
Solar,8.58590006844627,0.13386324318659454,0.74914833036111
Solar,8.588637919233403,0.13386324318659454,0.74914833036111
Solar,8.591375770020534,0.13386324318659454,0.7500279425900745
Solar,8.594113620807667,0.13386324318659454,0.7500279425900745
Solar,8.624229979466119,0.13386324318659454,0.7500279425900745
Solar,8.687200547570157,0.13386324318659454,0.7500279425900745
Solar,8.736481861738536,0.1348072172859712,0.7500279425900745
Solar,8.750171115674195,0.1348072172859712,0.7500279425900745
Solar,8.752908966461328,0.1348072172859712,0.7500279425900745
Solar,8.75564681724846,0.1348072172859712,0.7500279425900745
Solar,8.758384668035593,0.1348072172859712,0.7500279425900745
Solar,8.793976728268309,0.1348072172859712,0.7500279425900745
Solar,8.796714579055442,0.1348072172859712,0.7500279425900745
Solar,8.799452429842573,0.1348072172859712,0.7500279425900745
Solar,8.804928131416839,0.1358835242030175,0.7500279425900745
Solar,8.821355236139631,0.13803613803711007,0.7500279425900745
Solar,8.829568788501026,0.13803613803711007,0.7500279425900745
Solar,8.840520191649555,0.13803613803711007,0.7500279425900745
Solar,8.895277207392198,0.13803613803711007,0.7500279425900745
Solar,8.908966461327857,0.13803613803711007,0.7500279425900745
Solar,8.919917864476385,0.13803613803711007,0.7500279425900745
Solar,8.92539356605065,0.13919011658734526,0.7500279425900745
Solar,8.930869267624914,0.13919011658734526,0.7500279425900745
Solar,8.936344969199178,0.13919011658734526,0.7512064738754212
Solar,8.941820670773442,0.14036864787269185,0.7512064738754212
Solar,8.960985626283367,0.14036864787269185,0.7523850051607678
Solar,8.971937029431896,0.14154717915803844,0.7523850051607678
Solar,9.00479123887748,0.14154717915803844,0.7523850051607678
Solar,9.084188911704311,0.14154717915803844,0.7523850051607678
Solar,9.086926762491444,0.14154717915803844,0.7523850051607678
Solar,9.095140314852841,0.14398551974841067,0.7523850051607678
Solar,9.10609171800137,0.1452046900435968,0.7523850051607678
Solar,9.127994524298426,0.1452046900435968,0.7523850051607678
Solar,9.14715947980835,0.1464690147941602,0.7523850051607678
Solar,9.163586584531142,0.1464690147941602,0.7523850051607678
Solar,9.166324435318275,0.14778259895058968,0.7523850051607678
Solar,9.17180013689254,0.14778259895058968,0.7523850051607678
Solar,9.177275838466803,0.14778259895058968,0.7523850051607678
Solar,9.180013689253936,0.14778259895058968,0.7523850051607678
Solar,9.182751540041068,0.14778259895058968,0.7523850051607678
Solar,9.196440793976729,0.14778259895058968,0.7523850051607678
Solar,9.19917864476386,0.14778259895058968,0.7539448863465278
Solar,9.221081451060916,0.14778259895058968,0.7539448863465278
Solar,9.22655715263518,0.14778259895058968,0.7539448863465278
Solar,9.248459958932239,0.14778259895058968,0.7539448863465278
Solar,9.273100616016427,0.14778259895058968,0.7539448863465278
Solar,9.27857631759069,0.1494769526523635,0.7539448863465278
Solar,9.281314168377824,0.1494769526523635,0.7573335937500755
Solar,9.297741273100616,0.1494769526523635,0.7573335937500755
Solar,9.322381930184806,0.15120268327454053,0.7573335937500755
Solar,9.333333333333334,0.15120268327454053,0.7573335937500755
Solar,9.388090349075975,0.15120268327454053,0.7573335937500755
Solar,9.47296372347707,0.15120268327454053,0.7573335937500755
Solar,9.52498288843258,0.15120268327454053,0.7573335937500755
Solar,9.552361396303901,0.15306928986587487,0.7592002003414098
Solar,9.568788501026694,0.15306928986587487,0.7610668069327441
Solar,9.59069130732375,0.1549358964572092,0.7610668069327441
Solar,9.639972621492129,0.15680250304854354,0.7610668069327441
Solar,9.645448323066393,0.15680250304854354,0.7610668069327441
Solar,9.656399726214921,0.15896383699640437,0.7610668069327441
Solar,9.664613278576317,0.15896383699640437,0.7610668069327441
Solar,9.670088980150581,0.15896383699640437,0.7610668069327441
Solar,9.672826830937714,0.15896383699640437,0.7610668069327441
Solar,9.754962354551678,0.15896383699640437,0.7610668069327441
Solar,9.768651608487337,0.16138715081673316,0.7610668069327441
Solar,9.79876796714579,0.16138715081673316,0.7610668069327441
Solar,9.804243668720055,0.16138715081673316,0.7635682921666319
Solar,9.815195071868583,0.16138715081673316,0.7635682921666319
Solar,9.826146475017111,0.16397489416213432,0.7635682921666319
Solar,9.845311430527037,0.16397489416213432,0.7635682921666319
Solar,10.00684462696783,0.16676169468795096,0.7635682921666319
Solar,10.124572210814511,0.16676169468795096,0.7635682921666319
Solar,10.132785763175907,0.16676169468795096,0.7635682921666319
Solar,10.171115674195756,0.16676169468795096,0.7635682921666319
Solar,10.17659137577002,0.16676169468795096,0.7668859118402231
Solar,10.297056810403832,0.16676169468795096,0.7668859118402231
Solar,10.43668720054757,0.17025392592331015,0.7668859118402231
Solar,10.453114305270363,0.17025392592331015,0.7668859118402231
Solar,10.661190965092402,0.17025392592331015,0.7668859118402231
Solar,10.737850787132102,0.17025392592331015,0.7668859118402231
Solar,10.757015742642025,0.17025392592331015,0.7668859118402231
Solar,10.767967145790555,0.17025392592331015,0.7668859118402231
Solar,11.080082135523615,0.17549227277634896,0.7668859118402231
Solar,11.534565366187543,0.17549227277634896,0.7668859118402231
Solar,11.597535934291582,0.18125445431469164,0.7668859118402231
Solar,11.838466803559205,0.18125445431469164,0.7726480933785658
Solar,12.706365503080082,0.18125445431469164,0.7726480933785658
Solar,12.83504449007529,0.18125445431469164,0.7726480933785658
Solar,12.906228610540726,0.18893736303248188,0.7726480933785658
Solar,13.927446954140999,0.18893736303248188,0.780331002096356
Solar,13.938398357289527,0.1966202717502721,0.780331002096356
Solar,14.677618069815194,0.1966202717502721,0.7880139108141462
Solar,14.754277891854894,0.1966202717502721,0.7880139108141462
Solar,15.025325119780971,0.1966202717502721,0.8033797282497267
Solar+Battery,0.0027378507871321013,0.0,0.0004868549172346641
Solar+Battery,0.010951403148528405,0.0,0.0019474196689386564
Solar+Battery,0.013689253935660506,0.0,0.004381694255111977
Solar+Battery,0.01642710472279261,0.0,0.004868549172346641
Solar+Battery,0.019164955509924708,0.0,0.005355404089581305
Solar+Battery,0.02190280629705681,0.0,0.0058422590068159695
Solar+Battery,0.024640657084188913,0.0,0.0058422590068159695
Solar+Battery,0.02737850787132101,0.0,0.006329830238298649
Solar+Battery,0.03285420944558522,0.0,0.006329830238298649
Solar+Battery,0.038329911019849415,0.0,0.006329830238298649
Solar+Battery,0.04380561259411362,0.0,0.006818360311927804
Solar+Battery,0.049281314168377825,0.0,0.007306890385556959
Solar+Battery,0.05201916495550993,0.0,0.0077954204591861136
Solar+Battery,0.057494866529774126,0.0,0.00828395053281527
Solar+Battery,0.06297056810403832,0.0,0.009261010680073579
Solar+Battery,0.07392197125256673,0.0,0.009749540753702735
Solar+Battery,0.07665982203969883,0.0,0.0112151309745902
Solar+Battery,0.07939767282683094,0.0,0.0112151309745902
Solar+Battery,0.08213552361396304,0.0,0.011704386228932313
Solar+Battery,0.08487337440109514,0.0,0.012682896737616538
Solar+Battery,0.08761122518822724,0.0,0.01317215199195865
Solar+Battery,0.09034907597535935,0.0,0.013661407246300763
Solar+Battery,0.09582477754962354,0.0,0.015618428263669215
Solar+Battery,0.09856262833675565,0.0,0.01659693877235344
Solar+Battery,0.10130047912388775,0.0,0.017086194026695554
Solar+Battery,0.13141683778234087,0.0,0.017086194026695554
Solar+Battery,0.13415468856947296,0.0,0.018065191841410002
Solar+Battery,0.14236824093086928,0.0,0.018554690748767224
Solar+Battery,0.15605749486652978,0.0,0.019044189656124446
Solar+Battery,0.17522245037645448,0.0,0.020023187470838893
Solar+Battery,0.17796030116358658,0.0,0.020512686378196116
Solar+Battery,0.1834360027378508,0.0,0.020512686378196116
Solar+Battery,0.188911704312115,0.0,0.021003411485221068
Solar+Battery,0.1943874058863792,0.0,0.021003411485221068
Solar+Battery,0.1971252566735113,0.0,0.021003411485221068
Solar+Battery,0.2053388090349076,0.0,0.02247706415232811
Solar+Battery,0.2080766598220397,0.0,0.023459499263732805
Solar+Battery,0.2135523613963039,0.0,0.0244419343751375
Solar+Battery,0.216290212183436,0.0,0.025424369486542194
Solar+Battery,0.22176591375770022,0.0,0.02591558704224454
Solar+Battery,0.2245037645448323,0.0,0.02886289237645863
Solar+Battery,0.2272416153319644,0.0,0.029354109932160977
Solar+Battery,0.2299794661190965,0.0,0.031318980154970366
Solar+Battery,0.2327173169062286,0.0,0.033283850377779756
Solar+Battery,0.23545516769336072,0.0,0.03623265408786279
Solar+Battery,0.243668720054757,0.0,0.03623265408786279
Solar+Battery,0.2464065708418891,0.0,0.03623265408786279
Solar+Battery,0.24914442162902123,0.0,0.03820556574786717
Solar+Battery,0.2518822724161533,0.0,0.03820556574786717
Solar+Battery,0.2546201232032854,0.0,0.038699553644247306
Solar+Battery,0.2655715263518138,0.0,0.038699553644247306
Solar+Battery,0.27104722792607805,0.0,0.039194049758627836
Solar+Battery,0.2737850787132101,0.0,0.040183041987388896
Solar+Battery,0.2792607802874743,0.0,0.04067855926049814
Solar+Battery,0.30390143737166325,0.0,0.04067855926049814
Solar+Battery,0.3066392881587953,0.0,0.04067855926049814
Solar+Battery,0.30937713894592744,0.0,0.04117484557231371
Solar+Battery,0.31211498973305957,0.0,0.04216844676861183
Solar+Battery,0.31759069130732376,0.0,0.04266550517713876
Solar+Battery,0.3203285420944558,0.0,0.04365962199419261
Solar+Battery,0.3258042436687201,0.0,0.04415668040271954
Solar+Battery,0.33675564681724846,0.0,0.04465373881124647
Solar+Battery,0.34770704996577684,0.0,0.04465373881124647
Solar+Battery,0.3613963039014374,0.0,0.04465373881124647
Solar+Battery,0.36960985626283366,0.0,0.04515183383793508
Solar+Battery,0.38329911019849416,0.0,0.04515183383793508
Solar+Battery,0.3915126625598905,0.0,0.04565070957783166
Solar+Battery,0.3997262149212868,0.0,0.046149585317728246
Solar+Battery,0.4024640657084189,0.0,0.04664846105762483
Solar+Battery,0.4188911704312115,0.0,0.047147336797521415
Solar+Battery,0.4243668720054757,0.0,0.047147336797521415
Solar+Battery,0.4271047227926078,0.0,0.04964957593408255
Solar+Battery,0.42984257357973993,0.0,0.05015055138166606
Solar+Battery,0.432580424366872,0.0,0.050651526829249574
Solar+Battery,0.4380561259411362,0.0,0.050651526829249574
Solar+Battery,0.4407939767282683,0.0,0.0511527667834052
Solar+Battery,0.44353182751540043,0.0,0.0511527667834052
Solar+Battery,0.4490075290896646,0.0,0.05165427166354082
Solar+Battery,0.4544832306639288,0.0,0.053158786303947686
Solar+Battery,0.45722108145106094,0.0,0.05366029118408331
Solar+Battery,0.459958932238193,0.0,0.054161796064218934
Solar+Battery,0.4654346338124572,0.0,0.05516587059069004
Solar+Battery,0.47091033538672145,0.0,0.06119031774951667
Solar+Battery,0.4736481861738535,0.0,0.06169235501275223
Solar+Battery,0.4791238877481177,0.0,0.06219439227598778
Solar+Battery,0.48186173853524983,0.0,0.06269642953922333
Solar+Battery,0.48459958932238195,0.0,0.06319846680245889
Solar+Battery,0.49007529089664614,0.0,0.06420254132893
Solar+Battery,0.4928131416837782,0.0,0.06470457859216555
Solar+Battery,0.49555099247091033,0.0,0.0662106903818722
Solar+Battery,0.49828884325804246,0.0,0.06671299770280718
Solar+Battery,0.5010266940451745,0.0,0.06671299770280718
Solar+Battery,0.5201916495550992,0.0,0.07023104240721233
Solar+Battery,0.5311430527036276,0.0,0.07123619803704237
Solar+Battery,0.5338809034907598,0.0,0.07123619803704237
Solar+Battery,0.5366187542778919,0.0,0.07224408062191807
Solar+Battery,0.5420944558521561,0.0,0.07375672614264321
Solar+Battery,0.5530458590006845,0.0,0.07375672614264321
Solar+Battery,0.5612594113620808,0.0,0.07426149086954095
Solar+Battery,0.5667351129363449,0.0,0.07476653097272178
Solar+Battery,0.5722108145106092,0.0,0.07476653097272178
Solar+Battery,0.5776865160848734,0.0,0.07476653097272178
Solar+Battery,0.5886379192334018,0.0,0.07527323057240813
Solar+Battery,0.5913757700205339,0.0,0.07577993017209449
Solar+Battery,0.5968514715947981,0.0,0.07577993017209449
Solar+Battery,0.6160164271047228,0.0,0.07577993017209449
Solar+Battery,0.6269678302532512,0.0,0.0762883020476874
Solar+Battery,0.6297056810403833,0.0,0.0762883020476874
Solar+Battery,0.6351813826146475,0.0,0.0767972341126749
Solar+Battery,0.6461327857631759,0.0,0.0767972341126749
Solar+Battery,0.6844626967830253,0.0,0.0767972341126749
Solar+Battery,0.6872005475701575,0.0,0.07730898730884304
Solar+Battery,0.6926762491444216,0.0,0.07935600009351561
Solar+Battery,0.6954140999315537,0.0,0.07935600009351561
Solar+Battery,0.7091033538672142,0.0,0.07987003917777384
Solar+Battery,0.7145790554414785,0.0,0.08038407826203207
Solar+Battery,0.7227926078028748,0.0,0.08089811734629031
Solar+Battery,0.7255304585900069,0.0,0.08141215643054854
Solar+Battery,0.7282683093771389,0.0,0.08192619551480677
Solar+Battery,0.731006160164271,0.0,0.08295427368332323
Solar+Battery,0.7337440109514032,0.0,0.08346946791159102
Solar+Battery,0.7419575633127995,0.0,0.0839846621398588
Solar+Battery,0.7501711156741958,0.0,0.08604543905293
Solar+Battery,0.7529089664613279,0.0,0.08656238167790006
Solar+Battery,0.7611225188227242,0.0,0.08759626692784019
Solar+Battery,0.7638603696098563,0.0,0.08811320955281025
Solar+Battery,0.7665982203969883,0.0,0.08966403742772044
Solar+Battery,0.7693360711841205,0.0,0.09069792267766057
Solar+Battery,0.7720739219712526,0.0,0.09069792267766057
Solar+Battery,0.783025325119781,0.0,0.09121663464418786
Solar+Battery,0.7885010266940452,0.0,0.09225405857724243
Solar+Battery,0.7967145790554415,0.0,0.09277277054376973
Solar+Battery,0.7994524298425736,0.0,0.09329148251029702
Solar+Battery,0.8021902806297057,0.0,0.09329148251029702
Solar+Battery,0.8049281314168378,0.0,0.09381108624524814
Solar+Battery,0.8076659822039699,0.0,0.09433068998019926
Solar+Battery,0.8213552361396304,0.0,0.094850591995136
Solar+Battery,0.8240930869267625,0.0,0.09537079280433419
Solar+Battery,0.8268309377138946,0.0,0.09589099361353239
Solar+Battery,0.8295687885010267,0.0,0.09641149390506172
Solar+Battery,0.8323066392881588,0.0,0.09693259454294807
Solar+Battery,0.8350444900752909,0.0005211006378863541,0.09745369518083442
Solar+Battery,0.8432580424366872,0.0005211006378863541,0.09745369518083442
Solar+Battery,0.8459958932238193,0.0005211006378863541,0.09745369518083442
Solar+Battery,0.8569472963723477,0.0005211006378863541,0.09798807030179489
Solar+Battery,0.8596851471594799,0.0005211006378863541,0.09798807030179489
Solar+Battery,0.8624229979466119,0.0005211006378863541,0.09905745444065647
Solar+Battery,0.865160848733744,0.0005211006378863541,0.10066248375424196
Solar+Battery,0.8678986995208761,0.0005211006378863541,0.10226846901143291
Solar+Battery,0.8706365503080082,0.0005211006378863541,0.10280379743049656
Solar+Battery,0.8733744010951403,0.0005211006378863541,0.1033391258495602
Solar+Battery,0.8761122518822724,0.0005211006378863541,0.1033391258495602
Solar+Battery,0.8815879534565366,0.001058999661603373,0.1033391258495602
Solar+Battery,0.8843258042436687,0.001058999661603373,0.10387832023516456
Solar+Battery,0.8870636550308009,0.001058999661603373,0.10873692344441009
Solar+Battery,0.8898015058179329,0.001058999661603373,0.10981661304646466
Solar+Battery,0.892539356605065,0.001058999661603373,0.1114361474495465
Solar+Battery,0.8980150581793293,0.001058999661603373,0.11197599225057378
Solar+Battery,0.9007529089664613,0.001058999661603373,0.11359552665365562
Solar+Battery,0.9034907597535934,0.001058999661603373,0.11575490585776474
Solar+Battery,0.9062286105407256,0.001058999661603373,0.11737444026084658
Solar+Battery,0.9089664613278576,0.001058999661603373,0.11791461584912939
Solar+Battery,0.9117043121149897,0.001058999661603373,0.11953514261397782
Solar+Battery,0.9144421629021219,0.001058999661603373,0.11953514261397782
Solar+Battery,0.9226557152635181,0.001058999661603373,0.12061615780478842
Solar+Battery,0.9253935660506503,0.001058999661603373,0.12170589086004104
Solar+Battery,0.9418206707734429,0.001058999661603373,0.12279562391529365
Solar+Battery,0.947296372347707,0.001058999661603373,0.12334049044291996
Solar+Battery,0.9527720739219713,0.001058999661603373,0.12388535697054627
Solar+Battery,0.9555099247091033,0.001058999661603373,0.12443022349817258
Solar+Battery,0.9582477754962354,0.001058999661603373,0.1266096896086778
Solar+Battery,0.9609856262833676,0.001058999661603373,0.1271545561363041
Solar+Battery,0.9637234770704997,0.001058999661603373,0.12933402224680934
Solar+Battery,0.9691991786447639,0.001058999661603373,0.1298802577858116
Solar+Battery,0.9828884325804244,0.001058999661603373,0.13151896440281838
Solar+Battery,0.9883641341546886,0.001058999661603373,0.13206519994182064
Solar+Battery,0.9911019849418207,0.001058999661603373,0.1337039065588274
Solar+Battery,0.9938398357289527,0.001058999661603373,0.13425014209782968
Solar+Battery,0.9965776865160849,0.001058999661603373,0.13479637763683194
Solar+Battery,0.999315537303217,0.001058999661603373,0.13698131979284095
Solar+Battery,1.002053388090349,0.001058999661603373,0.13752755533184322
Solar+Battery,1.0047912388774811,0.001058999661603373,0.13916626194884998
Solar+Battery,1.0102669404517455,0.001058999661603373,0.13971249748785225
Solar+Battery,1.0294318959616702,0.001058999661603373,0.14080496856585675
Solar+Battery,1.0321697467488022,0.001058999661603373,0.14080496856585675
Solar+Battery,1.0376454483230664,0.001058999661603373,0.14190655525619378
Solar+Battery,1.0403832991101984,0.001058999661603373,0.1430081419465308
Solar+Battery,1.0458590006844628,0.001058999661603373,0.1435589352916993
Solar+Battery,1.0485968514715949,0.001058999661603373,0.14466052198203633
Solar+Battery,1.056810403832991,0.001058999661603373,0.14576210867237335
Solar+Battery,1.0677618069815196,0.001058999661603373,0.14631290201754185
Solar+Battery,1.0732375085557837,0.001058999661603373,0.14686369536271035
Solar+Battery,1.0869267624914443,0.001058999661603373,0.14851607539821587
Solar+Battery,1.0951403148528405,0.001058999661603373,0.14851607539821587
Solar+Battery,1.0978781656399725,0.001058999661603373,0.14961980664408242
Solar+Battery,1.103353867214237,0.001058999661603373,0.1523791347587488
Solar+Battery,1.108829568788501,0.001058999661603373,0.15348286600461536
Solar+Battery,1.1143052703627652,0.001058999661603373,0.15348286600461536
Solar+Battery,1.1170431211498972,0.001058999661603373,0.15348286600461536
Solar+Battery,1.1334702258726899,0.001058999661603373,0.1540390884614139
Solar+Battery,1.1416837782340863,0.001058999661603373,0.15459531091821244
Solar+Battery,1.1690622861054072,0.001058999661603373,0.15459531091821244
Solar+Battery,1.1718001368925393,0.001058999661603373,0.15459531091821244
Solar+Battery,1.1827515400410678,0.001058999661603373,0.15459531091821244
Solar+Battery,1.1882272416153319,0.001058999661603373,0.1557188580764562
Solar+Battery,1.1937029431895962,0.001058999661603373,0.1557188580764562
Solar+Battery,1.2019164955509924,0.001058999661603373,0.1557188580764562
Solar+Battery,1.2073921971252566,0.0016215227718514985,0.1557188580764562
Solar+Battery,1.215605749486653,0.0016215227718514985,0.15628138118670432
Solar+Battery,1.2238193018480492,0.0016215227718514985,0.15628138118670432
Solar+Battery,1.2402464065708418,0.0016215227718514985,0.15628138118670432
Solar+Battery,1.2484599589322383,0.0016215227718514985,0.15628138118670432
Solar+Battery,1.2922655715263518,0.0016215227718514985,0.15684654702297374
Solar+Battery,1.3141683778234086,0.0016215227718514985,0.15741171285924316
Solar+Battery,1.322381930184805,0.0016215227718514985,0.15741171285924316
Solar+Battery,1.3497604380561259,0.0016215227718514985,0.15797840205356184
Solar+Battery,1.3579739904175223,0.0016215227718514985,0.15854509124788052
Solar+Battery,1.374401095140315,0.0016215227718514985,0.1591117804421992
Solar+Battery,1.3826146475017111,0.0016215227718514985,0.15968000433982002
Solar+Battery,1.3935660506502396,0.0016215227718514985,0.16024822823744084
Solar+Battery,1.4072553045859,0.0016215227718514985,0.16138467603268247
Solar+Battery,1.4209445585215605,0.0016215227718514985,0.16138467603268247
Solar+Battery,1.431895961670089,0.0016215227718514985,0.16195444717032403
Solar+Battery,1.4373716632443532,0.0016215227718514985,0.16366376058324875
Solar+Battery,1.4428473648186173,0.0016215227718514985,0.16366376058324875
Solar+Battery,1.4455852156057496,0.0016215227718514985,0.16480720540057053
Solar+Battery,1.4510609171800137,0.0016215227718514985,0.16595065021789232
Solar+Battery,1.4537987679671458,0.0016215227718514985,0.1670940950352141
Solar+Battery,1.4565366187542779,0.0016215227718514985,0.167665817443875
Solar+Battery,1.45927446954141,0.002193245180512389,0.16880926226119677
Solar+Battery,1.4757015742642026,0.002193245180512389,0.17109615189584035
Solar+Battery,1.4948665297741273,0.002193245180512389,0.17166787430450123
Solar+Battery,1.5003422313483916,0.002193245180512389,0.17166787430450123
Solar+Battery,1.514031485284052,0.0027661570255297164,0.17166787430450123
Solar+Battery,1.5441478439425051,0.0027661570255297164,0.17224078614951854
Solar+Battery,1.5496235455167693,0.0027661570255297164,0.1733866098395532
Solar+Battery,1.5550992470910336,0.0027661570255297164,0.17453402938430934
Solar+Battery,1.5633127994524298,0.0027661570255297164,0.17568144892906548
Solar+Battery,1.566050650239562,0.0027661570255297164,0.17625515870144357
Solar+Battery,1.568788501026694,0.0027661570255297164,0.17625515870144357
Solar+Battery,1.571526351813826,0.0027661570255297164,0.17682926966946666
Solar+Battery,1.5742642026009583,0.0027661570255297164,0.17797749160551285
Solar+Battery,1.5770020533880904,0.0027661570255297164,0.17797749160551285
Solar+Battery,1.5852156057494866,0.0027661570255297164,0.17970709685118974
Solar+Battery,1.593429158110883,0.0027661570255297164,0.17970709685118974
Solar+Battery,1.596167008898015,0.0027661570255297164,0.18028403880328803
Solar+Battery,1.6016427104722792,0.0027661570255297164,0.18028403880328803
Solar+Battery,1.6071184120465434,0.0027661570255297164,0.18201608785806792
Solar+Battery,1.6153319644079398,0.0027661570255297164,0.18201608785806792
Solar+Battery,1.623545516769336,0.0027661570255297164,0.1837542920267596
Solar+Battery,1.626283367556468,0.0027661570255297164,0.1843336934163235
Solar+Battery,1.6290212183436004,0.0027661570255297164,0.2046127420510599
Solar+Battery,1.6317590691307324,0.0027661570255297164,0.20982735455713497
Solar+Battery,1.6454483230663928,0.0027661570255297164,0.21040675594669886
Solar+Battery,1.6509240246406571,0.0027661570255297164,0.21214624103224294
Solar+Battery,1.6563997262149213,0.0027661570255297164,0.21272606939409097
Solar+Battery,1.6591375770020533,0.0027661570255297164,0.213305897755939
Solar+Battery,1.6646132785763177,0.0027661570255297164,0.21504538284148308
Solar+Battery,1.6700889801505818,0.0027661570255297164,0.21620503956517914
Solar+Battery,1.675564681724846,0.0027661570255297164,0.21678529870589927
Solar+Battery,1.68104038329911,0.0027661570255297164,0.22258789011310054
Solar+Battery,1.6837782340862424,0.0027661570255297164,0.22664970409814142
Solar+Battery,1.6865160848733745,0.0027661570255297164,0.22722996323886155
Solar+Battery,1.702943189596167,0.0027661570255297164,0.22897074066102194
Solar+Battery,1.7056810403832992,0.0027661570255297164,0.22897074066102194
Solar+Battery,1.7111567419575633,0.0027661570255297164,0.22897074066102194
Solar+Battery,1.7193702943189597,0.0027661570255297164,0.2295549711570778
Solar+Battery,1.7248459958932238,0.0027661570255297164,0.23013920165313365
Solar+Battery,1.727583846680356,0.0027661570255297164,0.23013920165313365
Solar+Battery,1.7357973990417521,0.0027661570255297164,0.23072566544619277
Solar+Battery,1.7385352498288844,0.0027661570255297164,0.2313121292392519
Solar+Battery,1.7467488021902806,0.0027661570255297164,0.23189859303231103
Solar+Battery,1.757700205338809,0.0027661570255297164,0.23248505682537016
Solar+Battery,1.7604380561259412,0.0027661570255297164,0.23307242148447085
Solar+Battery,1.7768651608487338,0.0027661570255297164,0.23365978614357155
Solar+Battery,1.7932922655715264,0.0027661570255297164,0.23485754936997297
Solar+Battery,1.8151950718685832,0.0027661570255297164,0.23545643098317368
Solar+Battery,1.8206707734428473,0.0027661570255297164,0.2372530758227758
Solar+Battery,1.8234086242299794,0.0027661570255297164,0.2378519574359765
Solar+Battery,1.8261464750171115,0.0027661570255297164,0.23904972066237792
Solar+Battery,1.8288843258042438,0.0027661570255297164,0.24144524711518076
Solar+Battery,1.842573579739904,0.0027661570255297164,0.24144524711518076
Solar+Battery,1.8453114305270362,0.0027661570255297164,0.24144524711518076
Solar+Battery,1.8754277891854894,0.0027661570255297164,0.24204698962780757
Solar+Battery,1.8973305954825461,0.0027661570255297164,0.24986964229195627
Solar+Battery,1.9110198494182067,0.0027661570255297164,0.24986964229195627
Solar+Battery,1.9356605065023955,0.0027661570255297164,0.25047528589056445
Solar+Battery,1.9548254620123204,0.0027661570255297164,0.25168657308778086
Solar+Battery,1.9575633127994525,0.0027661570255297164,0.25229221668638907
Solar+Battery,1.9712525667351128,0.0027661570255297164,0.25229221668638907
Solar+Battery,1.9931553730321698,0.0027661570255297164,0.25229221668638907
Solar+Battery,2.001368925393566,0.0027661570255297164,0.2528998362836877
Solar+Battery,2.0123203285420943,0.0027661570255297164,0.2535074558809863
Solar+Battery,2.0150581793292264,0.0027661570255297164,0.2541150754782849
Solar+Battery,2.023271731690623,0.0027661570255297164,0.2553303146728821
Solar+Battery,2.0342231348391513,0.0027661570255297164,0.2565455538674793
Solar+Battery,2.0369609856262834,0.0027661570255297164,0.2565455538674793
Solar+Battery,2.0396988364134154,0.0027661570255297164,0.2577617907954054
Solar+Battery,2.0451745379876796,0.0027661570255297164,0.2589780277233315
Solar+Battery,2.0561259411362083,0.0027661570255297164,0.25958614618729453
Solar+Battery,2.0616016427104724,0.0027661570255297164,0.26019426465125756
Solar+Battery,2.0752908966461328,0.0027661570255297164,0.26019426465125756
Solar+Battery,2.078028747433265,0.0027661570255297164,0.26080540858021545
Solar+Battery,2.083504449007529,0.0027661570255297164,0.26141655250917334
Solar+Battery,2.086242299794661,0.0027661570255297164,0.26141655250917334
Solar+Battery,2.11088295687885,0.0027661570255297164,0.2626398564002212
Solar+Battery,2.130047912388775,0.0027661570255297164,0.2626398564002212
Solar+Battery,2.1519507186858315,0.0027661570255297164,0.2632530400284134
Solar+Battery,2.1711156741957565,0.0027661570255297164,0.2632530400284134
Solar+Battery,2.184804928131417,0.0027661570255297164,0.2632530400284134
Solar+Battery,2.187542778918549,0.0027661570255297164,0.26386983061912433
Solar+Battery,2.198494182067077,0.0027661570255297164,0.26386983061912433
Solar+Battery,2.2039698836413417,0.0027661570255297164,0.2644871403938342
Solar+Battery,2.206707734428474,0.0027661570255297164,0.26633906971796384
Solar+Battery,2.209445585215606,0.0027661570255297164,0.2669563794926737
Solar+Battery,2.21492128678987,0.0027661570255297164,0.26942561859151326
Solar+Battery,2.217659137577002,0.0027661570255297164,0.26942561859151326
Solar+Battery,2.239561943874059,0.0027661570255297164,0.27004345239829
Solar+Battery,2.242299794661191,0.0027661570255297164,0.27004345239829
Solar+Battery,2.2477754962354553,0.0027661570255297164,0.27004345239829
Solar+Battery,2.2532511978097194,0.0027661570255297164,0.27129507097071026
Solar+Battery,2.2642026009582477,0.0027661570255297164,0.27129507097071026
Solar+Battery,2.269678302532512,0.0027661570255297164,0.2719214202131639
Solar+Battery,2.272416153319644,0.0027661570255297164,0.2719214202131639
Solar+Battery,2.2751540041067764,0.0027661570255297164,0.2719214202131639
Solar+Battery,2.2888432580424367,0.003396315516199835,0.2719214202131639
Solar+Battery,2.316221765913758,0.003396315516199835,0.2719214202131639
Solar+Battery,2.3600273785078714,0.003396315516199835,0.27381518919644954
Solar+Battery,2.3627652292950034,0.003396315516199835,0.27381518919644954
Solar+Battery,2.3709787816563996,0.003396315516199835,0.27444865851747263
Solar+Battery,2.3819301848049284,0.003396315516199835,0.27444865851747263
Solar+Battery,2.3956194387405887,0.003396315516199835,0.275084358364274
Solar+Battery,2.4202600958247777,0.003396315516199835,0.275084358364274
Solar+Battery,2.433949349760438,0.003396315516199835,0.2757217429279838
Solar+Battery,2.4668035592060233,0.003396315516199835,0.2763591274916936
Solar+Battery,2.4777549623545516,0.003396315516199835,0.2763591274916936
Solar+Battery,2.48870636550308,0.003396315516199835,0.2769982087312607
Solar+Battery,2.510609171800137,0.003396315516199835,0.2769982087312607
Solar+Battery,2.524298425735797,0.003396315516199835,0.27764071362032544
Solar+Battery,2.5270362765229293,0.003396315516199835,0.27764071362032544
Solar+Battery,2.529774127310062,0.003396315516199835,0.27828379320070423
Solar+Battery,2.532511978097194,0.003396315516199835,0.28021303194184055
Solar+Battery,2.5598904859685145,0.003396315516199835,0.28085611152221934
Solar+Battery,2.568104038329911,0.003396315516199835,0.28085611152221934
Solar+Battery,2.5817932922655715,0.003396315516199835,0.28150092915551805
Solar+Battery,2.5900068446269677,0.003396315516199835,0.2827905644221155
Solar+Battery,2.6009582477754964,0.003396315516199835,0.2827905644221155
Solar+Battery,2.6119096509240247,0.003396315516199835,0.2834359650731658
Solar+Battery,2.620123203285421,0.003396315516199835,0.28408195032625516
Solar+Battery,2.628336755646817,0.003396315516199835,0.2847279355793445
Solar+Battery,2.631074606433949,0.003396315516199835,0.28537392083243385
Solar+Battery,2.6338124572210813,0.003396315516199835,0.2879696498968549
Solar+Battery,2.642026009582478,0.003396315516199835,0.28861858216296016
Solar+Battery,2.64476386036961,0.003396315516199835,0.2892675144290654
Solar+Battery,2.647501711156742,0.003396315516199835,0.28991644669517064
Solar+Battery,2.650239561943874,0.003396315516199835,0.28991644669517064
Solar+Battery,2.6995208761122518,0.003396315516199835,0.2912155041175762
Solar+Battery,2.702258726899384,0.003396315516199835,0.2912155041175762
Solar+Battery,2.707734428473648,0.003396315516199835,0.2912155041175762
Solar+Battery,2.735112936344969,0.003396315516199835,0.2912155041175762
Solar+Battery,2.759753593429158,0.003396315516199835,0.291892460144799
Solar+Battery,2.7624914442162902,0.004073271543422699,0.29256941617202187
Solar+Battery,2.7652292950034223,0.004073271543422699,0.29256941617202187
Solar+Battery,2.7734428473648185,0.004073271543422699,0.29256941617202187
Solar+Battery,2.7816563997262147,0.004073271543422699,0.29324833249662086
Solar+Battery,2.7953456536618755,0.004073271543422699,0.29460616514581883
Solar+Battery,2.8035592060232717,0.004073271543422699,0.29460616514581883
Solar+Battery,2.811772758384668,0.004073271543422699,0.29460616514581883
Solar+Battery,2.8145106091718,0.004073271543422699,0.29460616514581883
Solar+Battery,2.817248459958932,0.004073271543422699,0.29460616514581883
Solar+Battery,2.830937713894593,0.004073271543422699,0.2952991696550192
Solar+Battery,2.836413415468857,0.004073271543422699,0.2959921741642195
Solar+Battery,2.841889117043121,0.004073271543422699,0.2959921741642195
Solar+Battery,2.844626967830253,0.004073271543422699,0.29668586549652115
Solar+Battery,2.861054072553046,0.004073271543422699,0.29668586549652115
Solar+Battery,2.869267624914442,0.004073271543422699,0.2980815558417508
Solar+Battery,2.8720054757015743,0.004073271543422699,0.30575785274051387
Solar+Battery,2.8747433264887063,0.004073271543422699,0.31971475619281037
Solar+Battery,2.8774811772758384,0.004073271543422699,0.33018243378203277
Solar+Battery,2.8802190280629705,0.004073271543422699,0.33227596929987724
Solar+Battery,2.8829568788501025,0.004073271543422699,0.33367165964510687
Solar+Battery,2.8884325804243667,0.004073271543422699,0.33367165964510687
Solar+Battery,2.891170431211499,0.004073271543422699,0.33646598482996537
Solar+Battery,2.9021218343600275,0.004073271543422699,0.33716456612618
Solar+Battery,2.91854893908282,0.004073271543422699,0.33716456612618
Solar+Battery,2.924024640657084,0.00477333760328497,0.33716456612618
Solar+Battery,2.926762491444216,0.00477333760328497,0.33856469824590457
Solar+Battery,2.9322381930184807,0.00477333760328497,0.33926476430576685
Solar+Battery,2.945927446954141,0.00477333760328497,0.33996483036562913
Solar+Battery,2.948665297741273,0.00477333760328497,0.34416522672480276
Solar+Battery,2.951403148528405,0.00477333760328497,0.34486529278466505
Solar+Battery,2.954140999315537,0.00477333760328497,0.34486529278466505
Solar+Battery,2.9568788501026693,0.00477333760328497,0.34556914708078196
Solar+Battery,2.9596167008898013,0.00477333760328497,0.34627300137689887
Solar+Battery,2.976043805612594,0.00477333760328497,0.3469768556730158
Solar+Battery,2.9815195071868583,0.00477333760328497,0.34838456426524966
Solar+Battery,2.9924709103353866,0.00477333760328497,0.34838456426524966
Solar+Battery,3.025325119780972,0.00477333760328497,0.34979842677482664
Solar+Battery,3.028062970568104,0.00477333760328497,0.35050535802961513
Solar+Battery,3.0362765229295,0.00477333760328497,0.3512122892844036
Solar+Battery,3.0444900752908968,0.00477333760328497,0.3512122892844036
Solar+Battery,3.049965776865161,0.00477333760328497,0.35192155621514404
Solar+Battery,3.058179329226557,0.00477333760328497,0.35263082314588445
Solar+Battery,3.0663928815879533,0.00477333760328497,0.35263082314588445
Solar+Battery,3.0718685831622174,0.00477333760328497,0.35334402607513066
Solar+Battery,3.077344284736482,0.00477333760328497,0.35405722900437686
Solar+Battery,3.0910335386721424,0.00477333760328497,0.35477043193362306
Solar+Battery,3.1047227926078027,0.00477333760328497,0.35477043193362306
Solar+Battery,3.1101984941820673,0.00477333760328497,0.3554860254872131
Solar+Battery,3.1156741957563314,0.00477333760328497,0.3676511158982439
Solar+Battery,3.1184120465434635,0.00477333760328497,0.3719446772197842
Solar+Battery,3.1211498973305956,0.00477333760328497,0.3769538320949145
Solar+Battery,3.1238877481177276,0.00477333760328497,0.37766942564850453
Solar+Battery,3.1266255989048597,0.00477333760328497,0.37766942564850453
Solar+Battery,3.134839151266256,0.00477333760328497,0.37982369507902153
Solar+Battery,3.137577002053388,0.00477333760328497,0.3826960543197109
Solar+Battery,3.14031485284052,0.00477333760328497,0.3834141441298832
Solar+Battery,3.143052703627652,0.00477333760328497,0.3841322339400556
Solar+Battery,3.1485284052019167,0.00477333760328497,0.3841322339400556
Solar+Battery,3.186858316221766,0.00477333760328497,0.3841322339400556
Solar+Battery,3.1978097193702943,0.00477333760328497,0.3848579992945172
Solar+Battery,3.2005475701574264,0.00477333760328497,0.3855837646489788
Solar+Battery,3.2032854209445585,0.00477333760328497,0.3855837646489788
Solar+Battery,3.2142368240930868,0.00477333760328497,0.3855837646489788
Solar+Battery,3.2197125256673513,0.005501704267260759,0.3855837646489788
Solar+Battery,3.2361396303901437,0.005501704267260759,0.3855837646489788
Solar+Battery,3.2553045859000687,0.005501704267260759,0.386313877995602
Solar+Battery,3.2580424366872007,0.005501704267260759,0.39434512480845735
Solar+Battery,3.263518138261465,0.005501704267260759,0.39580535150170376
Solar+Battery,3.268993839835729,0.005501704267260759,0.3972655781949502
Solar+Battery,3.271731690622861,0.005501704267260759,0.4031064849679359
Solar+Battery,3.274469541409993,0.005501704267260759,0.4045667116611823
Solar+Battery,3.277207392197125,0.005501704267260759,0.4045667116611823
Solar+Battery,3.2908966461327855,0.005501704267260759,0.40529863670345473
Solar+Battery,3.293634496919918,0.005501704267260759,0.40529863670345473
Solar+Battery,3.29637234770705,0.005501704267260759,0.4060728806706417
Solar+Battery,3.299110198494182,0.005501704267260759,0.40764411008335755
Solar+Battery,3.3073237508555784,0.005501704267260759,0.40764411008335755
Solar+Battery,3.3100616016427105,0.005501704267260759,0.40764411008335755
Solar+Battery,3.3127994524298425,0.005501704267260759,0.40764411008335755
Solar+Battery,3.3210130047912387,0.005501704267260759,0.40764411008335755
Solar+Battery,3.3292265571526354,0.005501704267260759,0.40764411008335755
Solar+Battery,3.3347022587268995,0.005501704267260759,0.40764411008335755
Solar+Battery,3.3374401095140316,0.005501704267260759,0.40764411008335755
Solar+Battery,3.34839151266256,0.005501704267260759,0.4084718310786317
Solar+Battery,3.375770020533881,0.005501704267260759,0.4084718310786317
Solar+Battery,3.383983572895277,0.005501704267260759,0.4126162898102732
Solar+Battery,3.3867214236824092,0.005501704267260759,0.4142740733029298
Solar+Battery,3.3921971252566734,0.005501704267260759,0.4151029650492581
Solar+Battery,3.405886379192334,0.005501704267260759,0.4151029650492581
Solar+Battery,3.433264887063655,0.005501704267260759,0.4151029650492581
Solar+Battery,3.436002737850787,0.005501704267260759,0.4151029650492581
Solar+Battery,3.455167693360712,0.005501704267260759,0.4151029650492581
Solar+Battery,3.457905544147844,0.005501704267260759,0.4159463352540375
Solar+Battery,3.46611909650924,0.005501704267260759,0.41678970545881694
Solar+Battery,3.485284052019165,0.005501704267260759,0.41678970545881694
Solar+Battery,3.490759753593429,0.005501704267260759,0.41678970545881694
Solar+Battery,3.512662559890486,0.005501704267260759,0.41678970545881694
Solar+Battery,3.5236139630390144,0.005501704267260759,0.4176392769151021
Solar+Battery,3.5263518138261465,0.005501704267260759,0.4184888483713873
Solar+Battery,3.5373032169746748,0.005501704267260759,0.42103756274024284
Solar+Battery,3.5564681724845997,0.005501704267260759,0.421887134196528
Solar+Battery,3.5592060232717317,0.005501704267260759,0.421887134196528
Solar+Battery,3.567419575633128,0.005501704267260759,0.42446646375299746
Solar+Battery,3.57015742642026,0.005501704267260759,0.4253262402718206
Solar+Battery,3.5811088295687883,0.005501704267260759,0.4261860167906437
Solar+Battery,3.589322381930185,0.005501704267260759,0.42704840264639804
Solar+Battery,3.6139630390143735,0.005501704267260759,0.4287731743579067
Solar+Battery,3.6167008898015056,0.005501704267260759,0.4348098753481869
Solar+Battery,3.619438740588638,0.005501704267260759,0.43739703291544985
Solar+Battery,3.6440793976728267,0.005501704267260759,0.4391218046269585
Solar+Battery,3.6550308008213555,0.005501704267260759,0.4486524464400062
Solar+Battery,3.6632443531827517,0.005501704267260759,0.44951886842301053
Solar+Battery,3.696098562628337,0.005501704267260759,0.4503852904060149
Solar+Battery,3.701574264202601,0.005501704267260759,0.4503852904060149
Solar+Battery,3.704312114989733,0.005501704267260759,0.4512530942422617
Solar+Battery,3.7152635181382614,0.005501704267260759,0.4521222865646464
Solar+Battery,3.7180013689253935,0.005501704267260759,0.4616834021108788
Solar+Battery,3.7207392197125255,0.005501704267260759,0.4686369406899569
Solar+Battery,3.7234770704996576,0.005501704267260759,0.4695061330123417
Solar+Battery,3.7262149212867897,0.005501704267260759,0.4703753253347264
Solar+Battery,3.7316906228610542,0.005501704267260759,0.472113709979496
Solar+Battery,3.7344284736481863,0.005501704267260759,0.4729829023018807
Solar+Battery,3.7371663244353184,0.005501704267260759,0.4738520946242655
Solar+Battery,3.7426420260095825,0.005501704267260759,0.475590479269035
Solar+Battery,3.7508555783709787,0.005501704267260759,0.4773288639138046
Solar+Battery,3.756331279945243,0.005501704267260759,0.48081735923804697
Solar+Battery,3.761806981519507,0.005501704267260759,0.48081735923804697
Solar+Battery,3.7645448323066395,0.005501704267260759,0.4834381803426117
Solar+Battery,3.7700205338809036,0.005501704267260759,0.4843117873774666
Solar+Battery,3.7727583846680357,0.005501704267260759,0.4843117873774666
Solar+Battery,3.780971937029432,0.005501704267260759,0.4843117873774666
Solar+Battery,3.789185489390828,0.005501704267260759,0.48518839649835194
Solar+Battery,3.808350444900753,0.005501704267260759,0.48606500561923727
Solar+Battery,3.811088295687885,0.005501704267260759,0.4887085062610752
Solar+Battery,3.813826146475017,0.005501704267260759,0.4887085062610752
Solar+Battery,3.8165639972621492,0.005501704267260759,0.4887085062610752
Solar+Battery,3.8193018480492813,0.005501704267260759,0.4887085062610752
Solar+Battery,3.8357289527720737,0.005501704267260759,0.4896331676677876
Solar+Battery,3.838466803559206,0.005501704267260759,0.4896331676677876
Solar+Battery,3.8548939082819986,0.005501704267260759,0.4905681030901301
Solar+Battery,3.8576317590691307,0.005501704267260759,0.4905681030901301
Solar+Battery,3.865845311430527,0.005501704267260759,0.49432877616955256
Solar+Battery,3.868583162217659,0.005501704267260759,0.49526894443940817
Solar+Battery,3.8822724161533197,0.005501704267260759,0.49621088661165974
Solar+Battery,3.885010266940452,0.005501704267260759,0.4971528287839113
Solar+Battery,3.887748117727584,0.005501704267260759,0.49997865530066604
Solar+Battery,3.890485968514716,0.005501704267260759,0.5009205974729176
Solar+Battery,3.89596167008898,0.005501704267260759,0.5009205974729176
Solar+Battery,3.9041752224503763,0.005501704267260759,0.5009205974729176
Solar+Battery,3.915126625598905,0.005501704267260759,0.5028189732354554
Solar+Battery,3.920602327173169,0.005501704267260759,0.503769997070073
Solar+Battery,3.923340177960301,0.005501704267260759,0.5047210209046905
Solar+Battery,3.9260780287474333,0.005501704267260759,0.5056757524345697
Solar+Battery,3.9288158795345653,0.005501704267260759,0.5056757524345697
Solar+Battery,3.9452429842573578,0.005501704267260759,0.5056757524345697
Solar+Battery,3.9479808350444903,0.005501704267260759,0.5075927035847586
Solar+Battery,3.9507186858316223,0.005501704267260759,0.508551179159853
Solar+Battery,3.9534565366187544,0.005501704267260759,0.5104681303100419
Solar+Battery,3.9561943874058865,0.005501704267260759,0.5123850814602308
Solar+Battery,3.9671457905544147,0.005501704267260759,0.5143020326104196
Solar+Battery,3.980835044490075,0.005501704267260759,0.515260508185514
Solar+Battery,3.9835728952772076,0.005501704267260759,0.515260508185514
Solar+Battery,3.991786447638604,0.005501704267260759,0.5162209045533441
Solar+Battery,4.0,0.005501704267260759,0.5171813009211742
Solar+Battery,4.002737850787132,0.005501704267260759,0.5181416972890043
Solar+Battery,4.005475701574264,0.005501704267260759,0.5200624900246645
Solar+Battery,4.0191649555099245,0.005501704267260759,0.5200624900246645
Solar+Battery,4.024640657084189,0.005501704267260759,0.5229612831348972
Solar+Battery,4.030116358658453,0.005501704267260759,0.5239295316207244
Solar+Battery,4.041067761806982,0.005501704267260759,0.5239295316207244
Solar+Battery,4.046543463381246,0.005501704267260759,0.5239295316207244
Solar+Battery,4.049281314168378,0.005501704267260759,0.5239295316207244
Solar+Battery,4.05201916495551,0.005501704267260759,0.5258943281305867
Solar+Battery,4.0629705681040384,0.005501704267260759,0.5258943281305867
Solar+Battery,4.0657084188911705,0.005501704267260759,0.5268787902473979
Solar+Battery,4.076659822039699,0.005501704267260759,0.5268787902473979
Solar+Battery,4.079397672826831,0.005501704267260759,0.5278653292885063
Solar+Battery,4.084873374401095,0.005501704267260759,0.5278653292885063
Solar+Battery,4.114989733059549,0.005501704267260759,0.5278653292885063
Solar+Battery,4.117727583846681,0.005501704267260759,0.5288581653873238
Solar+Battery,4.120465434633813,0.005501704267260759,0.5298510014861413
Solar+Battery,4.123203285420945,0.005501704267260759,0.5298510014861413
Solar+Battery,4.134154688569473,0.005501704267260759,0.5308459635723224
Solar+Battery,4.139630390143737,0.005501704267260759,0.5308459635723224
Solar+Battery,4.153319644079398,0.005501704267260759,0.5328444650040484
Solar+Battery,4.158795345653662,0.005501704267260759,0.5328444650040484
Solar+Battery,4.161533196440794,0.005501704267260759,0.5328444650040484
Solar+Battery,4.172484599589322,0.005501704267260759,0.5328444650040484
Solar+Battery,4.177960301163586,0.005501704267260759,0.5328444650040484
Solar+Battery,4.180698151950718,0.005501704267260759,0.5328444650040484
Solar+Battery,4.183436002737851,0.005501704267260759,0.5338635683831404
Solar+Battery,4.191649555099247,0.005501704267260759,0.5348826717622325
Solar+Battery,4.1943874058863795,0.005501704267260759,0.5359017751413245
Solar+Battery,4.1971252566735116,0.005501704267260759,0.5369208785204166
Solar+Battery,4.202600958247776,0.005501704267260759,0.5369208785204166
Solar+Battery,4.219028062970568,0.005501704267260759,0.5369208785204166
Solar+Battery,4.229979466119096,0.005501704267260759,0.5379468368549734
Solar+Battery,4.238193018480493,0.005501704267260759,0.5379468368549734
Solar+Battery,4.251882272416153,0.005501704267260759,0.5389751059064999
Solar+Battery,4.257357973990418,0.005501704267260759,0.5400033749580264
Solar+Battery,4.268309377138946,0.005501704267260759,0.5410339756854067
Solar+Battery,4.276522929500342,0.005501704267260759,0.5410339756854067
Solar+Battery,4.287474332648871,0.006537010934035491,0.5410339756854067
Solar+Battery,4.295687885010267,0.006537010934035491,0.5431045890189561
Solar+Battery,4.298425735797399,0.006537010934035491,0.5431045890189561
Solar+Battery,4.312114989733059,0.006537010934035491,0.5503684341810046
Solar+Battery,4.314852840520191,0.006537010934035491,0.5514061263470115
Solar+Battery,4.317590691307323,0.006537010934035491,0.5565945871770461
Solar+Battery,4.328542094455853,0.006537010934035491,0.5565945871770461
Solar+Battery,4.331279945242985,0.006537010934035491,0.5565945871770461
Solar+Battery,4.344969199178645,0.006537010934035491,0.5576372325276163
Solar+Battery,4.347707049965777,0.006537010934035491,0.5576372325276163
Solar+Battery,4.350444900752909,0.006537010934035491,0.5576372325276163
Solar+Battery,4.353182751540041,0.006537010934035491,0.5576372325276163
Solar+Battery,4.355920602327173,0.006537010934035491,0.5576372325276163
Solar+Battery,4.3668720054757015,0.006537010934035491,0.5576372325276163
Solar+Battery,4.369609856262834,0.006537010934035491,0.5576372325276163
Solar+Battery,4.372347707049966,0.006537010934035491,0.5587106949821443
Solar+Battery,4.375085557837098,0.006537010934035491,0.5597841574366723
Solar+Battery,4.37782340862423,0.0076104733885634405,0.5597841574366723
Solar+Battery,4.383299110198494,0.0076104733885634405,0.5608576198912003
Solar+Battery,4.386036960985626,0.0076104733885634405,0.5608576198912003
Solar+Battery,4.388774811772758,0.0076104733885634405,0.5619364496580009
Solar+Battery,4.4106776180698155,0.0076104733885634405,0.5630179900523563
Solar+Battery,4.424366872005476,0.0076104733885634405,0.5640995304467117
Solar+Battery,4.4435318275154,0.0076104733885634405,0.5651810708410671
Solar+Battery,4.459958932238193,0.0076104733885634405,0.5662708883302772
Solar+Battery,4.462696783025325,0.0076104733885634405,0.5662708883302772
Solar+Battery,4.465434633812457,0.0076104733885634405,0.5662708883302772
Solar+Battery,4.479123887748118,0.0076104733885634405,0.5673691322433729
Solar+Battery,4.48186173853525,0.0076104733885634405,0.5673691322433729
Solar+Battery,4.501026694045175,0.0076104733885634405,0.5673691322433729
Solar+Battery,4.509240246406571,0.0076104733885634405,0.5684730813196536
Solar+Battery,4.517453798767967,0.0076104733885634405,0.5695770303959342
Solar+Battery,4.5366187542778915,0.0076104733885634405,0.5706809794722149
Solar+Battery,4.539356605065024,0.0076104733885634405,0.5706809794722149
Solar+Battery,4.5804243668720055,0.0076104733885634405,0.5706809794722149
Solar+Battery,4.58590006844627,0.0076104733885634405,0.5706809794722149
Solar+Battery,4.605065023956194,0.008726104465651328,0.5706809794722149
Solar+Battery,4.635181382614648,0.009841735542739215,0.5706809794722149
Solar+Battery,4.643394934976044,0.009841735542739215,0.5706809794722149
Solar+Battery,4.659822039698836,0.009841735542739215,0.5706809794722149
Solar+Battery,4.670773442847365,0.009841735542739215,0.5706809794722149
Solar+Battery,4.676249144421629,0.009841735542739215,0.5706809794722149
Solar+Battery,4.692676249144422,0.009841735542739215,0.5706809794722149
Solar+Battery,4.695414099931554,0.009841735542739215,0.5706809794722149
Solar+Battery,4.700889801505818,0.009841735542739215,0.5718333895958001
Solar+Battery,4.7118412046543465,0.010994145666324505,0.5718333895958001
Solar+Battery,4.717316906228611,0.010994145666324505,0.5718333895958001
Solar+Battery,4.733744010951403,0.010994145666324505,0.5731834622972172
Solar+Battery,4.736481861738535,0.010994145666324505,0.5745335349986342
Solar+Battery,4.7501711156741955,0.010994145666324505,0.5758880197023435
Solar+Battery,4.763860369609857,0.010994145666324505,0.5772425044060527
Solar+Battery,4.788501026694045,0.010994145666324505,0.578596989109762
Solar+Battery,4.791238877481177,0.010994145666324505,0.579955958862159
Solar+Battery,4.7939767282683095,0.010994145666324505,0.579955958862159
Solar+Battery,4.7967145790554415,0.010994145666324505,0.5813240187132344
Solar+Battery,4.815879534565366,0.010994145666324505,0.5826920785643097
Solar+Battery,4.818617385352498,0.010994145666324505,0.5840601384153851
Solar+Battery,4.8350444900752905,0.010994145666324505,0.5840601384153851
Solar+Battery,4.876112251882272,0.01237151204699896,0.5840601384153851
Solar+Battery,4.887063655030801,0.01237151204699896,0.5840601384153851
Solar+Battery,4.889801505817933,0.01237151204699896,0.5840601384153851
Solar+Battery,4.908966461327857,0.01237151204699896,0.5854469712316656
Solar+Battery,4.930869267624915,0.01237151204699896,0.5854469712316656
Solar+Battery,4.960985626283367,0.01237151204699896,0.5868434348313925
Solar+Battery,4.982888432580425,0.01237151204699896,0.5896363620308461
Solar+Battery,4.988364134154689,0.01237151204699896,0.591032825630573
Solar+Battery,5.075975359342916,0.01237151204699896,0.591032825630573
Solar+Battery,5.092402464065708,0.01237151204699896,0.5924543154596856
Solar+Battery,5.103353867214237,0.01237151204699896,0.5938758052887982
Solar+Battery,5.114305270362765,0.01237151204699896,0.5952972951179109
Solar+Battery,5.130732375085558,0.015214491705224247,0.5952972951179109
Solar+Battery,5.138945927446954,0.015214491705224247,0.5967187849470235
Solar+Battery,5.152635181382615,0.015214491705224247,0.5967187849470235
Solar+Battery,5.155373032169747,0.01664647223418274,0.5967187849470235
Solar+Battery,5.1827515400410675,0.01664647223418274,0.598150765475982
Solar+Battery,5.232032854209446,0.01664647223418274,0.598150765475982
Solar+Battery,5.23750855578371,0.01664647223418274,0.5995880892158695
Solar+Battery,5.242984257357974,0.01664647223418274,0.601025412955757
Solar+Battery,5.25119780971937,0.01664647223418274,0.601025412955757
Solar+Battery,5.253935660506502,0.01664647223418274,0.601025412955757
Solar+Battery,5.259411362080766,0.01664647223418274,0.6025130709900374
Solar+Battery,5.2648870636550305,0.01664647223418274,0.6025130709900374
Solar+Battery,5.281314168377824,0.01664647223418274,0.6040065629773934
Solar+Battery,5.30321697467488,0.01664647223418274,0.6040065629773934
Solar+Battery,5.3114305270362765,0.01664647223418274,0.6055119080757602
Solar+Battery,5.327857631759069,0.01664647223418274,0.6055119080757602
Solar+Battery,5.338809034907597,0.01664647223418274,0.6070232745545204
Solar+Battery,5.360711841204655,0.01664647223418274,0.6070232745545204
Solar+Battery,5.385352498288843,0.01664647223418274,0.6100581959513858
Solar+Battery,5.4072553045859,0.01664647223418274,0.6100581959513858
Solar+Battery,5.415468856947296,0.01664647223418274,0.6100581959513858
Solar+Battery,5.4839151266255985,0.01664647223418274,0.6115943907325151
Solar+Battery,5.514031485284052,0.01664647223418274,0.6115943907325151
Solar+Battery,5.516769336071184,0.01664647223418274,0.6115943907325151
Solar+Battery,5.522245037645448,0.01664647223418274,0.6115943907325151
Solar+Battery,5.541409993155373,0.01664647223418274,0.6115943907325151
Solar+Battery,5.560574948665297,0.01664647223418274,0.6115943907325151
Solar+Battery,5.66735112936345,0.01664647223418274,0.6115943907325151
Solar+Battery,5.670088980150582,0.01664647223418274,0.6115943907325151
Solar+Battery,5.675564681724846,0.01664647223418274,0.6115943907325151
Solar+Battery,5.691991786447638,0.01664647223418274,0.6115943907325151
Solar+Battery,5.711156741957564,0.01664647223418274,0.6115943907325151
Solar+Battery,5.716632443531828,0.01664647223418274,0.6134347825000067
Solar+Battery,5.724845995893224,0.01664647223418274,0.6134347825000067
Solar+Battery,5.730321697467488,0.01664647223418274,0.6134347825000067
Solar+Battery,5.749486652977413,0.01664647223418274,0.6134347825000067
Solar+Battery,5.752224503764545,0.01664647223418274,0.6134347825000067
Solar+Battery,5.754962354551677,0.01664647223418274,0.6134347825000067
Solar+Battery,5.765913757700205,0.01664647223418274,0.6134347825000067
Solar+Battery,5.779603011635865,0.018614125134532797,0.6134347825000067
Solar+Battery,5.845311430527036,0.020581778034882852,0.6134347825000067
Solar+Battery,5.883641341546886,0.020581778034882852,0.6154024354003568
Solar+Battery,5.897330595482546,0.020581778034882852,0.6154024354003568
Solar+Battery,5.9137577002053385,0.020581778034882852,0.6154024354003568
Solar+Battery,5.971252566735113,0.020581778034882852,0.6173915927039894
Solar+Battery,5.9958932238193015,0.020581778034882852,0.6173915927039894
Solar+Battery,6.031485284052019,0.020581778034882852,0.6173915927039894
Solar+Battery,6.034223134839151,0.020581778034882852,0.6173915927039894
Solar+Battery,6.036960985626283,0.020581778034882852,0.6173915927039894
Solar+Battery,6.0424366872005475,0.020581778034882852,0.6173915927039894
Solar+Battery,6.047912388774812,0.020581778034882852,0.6215290398955451
Solar+Battery,6.05886379192334,0.020581778034882852,0.623597763491323
Solar+Battery,6.075290896646133,0.020581778034882852,0.6256664870871009
Solar+Battery,6.078028747433265,0.020581778034882852,0.6277352106828789
Solar+Battery,6.132785763175907,0.02266274259868308,0.6277352106828789
Solar+Battery,6.138261464750171,0.02266274259868308,0.6277352106828789
Solar+Battery,6.165639972621492,0.02266274259868308,0.6277352106828789
Solar+Battery,6.168377823408624,0.02266274259868308,0.6277352106828789
Solar+Battery,6.247775496235455,0.02266274259868308,0.6277352106828789
Solar+Battery,6.250513347022587,0.02266274259868308,0.6277352106828789
Solar+Battery,6.26694045174538,0.02266274259868308,0.6277352106828789
Solar+Battery,6.28062970568104,0.02266274259868308,0.6298932480083013
Solar+Battery,6.294318959616701,0.024820779924105536,0.6298932480083013
Solar+Battery,6.299794661190965,0.024820779924105536,0.6298932480083013
Solar+Battery,6.338124572210814,0.024820779924105536,0.6298932480083013
Solar+Battery,6.349075975359343,0.024820779924105536,0.6298932480083013
Solar+Battery,6.395619438740589,0.024820779924105536,0.6298932480083013
Solar+Battery,6.406570841889117,0.024820779924105536,0.6298932480083013
Solar+Battery,6.52703627652293,0.027048431356799685,0.6298932480083013
Solar+Battery,6.587268993839836,0.027048431356799685,0.6298932480083013
Solar+Battery,6.5927446954141,0.027048431356799685,0.6298932480083013
Solar+Battery,6.633812457221081,0.027048431356799685,0.6298932480083013
Solar+Battery,6.652977412731006,0.029320340764977824,0.6298932480083013
Solar+Battery,6.672142368240931,0.031592250173155964,0.6298932480083013
Solar+Battery,6.674880219028063,0.031592250173155964,0.6298932480083013
Solar+Battery,6.685831622176591,0.031592250173155964,0.6298932480083013
Solar+Battery,6.713210130047912,0.031592250173155964,0.6298932480083013
Solar+Battery,6.721423682409308,0.031592250173155964,0.6298932480083013
Solar+Battery,6.751540041067762,0.031592250173155964,0.6298932480083013
Solar+Battery,6.839151266255989,0.031592250173155964,0.6298932480083013
Solar+Battery,6.844626967830253,0.031592250173155964,0.6298932480083013
Solar+Battery,6.874743326488707,0.03451047863710892,0.6298932480083013
Solar+Battery,6.921286789869952,0.03742870710106187,0.6298932480083013
Solar+Battery,6.9431895961670085,0.03742870710106187,0.6298932480083013
Solar+Battery,6.954140999315538,0.03742870710106187,0.6298932480083013
Solar+Battery,7.069130732375085,0.03742870710106187,0.6298932480083013
Solar+Battery,7.110198494182067,0.03742870710106187,0.6298932480083013
Solar+Battery,7.137577002053388,0.04045305296370402,0.6298932480083013
Solar+Battery,7.148528405201916,0.04045305296370402,0.6298932480083013
Solar+Battery,7.255304585900069,0.04045305296370402,0.6298932480083013
Solar+Battery,7.260780287474333,0.04045305296370402,0.6298932480083013
Solar+Battery,7.389459274469542,0.04045305296370402,0.6298932480083013
Solar+Battery,7.474332648870637,0.04045305296370402,0.6298932480083013
Solar+Battery,7.5482546201232035,0.04045305296370402,0.6298932480083013
Solar+Battery,7.5564681724846,0.04374958995398397,0.6298932480083013
Solar+Battery,7.559206023271732,0.04704612694426391,0.6298932480083013
Solar+Battery,7.58384668035592,0.050342663934543855,0.6298932480083013
Solar+Battery,7.630390143737166,0.050342663934543855,0.6298932480083013
Solar+Battery,7.646817248459959,0.050342663934543855,0.6298932480083013
Solar+Battery,7.709787816563997,0.050342663934543855,0.6298932480083013
Solar+Battery,7.734428473648186,0.05429036872537293,0.6298932480083013
Solar+Battery,7.917864476386037,0.058238073516202,0.6298932480083013
Solar+Battery,8.073921971252567,0.06218577830703107,0.6298932480083013
Solar+Battery,8.109514031485284,0.06613348309786014,0.6298932480083013
Solar+Battery,8.224503764544833,0.07008118788868921,0.6298932480083013
Solar+Battery,8.303901437371664,0.07402889267951829,0.6298932480083013
Solar+Battery,8.473648186173854,0.07797659747034735,0.6298932480083013
Solar+Battery,8.522929500342231,0.07797659747034735,0.6298932480083013
Solar+Battery,8.621492128678987,0.08197838040899601,0.6298932480083013
Solar+Battery,8.624229979466119,0.08598016334764466,0.6298932480083013
Solar+Battery,8.668035592060233,0.08598016334764466,0.6298932480083013
Solar+Battery,8.796714579055442,0.08598016334764466,0.6298932480083013
Solar+Battery,8.906228610540726,0.09105385243057419,0.6298932480083013
Solar+Battery,9.015742642026009,0.09612754151350372,0.6298932480083013
Solar+Battery,9.026694045174539,0.09612754151350372,0.6298932480083013
Solar+Battery,9.14715947980835,0.09612754151350372,0.6298932480083013
Solar+Battery,9.248459958932239,0.10139637248423825,0.6298932480083013
Solar+Battery,9.604380561259411,0.10139637248423825,0.6298932480083013
Solar+Battery,9.634496919917865,0.10677058007438746,0.6298932480083013
Solar+Battery,9.664613278576317,0.10677058007438746,0.6298932480083013
Solar+Battery,9.943874058863791,0.11304048892956153,0.6298932480083013
Solar+Battery,10.023271731690622,0.11931039778473561,0.6298932480083013
Solar+Battery,10.286105407255304,0.12558030663990968,0.6298932480083013
Solar+Battery,10.365503080082135,0.13185021549508374,0.6298932480083013
Solar+Battery,10.417522245037645,0.1381201243502578,0.6298932480083013
Solar+Battery,10.67214236824093,0.1381201243502578,0.6298932480083013
Solar+Battery,11.247091033538672,0.14585301193830583,0.6298932480083013
Solar+Battery,11.485284052019164,0.14585301193830583,0.6376261355963493
Solar+Battery,11.624914442162902,0.15358589952635385,0.6376261355963493
Solar+Battery,11.671457905544148,0.15358589952635385,0.6376261355963493
Solar+Battery,11.704312114989733,0.15358589952635385,0.64670387319971
Solar+Battery,11.978097193702943,0.16266363712971457,0.64670387319971
Solar+Battery,12.670773442847365,0.16266363712971457,0.64670387319971
Solar+Battery,12.821355236139631,0.16266363712971457,0.6567371621297403
Solar+Battery,12.8870636550308,0.17269692605974485,0.6567371621297403
Solar+Battery,13.494866529774127,0.17269692605974485,0.6667704510597706
Solar+Battery,13.74674880219028,0.17269692605974485,0.6667704510597706
Solar+Battery,14.124572210814511,0.1833991009184438,0.6667704510597706
Solar+Battery,14.239561943874058,0.19410127577714276,0.6667704510597706
Solar+Battery,14.469541409993155,0.19410127577714276,0.6774726259184696
Solar+Battery,14.754277891854894,0.19410127577714276,0.6774726259184696
Solar+Battery,15.255304585900069,0.19410127577714276,0.6774726259184696
Solar+Battery,15.419575633127995,0.19410127577714276,0.6774726259184696
Solar+Battery,15.633127994524298,0.19410127577714276,0.6774726259184696
Solar+Battery,15.822039698836413,0.2155056254945407,0.6774726259184696
Solar+Battery,16.035592060232716,0.2155056254945407,0.6774726259184696
Solar+Battery,16.418891170431213,0.2155056254945407,0.6774726259184696
Solar+Battery,17.95208761122519,0.2155056254945407,0.6774726259184696
Solar+Battery,18.16563997262149,0.2155056254945407,0.6774726259184696
Solar+Battery,19.359342915811087,0.2155056254945407,0.6774726259184696
Wind,0.010951403148528405,0.00029069767441860465,0.0005813953488372093
Wind,0.013689253935660506,0.00029069767441860465,0.0008720930232558139
Wind,0.01642710472279261,0.00029069767441860465,0.0017441860465116279
Wind,0.019164955509924708,0.00029069767441860465,0.0020348837209302325
Wind,0.02737850787132101,0.00029069767441860465,0.002325581395348837
Wind,0.030116358658453114,0.00029069767441860465,0.002616279069767442
Wind,0.03559206023271732,0.00029069767441860465,0.003197674418604651
Wind,0.038329911019849415,0.00029069767441860465,0.0034883720930232558
Wind,0.04106776180698152,0.00029069767441860465,0.0037791546179014104
Wind,0.04654346338124572,0.00029069767441860465,0.00436071966765772
Wind,0.049281314168377825,0.00029069767441860465,0.0046515021925358745
Wind,0.05201916495550993,0.00029069767441860465,0.005233067242292184
Wind,0.06023271731690623,0.00029069767441860465,0.005814632292048493
Wind,0.07118412046543464,0.00029069767441860465,0.006105414816926648
Wind,0.07392197125256673,0.00029069767441860465,0.006686979866682957
Wind,0.07665982203969883,0.00029069767441860465,0.007559327441317421
Wind,0.07939767282683094,0.00029069767441860465,0.007850109966195576
Wind,0.08213552361396304,0.00029069767441860465,0.008431675015951885
Wind,0.08761122518822724,0.00029069767441860465,0.009304790953100708
Wind,0.09034907597535935,0.0005817363201348788,0.009595829598816982
Wind,0.09582477754962354,0.0005817363201348788,0.011924138764547176
Wind,0.09856262833675565,0.0005817363201348788,0.01221517741026345
Wind,0.10677618069815195,0.0005817363201348788,0.012506216055979725
Wind,0.11225188227241616,0.0005817363201348788,0.013379331993128548
Wind,0.11498973305954825,0.0005817363201348788,0.013961409284561096
Wind,0.11772758384668036,0.0005817363201348788,0.01425244793027737
Wind,0.12320328542094455,0.0005817363201348788,0.014834525221709919
Wind,0.12594113620807665,0.0005817363201348788,0.015125563867426193
Wind,0.13141683778234087,0.0005817363201348788,0.016580757096007565
Wind,0.13415468856947296,0.0005817363201348788,0.017453873033156386
Wind,0.13689253935660506,0.0005817363201348788,0.018035950324588934
Wind,0.13963039014373715,0.0005817363201348788,0.018326988970305207
Wind,0.14236824093086928,0.0005817363201348788,0.01861802761602148
Wind,0.14510609171800137,0.0008727749658511528,0.021819452718900494
Wind,0.15058179329226556,0.0008727749658511528,0.022401530010333043
Wind,0.15331964407939766,0.0008727749658511528,0.022401530010333043
Wind,0.15605749486652978,0.0008727749658511528,0.022983780797232487
Wind,0.16153319644079397,0.0008727749658511528,0.02356603158413193
Wind,0.16427104722792607,0.0008727749658511528,0.024148282371031376
Wind,0.17522245037645448,0.0008727749658511528,0.024439407764481096
Wind,0.17796030116358658,0.0008727749658511528,0.024730533157930817
Wind,0.1806981519507187,0.0008727749658511528,0.02531278394483026
Wind,0.1834360027378508,0.0008727749658511528,0.02560390933827998
Wind,0.19164955509924708,0.0008727749658511528,0.026477285518629146
Wind,0.1943874058863792,0.0008727749658511528,0.027350923188852665
Wind,0.1971252566735113,0.0008727749658511528,0.02764213574559384
Wind,0.1998631074606434,0.0008727749658511528,0.028515773415817357
Wind,0.2053388090349076,0.0008727749658511528,0.029098198529299703
Wind,0.2080766598220397,0.0008727749658511528,0.029389411086040877
Wind,0.2108145106091718,0.0008727749658511528,0.02968062364278205
Wind,0.2135523613963039,0.0008727749658511528,0.029971836199523223
Wind,0.216290212183436,0.0008727749658511528,0.031136686426487918
Wind,0.2190280629705681,0.0008727749658511528,0.03142789898322909
Wind,0.2245037645448323,0.0008727749658511528,0.031719111539970264
Wind,0.2272416153319644,0.0008727749658511528,0.03259274921019378
Wind,0.2299794661190965,0.0008727749658511528,0.034049250831387205
Wind,0.2327173169062286,0.0008727749658511528,0.03434055115562589
Wind,0.23545516769336072,0.0008727749658511528,0.03463220371725785
Wind,0.24093086926762491,0.0008727749658511528,0.03579881396378569
Wind,0.243668720054757,0.0008727749658511528,0.03638211908704961
Wind,0.2464065708418891,0.0008727749658511528,0.03696595480927344
Wind,0.24914442162902123,0.0011647814211546053,0.03696595480927344
Wind,0.2518822724161533,0.0011647814211546053,0.03901062072071802
Wind,0.2546201232032854,0.0011647814211546053,0.03930271585092439
Wind,0.25735797399041754,0.0011647814211546053,0.03988690611133713
Wind,0.2600958247775496,0.0011647814211546053,0.04076319150195623
Wind,0.26283367556468173,0.0011647814211546053,0.041055286632162596
Wind,0.2655715263518138,0.0011647814211546053,0.04251576228319444
Wind,0.2683093771389459,0.0011647814211546053,0.04309995254360718
Wind,0.27104722792607805,0.0011647814211546053,0.043684142804019915
Wind,0.2737850787132101,0.0011647814211546053,0.04397623793422628
Wind,0.28473648186173856,0.0011647814211546053,0.044561143894804915
Wind,0.2874743326488706,0.0011647814211546053,0.04631639970354319
Wind,0.29021218343600275,0.0011647814211546053,0.04836482727101696
Wind,0.29568788501026694,0.0011647814211546053,0.04865773031918578
Wind,0.29842573579739906,0.0014576844693234277,0.049243536415523426
Wind,0.30390143737166325,0.0014576844693234277,0.04982934251186107
Wind,0.3066392881587953,0.0014576844693234277,0.05012224556002989
Wind,0.30937713894592744,0.00175058751749225,0.050415148608198714
Wind,0.31211498973305957,0.00175058751749225,0.05070814219826805
Wind,0.31485284052019163,0.00175058751749225,0.05100113578833739
Wind,0.31759069130732376,0.00175058751749225,0.05129412937840673
Wind,0.3203285420944558,0.00175058751749225,0.05217311014861475
Wind,0.32306639288158795,0.00175058751749225,0.052759097328753425
Wind,0.3258042436687201,0.00175058751749225,0.05363835056665214
Wind,0.33127994524298426,0.00175058751749225,0.05393143497928505
Wind,0.33401779603011633,0.00175058751749225,0.05510377262981667
Wind,0.3394934976043806,0.00175058751749225,0.05539685704244958
Wind,0.34223134839151265,0.00175058751749225,0.05569003258829537
Wind,0.34496919917864477,0.00175058751749225,0.05715591031752432
Wind,0.34770704996577684,0.00175058751749225,0.057449177223777036
Wind,0.35044490075290896,0.00175058751749225,0.05803571103628248
Wind,0.3531827515400411,0.00175058751749225,0.058622244848787926
Wind,0.35592060232717315,0.00175058751749225,0.058915511755040645
Wind,0.3586584531143053,0.00175058751749225,0.05950204556754609
Wind,0.3613963039014374,0.00175058751749225,0.06067511319255697
Wind,0.36413415468856947,0.0020438544237449717,0.06155491391131514
Wind,0.3668720054757016,0.0020438544237449717,0.061848180817567856
Wind,0.36960985626283366,0.0020438544237449717,0.06272798153632603
Wind,0.3723477070499658,0.002337397475860455,0.063315067640557
Wind,0.3805612594113621,0.002337397475860455,0.06390215374478797
Wind,0.38329911019849416,0.002337397475860455,0.06448923984901894
Wind,0.3860369609856263,0.002337397475860455,0.06478278290113443
Wind,0.3887748117727584,0.002337397475860455,0.06566341205748087
Wind,0.3915126625598905,0.002337397475860455,0.06625049816171184
Wind,0.3942505133470226,0.002337397475860455,0.06654404121382733
Wind,0.39698836413415467,0.002337397475860455,0.06742467037017377
Wind,0.4024640657084189,0.002337397475860455,0.06801175647440474
Wind,0.405201916495551,0.002337397475860455,0.0685993992342339
Wind,0.4079397672826831,0.002337397475860455,0.06889322061414849
Wind,0.4106776180698152,0.002337397475860455,0.06918704199406307
Wind,0.4134154688569473,0.002337397475860455,0.06948086337397766
Wind,0.4188911704312115,0.002337397475860455,0.0703623275137214
Wind,0.4216290212183436,0.002337397475860455,0.07300671993295263
Wind,0.4243668720054757,0.002337397475860455,0.07418200545261096
Wind,0.42984257357973993,0.002337397475860455,0.0744762949991602
Wind,0.432580424366872,0.002337397475860455,0.07535916363880793
Wind,0.4380561259411362,0.002337397475860455,0.07624203227845566
Wind,0.4407939767282683,0.0026316870224096993,0.07741919046465263
Wind,0.4462696783025325,0.0026316870224096993,0.07741919046465263
Wind,0.4490075290896646,0.0026316870224096993,0.07771357418385677
Wind,0.4517453798767967,0.0026316870224096993,0.07889110906067333
Wind,0.45722108145106094,0.0026316870224096993,0.07947987649908161
Wind,0.459958932238193,0.0026316870224096993,0.08212932997191888
Wind,0.46269678302532513,0.0026316870224096993,0.08242371369112302
Wind,0.4654346338124572,0.0026316870224096993,0.08330686484873544
Wind,0.4681724845995893,0.0026316870224096993,0.08360124856793957
Wind,0.47091033538672145,0.0026316870224096993,0.08831138807520582
Wind,0.4736481861738535,0.0026316870224096993,0.08978330667122651
Wind,0.4791238877481177,0.0026316870224096993,0.09007769039043065
Wind,0.48186173853524983,0.0026316870224096993,0.09096084154804307
Wind,0.48459958932238195,0.0026316870224096993,0.09184399270565549
Wind,0.487337440109514,0.0026316870224096993,0.0947887872431252
Wind,0.49007529089664614,0.0026316870224096993,0.09567222560436611
Wind,0.4928131416837782,0.0026316870224096993,0.10067837631806462
Wind,0.49555099247091033,0.0026316870224096993,0.1018562941330525
Wind,0.49828884325804246,0.0026316870224096993,0.10332869140178735
Wind,0.5010266940451745,0.0026316870224096993,0.10362317085553432
Wind,0.5037645448323066,0.0026316870224096993,0.10421212976302827
Wind,0.5065023956194388,0.0026316870224096993,0.10480108867052221
Wind,0.5092402464065708,0.0026316870224096993,0.10539004757801615
Wind,0.5147159479808351,0.0026316870224096993,0.10597900648551009
Wind,0.5174537987679672,0.0029261664761566697,0.10656796539300403
Wind,0.5201916495550992,0.0029261664761566697,0.10715692430049797
Wind,0.5229295003422314,0.0029261664761566697,0.10745140375424495
Wind,0.5284052019164955,0.0029261664761566697,0.10921828047672677
Wind,0.5311430527036276,0.0029261664761566697,0.11010171883796768
Wind,0.5366187542778919,0.0029261664761566697,0.11069067774546162
Wind,0.5420944558521561,0.0029261664761566697,0.11127963665295557
Wind,0.5448323066392882,0.0029261664761566697,0.11157411610670254
Wind,0.5475701574264202,0.0029261664761566697,0.11186859556044951
Wind,0.5503080082135524,0.0029261664761566697,0.11216307501419648
Wind,0.5530458590006845,0.0029261664761566697,0.11304710174597435
Wind,0.5557837097878165,0.0029261664761566697,0.11422580405501151
Wind,0.5585215605749486,0.0029261664761566697,0.11481515520953009
Wind,0.5612594113620808,0.0029261664761566697,0.11717255982760441
Wind,0.5639972621492129,0.0029261664761566697,0.11805658655938228
Wind,0.5667351129363449,0.0029261664761566697,0.11835126213664157
Wind,0.5694729637234771,0.0029261664761566697,0.11835126213664157
Wind,0.5722108145106092,0.0029261664761566697,0.11894081099366083
Wind,0.5749486652977412,0.0029261664761566697,0.1192358825738121
Wind,0.5776865160848734,0.0029261664761566697,0.12130138363487099
Wind,0.5831622176591376,0.0029261664761566697,0.12159645521502226
Wind,0.5859000684462696,0.0029261664761566697,0.12189152679517352
Wind,0.5886379192334018,0.0029261664761566697,0.12248166995547606
Wind,0.5941136208076659,0.0029261664761566697,0.12277674153562733
Wind,0.5968514715947981,0.0029261664761566697,0.12425209943638368
Wind,0.5995893223819302,0.0029261664761566697,0.12454717101653495
Wind,0.6023271731690623,0.0029261664761566697,0.12484224259668622
Wind,0.6078028747433265,0.0029261664761566697,0.12631760049744256
Wind,0.6105407255304586,0.0032212380563079405,0.12661267207759383
Wind,0.6132785763175906,0.0032212380563079405,0.1269077436577451
Wind,0.621492128678987,0.0032212380563079405,0.12720281523789637
Wind,0.6242299794661191,0.0032212380563079405,0.12749788681804763
Wind,0.6297056810403833,0.0032212380563079405,0.12808802997835017
Wind,0.6324435318275154,0.0032212380563079405,0.12838320182067614
Wind,0.6351813826146475,0.0032212380563079405,0.12956388918998005
Wind,0.6379192334017796,0.0032212380563079405,0.12985906103230602
Wind,0.6406570841889117,0.0032212380563079405,0.13163009208626186
Wind,0.6433949349760438,0.0035164098986339145,0.1322204357709138
Wind,0.6461327857631759,0.0035164098986339145,0.13251560761323977
Wind,0.648870636550308,0.0038115817409598886,0.1331059512978917
Wind,0.6516084873374401,0.0038115817409598886,0.13340112314021768
Wind,0.6543463381245722,0.0038115817409598886,0.134582214577752
Wind,0.6625598904859685,0.0038115817409598886,0.1357633060152863
Wind,0.6652977412731006,0.0038115817409598886,0.13605857887466988
Wind,0.6680355920602327,0.004106955998990235,0.13605857887466988
Wind,0.6707734428473648,0.004106955998990235,0.13664932739073057
Wind,0.6735112936344969,0.004106955998990235,0.13664932739073057
Wind,0.676249144421629,0.004106955998990235,0.13724027905277342
Wind,0.6817248459958932,0.004106955998990235,0.14137694068707324
Wind,0.6844626967830253,0.004106955998990235,0.14137694068707324
Wind,0.6872005475701575,0.004106955998990235,0.14285483086921424
Wind,0.6899383983572895,0.004106955998990235,0.14462829908778346
Wind,0.6954140999315537,0.004106955998990235,0.14581061123349628
Wind,0.6981519507186859,0.004106955998990235,0.14669796241592584
Wind,0.70362765229295,0.004106955998990235,0.14728952987087887
Wind,0.7063655030800822,0.004106955998990235,0.14728952987087887
Wind,0.7091033538672142,0.004106955998990235,0.1481775000635508
Wind,0.7118412046543463,0.004106955998990235,0.14847349012777478
Wind,0.7145790554414785,0.004106955998990235,0.14906547025622272
Wind,0.7173169062286106,0.004106955998990235,0.14965745038467065
Wind,0.7200547570157426,0.004106955998990235,0.15232136096268642
Wind,0.7227926078028748,0.004402946063214208,0.15380131128380628
Wind,0.731006160164271,0.004994926191662153,0.15409730134803026
Wind,0.7337440109514032,0.004994926191662153,0.15439349992938295
Wind,0.7364818617385352,0.004994926191662153,0.15498589709208835
Wind,0.7392197125256673,0.004994926191662153,0.15617069141749915
Wind,0.7446954140999316,0.004994926191662153,0.15676308858020455
Wind,0.7474332648870636,0.00529112477301485,0.15705928716155723
Wind,0.7501711156741958,0.00529112477301485,0.15765168432426263
Wind,0.7529089664613279,0.00529112477301485,0.1579483027476867
Wind,0.758384668035592,0.00529112477301485,0.15883815801795892
Wind,0.7611225188227242,0.00529112477301485,0.159134776441383
Wind,0.7638603696098563,0.00529112477301485,0.16061786855850332
Wind,0.7665982203969883,0.00529112477301485,0.16150772382877554
Wind,0.7693360711841205,0.00529112477301485,0.16417728963959216
Wind,0.7720739219712526,0.00529112477301485,0.16417728963959216
Wind,0.7748117727583846,0.00529112477301485,0.16447433240983086
Wind,0.7775496235455168,0.00529112477301485,0.16477137518006957
Wind,0.7802874743326489,0.00529112477301485,0.16506841795030827
Wind,0.7885010266940452,0.005588167543253546,0.16595954626102435
Wind,0.7939767282683093,0.005588167543253546,0.16685067457174044
Wind,0.8021902806297057,0.005588167543253546,0.16714771734197914
Wind,0.8049281314168378,0.005588167543253546,0.16863346467515938
Wind,0.8076659822039699,0.005588167543253546,0.16863346467515938
Wind,0.810403832991102,0.005885531017427686,0.16863346467515938
Wind,0.813141683778234,0.005885531017427686,0.16922819162350766
Wind,0.8186173853524983,0.005885531017427686,0.1695255550976818
Wind,0.8213552361396304,0.0061828944916018265,0.1695255550976818
Wind,0.8240930869267625,0.0061828944916018265,0.17190446289107492
Wind,0.8268309377138946,0.0061828944916018265,0.17220182636524906
Wind,0.8295687885010267,0.0061828944916018265,0.17279655331359733
Wind,0.8350444900752909,0.0061828944916018265,0.173391495742724
Wind,0.837782340862423,0.0061828944916018265,0.173391495742724
Wind,0.8432580424366872,0.0061828944916018265,0.17369201794410336
Wind,0.8459958932238193,0.0061828944916018265,0.17369201794410336
Wind,0.8514715947980835,0.006483526855078474,0.17399265030758002
Wind,0.8542094455852156,0.006483526855078474,0.17489454739800997
Wind,0.8569472963723477,0.006483526855078474,0.17519517976148663
Wind,0.8596851471594799,0.006483526855078474,0.1754958121249633
Wind,0.8624229979466119,0.006483526855078474,0.17609707685191658
Wind,0.865160848733744,0.006483526855078474,0.17699897394234654
Wind,0.8678986995208761,0.006483526855078474,0.1772996063058232
Wind,0.8733744010951403,0.006483526855078474,0.1779008710327765
Wind,0.8761122518822724,0.006483526855078474,0.17820150339625315
Wind,0.8788501026694046,0.006483526855078474,0.17850235762863273
Wind,0.8843258042436687,0.006483526855078474,0.1788032118610123
Wind,0.8870636550308009,0.006483526855078474,0.1791041772327463
Wind,0.8898015058179329,0.006483526855078474,0.1794051426044803
Wind,0.8952772073921971,0.006483526855078474,0.17970610797621428
Wind,0.8980150581793293,0.006784603571752062,0.18091041484290862
Wind,0.9007529089664613,0.006784603571752062,0.18211561511232308
Wind,0.9034907597535934,0.006784603571752062,0.18241691517967668
Wind,0.9117043121149897,0.006784603571752062,0.18271832725449028
Wind,0.9144421629021219,0.006784603571752062,0.18301973932930388
Wind,0.917180013689254,0.006784603571752062,0.18332148817738542
Wind,0.919917864476386,0.006784603571752062,0.18362334949242487
Wind,0.9226557152635181,0.007086577479598321,0.18392532340027112
Wind,0.9253935660506503,0.007086577479598321,0.18513367007558126
Wind,0.9281314168377823,0.007086577479598321,0.18573806944142102
Wind,0.9336071184120466,0.007086577479598321,0.18634246880726077
Wind,0.9363449691991786,0.007086577479598321,0.18694686817310052
Wind,0.9390828199863107,0.007086577479598321,0.18785346722186014
Wind,0.9418206707734429,0.007086577479598321,0.18815566690478
Wind,0.944558521560575,0.007086577479598321,0.18906226595353962
Wind,0.947296372347707,0.007086577479598321,0.18936446563645948
Wind,0.9527720739219713,0.007086577479598321,0.18996886500229923
Wind,0.9555099247091033,0.007086577479598321,0.1905734919281412
Wind,0.9582477754962354,0.007388890942519293,0.19117811885398314
Wind,0.9609856262833676,0.007691204405440265,0.1917827457798251
Wind,0.9637234770704997,0.007691204405440265,0.1917827457798251
Wind,0.9691991786447639,0.007691204405440265,0.19238760112535946
Wind,0.971937029431896,0.007691204405440265,0.19238760112535946
Wind,0.974674880219028,0.007691204405440265,0.19359822722368591
Wind,0.9774127310061602,0.007691204405440265,0.19480885332201237
Wind,0.9801505817932923,0.007691204405440265,0.19511150984659398
Wind,0.9828884325804244,0.007691204405440265,0.1954141663711756
Wind,0.9856262833675564,0.007691204405440265,0.19632213594492043
Wind,0.9883641341546886,0.007993860930021876,0.19692744899408365
Wind,0.9911019849418207,0.007993860930021876,0.19723010551866527
Wind,0.9938398357289527,0.008296517454603487,0.1978354185678285
Wind,0.9965776865160849,0.008296517454603487,0.19844073161699172
Wind,0.999315537303217,0.008296517454603487,0.19934870119073655
Wind,1.002053388090349,0.008296517454603487,0.19965147336549952
Wind,1.0047912388774811,0.008296517454603487,0.2005597898897884
Wind,1.0075290896646132,0.008296517454603487,0.20116533423931432
Wind,1.0130047912388775,0.008296517454603487,0.2020736507636032
Wind,1.0157426420260096,0.008296517454603487,0.2026798924770633
Wind,1.0184804928131417,0.008296517454603487,0.2032861341905234
Wind,1.0212183436002737,0.008296517454603487,0.2038926090738733
Wind,1.0239561943874058,0.008296517454603487,0.20419584651554826
Wind,1.0266940451745379,0.008296517454603487,0.20480232139889815
Wind,1.0321697467488022,0.008296517454603487,0.20480232139889815
Wind,1.0349075975359343,0.008296517454603487,0.20540973256149675
Wind,1.0403832991101984,0.008903928617202095,0.20632084930539465
Wind,1.0431211498973305,0.008903928617202095,0.2081430827931905
Wind,1.0458590006844628,0.0092076341985014,0.2081430827931905
Wind,1.0485968514715949,0.0092076341985014,0.2093579051183877
Wind,1.051334702258727,0.0092076341985014,0.209661610699687
Wind,1.054072553045859,0.0092076341985014,0.2102690218622856
Wind,1.0595482546201231,0.0092076341985014,0.2102690218622856
Wind,1.0622861054072552,0.0092076341985014,0.2117881408656706
Wind,1.0677618069815196,0.0092076341985014,0.2117881408656706
Wind,1.0759753593429158,0.0092076341985014,0.2117881408656706
Wind,1.0787132101300478,0.0092076341985014,0.21270067998117528
Wind,1.08145106091718,0.0092076341985014,0.21422157850701642
Wind,1.0896646132785763,0.0092076341985014,0.21452575821218464
Wind,1.0924024640657084,0.0092076341985014,0.21482993791735286
Wind,1.0951403148528405,0.0092076341985014,0.21604665673802576
Wind,1.0978781656399725,0.0092076341985014,0.21848009437937158
Wind,1.1006160164271048,0.0092076341985014,0.21969681320004447
Wind,1.103353867214237,0.009511813903669626,0.2200009929052127
Wind,1.106091718001369,0.009511813903669626,0.2203051726103809
Wind,1.108829568788501,0.009511813903669626,0.22121771172588559
Wind,1.111567419575633,0.009511813903669626,0.2215218914310538
Wind,1.1143052703627652,0.009511813903669626,0.22182607113622202
Wind,1.1170431211498972,0.009511813903669626,0.2227396948861746
Wind,1.1197809719370295,0.009511813903669626,0.22304423613615879
Wind,1.1225188227241616,0.009511813903669626,0.22365331863612717
Wind,1.1279945242984257,0.009511813903669626,0.22426240113609555
Wind,1.1307323750855578,0.009816355153653821,0.22456694238607974
Wind,1.1334702258726899,0.010120896403638016,0.22456694238607974
Wind,1.136208076659822,0.010425437653622211,0.22456694238607974
Wind,1.1389459274469542,0.010425437653622211,0.22517602488604813
Wind,1.1416837782340863,0.010425437653622211,0.22548056613603232
Wind,1.1526351813826146,0.010729978903606406,0.22548056613603232
Wind,1.1553730321697468,0.011034520153590601,0.2257851073860165
Wind,1.163586584531143,0.011034520153590601,0.2260896486360007
Wind,1.1663244353182751,0.011339061403574796,0.2263941898859849
Wind,1.1690622861054072,0.011643602653558991,0.22761235488592166
Wind,1.1718001368925393,0.011643602653558991,0.22791762938129104
Wind,1.1745379876796715,0.011643602653558991,0.22883382066799604
Wind,1.1827515400410678,0.011948999749127324,0.2294446148591327
Wind,1.1854893908281998,0.011948999749127324,0.22975001195470104
Wind,1.1882272416153319,0.012254396844695658,0.2303608061458377
Wind,1.1937029431895962,0.012254396844695658,0.23066620324140605
Wind,1.1964407939767283,0.012865191035832325,0.23066620324140605
Wind,1.1991786447638604,0.012865191035832325,0.23280398291038437
Wind,1.2019164955509924,0.012865191035832325,0.23280398291038437
Wind,1.2073921971252566,0.012865191035832325,0.23310962749144343
Wind,1.2101300479123889,0.012865191035832325,0.23341527207250248
Wind,1.215605749486653,0.013170835616891394,0.23463785039673876
Wind,1.218343600273785,0.013476480197950464,0.23463785039673876
Wind,1.2210814510609171,0.013476480197950464,0.23494349497779782
Wind,1.2238193018480492,0.013476480197950464,0.23647171788309315
Wind,1.2265571526351813,0.013782124779009534,0.2367773624641522
Wind,1.2292950034223136,0.014087769360068603,0.23738865162627035
Wind,1.2320328542094456,0.014393413941127673,0.2379999407883885
Wind,1.2347707049965777,0.014393413941127673,0.23891687453156568
Wind,1.2375085557837098,0.014393413941127673,0.23922251911262474
Wind,1.2402464065708418,0.014393413941127673,0.2395281636936838
Wind,1.242984257357974,0.014393413941127673,0.24013945285580193
Wind,1.2484599589322383,0.014393413941127673,0.24013945285580193
Wind,1.2539356605065024,0.014699183889119088,0.24075099275178477
Wind,1.2594113620807665,0.015004953837110504,0.2410567626997762
Wind,1.2621492128678986,0.015004953837110504,0.2413625326477676
Wind,1.264887063655031,0.015004953837110504,0.2435029222837075
Wind,1.267624914442163,0.015004953837110504,0.24411446217969035
Wind,1.270362765229295,0.01531072378510192,0.2447260020756732
Wind,1.2758384668035592,0.01531072378510192,0.2450317720236646
Wind,1.2785763175906912,0.015616493733093335,0.2450317720236646
Wind,1.2813141683778233,0.015616493733093335,0.24564331191964744
Wind,1.2895277207392197,0.015616493733093335,0.24594908186763886
Wind,1.2922655715263518,0.01592226368108475,0.24625485181563028
Wind,1.2950034223134839,0.01592226368108475,0.24686639171161312
Wind,1.3032169746748803,0.016228033629076166,0.24747793160759596
Wind,1.3059548254620124,0.016228033629076166,0.24778370155558738
Wind,1.3086926762491444,0.016228033629076166,0.24839549562442806
Wind,1.3141683778234086,0.016228033629076166,0.24870139265884839
Wind,1.319644079397673,0.016228033629076166,0.2490072896932687
Wind,1.322381930184805,0.016228033629076166,0.2496190837621094
Wind,1.325119780971937,0.016228033629076166,0.2496190837621094
Wind,1.3278576317590691,0.016228033629076166,0.24992523592333074
Wind,1.3333333333333333,0.01653418579029752,0.2502313880845521
Wind,1.3388090349075976,0.01653418579029752,0.2508436924069948
Wind,1.3415468856947297,0.016840337951518878,0.25145599672943747
Wind,1.3470225872689938,0.016840337951518878,0.25206830105188016
Wind,1.3497604380561259,0.016840337951518878,0.25237445321310154
Wind,1.352498288843258,0.016840337951518878,0.2529867575355442
Wind,1.3579739904175223,0.016840337951518878,0.2532929096967656
Wind,1.3607118412046544,0.017146490112740234,0.253599061857987
Wind,1.3634496919917864,0.017146490112740234,0.25390521401920835
Wind,1.3661875427789185,0.017146490112740234,0.2554359748253151
Wind,1.3689253935660506,0.017146490112740234,0.2557421269865365
Wind,1.3716632443531827,0.01745264227396159,0.2575790399538646
Wind,1.374401095140315,0.01745264227396159,0.2581913442763073
Wind,1.377138945927447,0.017758923886413907,0.25941647072611657
Wind,1.3853524982888432,0.017758923886413907,0.2603353155634735
Wind,1.3908281998631074,0.017758923886413907,0.26094787878837816
Wind,1.3935660506502396,0.017758923886413907,0.2615604420132828
Wind,1.3963039014373717,0.017758923886413907,0.26247928685063976
Wind,1.3990417522245038,0.017758923886413907,0.2627855684630921
Wind,1.4017796030116358,0.018065205498866223,0.2627855684630921
Wind,1.4072553045859,0.018065205498866223,0.2630918500755444
Wind,1.4127310061601643,0.018065205498866223,0.26339813168799675
Wind,1.4154688569472964,0.018065205498866223,0.2637044133004491
Wind,1.4182067077344285,0.01837148711131854,0.2640106949129014
Wind,1.4209445585215605,0.018677768723770857,0.2640106949129014
Wind,1.4236824093086926,0.018677768723770857,0.26431710735901986
Wind,1.4264202600958247,0.018677768723770857,0.2652363446973753
Wind,1.429158110882957,0.018677768723770857,0.26554275714349374
Wind,1.434633812457221,0.018677768723770857,0.26615558203573064
Wind,1.4373716632443532,0.018677768723770857,0.26676840692796755
Wind,1.4401095140314852,0.01898418116988932,0.267074819374086
Wind,1.4428473648186173,0.019290593616007785,0.267074819374086
Wind,1.4483230663928817,0.019290593616007785,0.2679952423151994
Wind,1.4510609171800137,0.019290593616007785,0.26922247290335055
Wind,1.4537987679671458,0.019290593616007785,0.2707565111385395
Wind,1.4565366187542779,0.01959740126304558,0.2713701264326151
Wind,1.45927446954141,0.01959740126304558,0.2716769340796529
Wind,1.462012320328542,0.01959740126304558,0.27259735702076626
Wind,1.4647501711156743,0.01990420891008337,0.27290416466780404
Wind,1.4674880219028064,0.02021101655712116,0.27290416466780404
Wind,1.4702258726899384,0.02021101655712116,0.27351777996187965
Wind,1.4729637234770705,0.020517824204158954,0.27413139525595526
Wind,1.4757015742642026,0.020517824204158954,0.27474501055003087
Wind,1.4921286789869952,0.020517824204158954,0.2753586258441065
Wind,1.4948665297741273,0.020517824204158954,0.27566543349114425
Wind,1.5003422313483916,0.020824631851196748,0.27658585643225764
Wind,1.5058179329226558,0.020824631851196748,0.27689279811496476
Wind,1.5085557837097878,0.021438515216610943,0.27689279811496476
Wind,1.51129363449692,0.021438515216610943,0.27750668148037894
Wind,1.514031485284052,0.021438515216610943,0.27781362316308605
Wind,1.516769336071184,0.021438515216610943,0.27842750652850023
Wind,1.5222450376454484,0.02174545689931804,0.27873444821120735
Wind,1.5249828884325805,0.02174545689931804,0.27904138989391447
Wind,1.5359342915811087,0.022052398582025137,0.27996221494203577
Wind,1.541409993155373,0.022052398582025137,0.2802691566247429
Wind,1.5468856947296372,0.022052398582025137,0.28088303999015707
Wind,1.5496235455167693,0.022359340264732235,0.28088303999015707
Wind,1.5523613963039014,0.022666281947439332,0.2811899816728642
Wind,1.5605749486652978,0.022666281947439332,0.28241774840369255
Wind,1.5633127994524298,0.022666281947439332,0.2845663401826422
Wind,1.566050650239562,0.022666281947439332,0.28579410691347057
Wind,1.568788501026694,0.022666281947439332,0.28671493196159187
Wind,1.571526351813826,0.022666281947439332,0.28763575700971317
Wind,1.5770020533880904,0.022666281947439332,0.28794283535389964
Wind,1.5824777549623545,0.022666281947439332,0.2888640703864591
Wind,1.5852156057494866,0.02297336029162582,0.2888640703864591
Wind,1.5906913073237507,0.02297336029162582,0.28947822707483206
Wind,1.593429158110883,0.02297336029162582,0.28978530541901854
Wind,1.6016427104722792,0.02358751697999879,0.290092383763205
Wind,1.6043805612594113,0.02358751697999879,0.2903994621073915
Wind,1.6071184120465434,0.02358751697999879,0.29070654045157795
Wind,1.6098562628336757,0.02358751697999879,0.2913206971399509
Wind,1.6125941136208077,0.02358751697999879,0.29193485382832385
Wind,1.6153319644079398,0.02358751697999879,0.2922419321725103
Wind,1.623545516769336,0.023894595324185277,0.2922419321725103
Wind,1.626283367556468,0.023894595324185277,0.29285608886088327
Wind,1.6290212183436004,0.024201673668371764,0.29285608886088327
Wind,1.6317590691307324,0.024201673668371764,0.29316316720506974
Wind,1.6344969199178645,0.024201673668371764,0.2934702455492562
Wind,1.6372347707049966,0.024201673668371764,0.29469855892600216
Wind,1.6399726214921286,0.024201673668371764,0.29500563727018864
Wind,1.6427104722792607,0.024201673668371764,0.2953127156143751
Wind,1.6454483230663928,0.024201673668371764,0.2953127156143751
Wind,1.648186173853525,0.024201673668371764,0.2962351994969561
Wind,1.6509240246406571,0.024201673668371764,0.2971576833795371
Wind,1.6536618754277892,0.024201673668371764,0.29746517800706407
Wind,1.6563997262149213,0.024201673668371764,0.29777267263459106
Wind,1.6646132785763177,0.024509168295898765,0.29808016726211806
Wind,1.6673511293634498,0.024816662923425766,0.29869515651717204
Wind,1.6700889801505818,0.025124157550952767,0.29931014577222603
Wind,1.678302532511978,0.025431652178479768,0.300232629654807
Wind,1.68104038329911,0.025431652178479768,0.30177010279244204
Wind,1.6837782340862424,0.025431652178479768,0.30238509204749603
Wind,1.6865160848733745,0.02573914680600677,0.303615070557604
Wind,1.6892539356605065,0.02573914680600677,0.304845049067712
Wind,1.6919917864476386,0.02573914680600677,0.30576753295029296
Wind,1.6947296372347707,0.02573914680600677,0.307612500715455
Wind,1.6974674880219027,0.02604664143353377,0.30822748997050897
Wind,1.700205338809035,0.02635413606106077,0.30822748997050897
Wind,1.702943189596167,0.02635413606106077,0.30884247922556296
Wind,1.7056810403832992,0.02635413606106077,0.3094643720082696
Wind,1.7084188911704312,0.02666669205726344,0.3104020399968776
Wind,1.7111567419575633,0.02697998660733237,0.3104020399968776
Wind,1.7138945927446954,0.02697998660733237,0.3113419236470844
Wind,1.7166324435318274,0.02760657570747023,0.3113419236470844
Wind,1.7193702943189597,0.02760657570747023,0.31165521819715336
Wind,1.7221081451060918,0.02760657570747023,0.31196895903575517
Wind,1.7248459958932238,0.02760657570747023,0.312910628900665
Wind,1.727583846680356,0.02760657570747023,0.3132246683270421
Wind,1.730321697467488,0.027920615133847308,0.3135387077534192
Wind,1.73305954825462,0.027920615133847308,0.3138527471797963
Wind,1.7357973990417521,0.028234654560224386,0.31448082603255045
Wind,1.7385352498288844,0.028234654560224386,0.31479486545892754
Wind,1.7412731006160165,0.028548844172840763,0.3151090550715439
Wind,1.7440109514031485,0.028548844172840763,0.31605162390939306
Wind,1.7467488021902806,0.028548844172840763,0.3169941927472422
Wind,1.7494866529774127,0.028548844172840763,0.31762257197247495
Wind,1.7522245037645447,0.028548844172840763,0.3182509511977077
Wind,1.754962354551677,0.028548844172840763,0.31856514081032405
Wind,1.757700205338809,0.02917722339807352,0.31856514081032405
Wind,1.7631759069130732,0.02917722339807352,0.3188794818396212
Wind,1.7713894592744694,0.02917722339807352,0.31950877073417944
Wind,1.7741273100616017,0.02917722339807352,0.3198234151814585
Wind,1.7768651608487338,0.02917722339807352,0.3201380596287376
Wind,1.782340862422998,0.02917722339807352,0.32045300866889886
Wind,1.78507871321013,0.029492172438234793,0.32076795770906014
Wind,1.787816563997262,0.029492172438234793,0.32076795770906014
Wind,1.7905544147843941,0.030122681773365995,0.32076795770906014
Wind,1.7932922655715264,0.030122681773365995,0.32234423104688814
Wind,1.8015058179329226,0.030753191108497197,0.32297474038201934
Wind,1.8069815195071868,0.030753191108497197,0.32328999504958494
Wind,1.809719370294319,0.030753191108497197,0.32392050438471615
Wind,1.8151950718685832,0.030753191108497197,0.32423575905228175
Wind,1.8206707734428473,0.030753191108497197,0.32455101371984735
Wind,1.8234086242299794,0.030753191108497197,0.32581203239010975
Wind,1.8288843258042438,0.030753191108497197,0.32612728705767535
Wind,1.834360027378508,0.030753191108497197,0.32738830572793776
Wind,1.842573579739904,0.030753191108497197,0.32833406973063456
Wind,1.8453114305270362,0.030753191108497197,0.32959570898095125
Wind,1.8480492813141685,0.030753191108497197,0.32991127439777934
Wind,1.8507871321013005,0.030753191108497197,0.3308579706482636
Wind,1.8535249828884326,0.030753191108497197,0.3311735360650917
Wind,1.8562628336755647,0.030753191108497197,0.3314891014819198
Wind,1.8590006844626967,0.031068756525325293,0.3314891014819198
Wind,1.8672142368240932,0.03138432194215339,0.3314891014819198
Wind,1.8699520876112252,0.03138432194215339,0.3318046668987479
Wind,1.8781656399726214,0.03138432194215339,0.33243579773240406
Wind,1.8809034907597535,0.031699887358981486,0.33243579773240406
Wind,1.8836413415468858,0.031699887358981486,0.33306692856606024
Wind,1.8863791923340179,0.03233101819263768,0.33338249398288833
Wind,1.88911704312115,0.03233101819263768,0.3336980593997164
Wind,1.891854893908282,0.032646583609465776,0.3336980593997164
Wind,1.894592744695414,0.032646583609465776,0.3346447556502007
Wind,1.8973305954825461,0.032646583609465776,0.3419027602372469
Wind,1.9000684462696784,0.032646583609465776,0.3428494564877312
Wind,1.9028062970568105,0.032646583609465776,0.34379615273821545
Wind,1.9110198494182067,0.032646583609465776,0.34442728357187163
Wind,1.9137577002053388,0.03296214902629387,0.3447428489886997
Wind,1.9164955509924708,0.03296214902629387,0.3450584144055278
Wind,1.9219712525667352,0.03327771444312197,0.345689545239184
Wind,1.9274469541409993,0.033593279859950066,0.3460051106560121
Wind,1.9356605065023955,0.033593279859950066,0.34663624148966826
Wind,1.9411362080766599,0.033593279859950066,0.34695180690649635
Wind,1.949349760438056,0.03390884527677816,0.3478985031569806
Wind,1.9548254620123204,0.03390884527677816,0.3488451994074649
Wind,1.9575633127994525,0.03390884527677816,0.349160764824293
Wind,1.9712525667351128,0.03390884527677816,0.34947633024112107
Wind,1.9794661190965093,0.03422489593002373,0.34947633024112107
Wind,1.9849418206707734,0.03422489593002373,0.34979238089436665
Wind,1.9904175222450375,0.03422489593002373,0.35010843154761223
Wind,1.9931553730321698,0.03422489593002373,0.35074053285410334
Wind,1.995893223819302,0.03454110907717842,0.3513729591484127
Wind,1.998631074606434,0.03454110907717842,0.3516891722955674
Wind,2.001368925393566,0.03454110907717842,0.3520053854427221
Wind,2.004106776180698,0.034857322224333104,0.35232159858987677
Wind,2.00684462696783,0.03517353537148779,0.35232159858987677
Wind,2.0095824777549622,0.03517353537148779,0.3539026643256502
Wind,2.0150581793292264,0.03517353537148779,0.35516751691426895
Wind,2.0177960301163584,0.03517353537148779,0.35548373006142364
Wind,2.020533880903491,0.03517353537148779,0.356116156355733
Wind,2.023271731690623,0.03517353537148779,0.3564323695028877
Wind,2.028747433264887,0.03548974851864248,0.35769722209150645
Wind,2.0314852840520192,0.035805961665797165,0.35801343523866114
Wind,2.0342231348391513,0.035805961665797165,0.35801343523866114
Wind,2.0369609856262834,0.035805961665797165,0.36054446072131474
Wind,2.0424366872005475,0.035805961665797165,0.36086083890664644
Wind,2.0506502395619437,0.035805961665797165,0.36117721709197814
Wind,2.0533880903490758,0.036438718036460566,0.36244272983330494
Wind,2.0561259411362083,0.036438718036460566,0.36307548620396835
Wind,2.0588637919233403,0.036438718036460566,0.36339186438930005
Wind,2.0616016427104724,0.036438718036460566,0.36370824257463175
Wind,2.0643394934976045,0.036755096221792266,0.36402462075996345
Wind,2.0670773442847366,0.03707147440712397,0.36434099894529515
Wind,2.0698151950718686,0.03707147440712397,0.36497375531595855
Wind,2.0752908966461328,0.03707147440712397,0.36529013350129025
Wind,2.080766598220397,0.037704901425768995,0.36529013350129025
Wind,2.083504449007529,0.037704901425768995,0.36560684701061275
Wind,2.088980150581793,0.037704901425768995,0.36592356051993524
Wind,2.0917180013689256,0.037704901425768995,0.36624027402925774
Wind,2.0971937029431897,0.03802161493509151,0.36624027402925774
Wind,2.099931553730322,0.03802161493509151,0.3668737010479028
Wind,2.105407255304586,0.03833832844441403,0.3671904145572253
Wind,2.108145106091718,0.03833832844441403,0.36782384157587034
Wind,2.11088295687885,0.03865504195373655,0.36782384157587034
Wind,2.1190965092402463,0.03865504195373655,0.3684572685945154
Wind,2.130047912388775,0.03897175546305907,0.3687739821038379
Wind,2.1409993155373033,0.03897175546305907,0.36940740912248293
Wind,2.1437371663244353,0.039288468972381585,0.36940740912248293
Wind,2.1464750171115674,0.039288468972381585,0.36972412263180543
Wind,2.1519507186858315,0.039288468972381585,0.3700408361411279
Wind,2.1546885694729636,0.039288468972381585,0.3703575496504504
Wind,2.1601642710472277,0.039288468972381585,0.3706742631597729
Wind,2.1656399726214923,0.039921895991026614,0.37130769017841797
Wind,2.1683778234086244,0.039921895991026614,0.371941117197063
Wind,2.1738535249828885,0.04023860950034913,0.371941117197063
Wind,2.1765913757700206,0.04023860950034913,0.3722578307063855
Wind,2.1793292265571527,0.04023860950034913,0.37289125772503057
Wind,2.1820670773442847,0.04023860950034913,0.37320797123435306
Wind,2.184804928131417,0.04023860950034913,0.3741581117623206
Wind,2.187542778918549,0.04055549439144076,0.3747918815445039
Wind,2.195756331279945,0.04055549439144076,0.37542565132668715
Wind,2.198494182067077,0.04055549439144076,0.3760594211088704
Wind,2.2012320328542097,0.04055549439144076,0.376376305999962
Wind,2.2039698836413417,0.04150614906471565,0.376376305999962
Wind,2.209445585215606,0.04150614906471565,0.37669319089105363
Wind,2.21492128678987,0.04150614906471565,0.3773269606732369
Wind,2.217659137577002,0.04150614906471565,0.3773269606732369
Wind,2.223134839151266,0.04150614906471565,0.3776440184420651
Wind,2.2313483915126624,0.04150614906471565,0.37827813397972143
Wind,2.2340862422997945,0.04150614906471565,0.3785951917485496
Wind,2.239561943874059,0.041823206833543826,0.3789122495173778
Wind,2.242299794661191,0.042140264602372,0.3798634228238623
Wind,2.245037645448323,0.04245732237120018,0.3801804805926905
Wind,2.2477754962354553,0.04245732237120018,0.3804975383615187
Wind,2.2505133470225873,0.04245732237120018,0.38081546956772655
Wind,2.2532511978097194,0.04245732237120018,0.3811334007739344
Wind,2.2559890485968515,0.04277525357740805,0.3811334007739344
Wind,2.2587268993839835,0.04277525357740805,0.3811334007739344
Wind,2.2614647501711156,0.043093360339223986,0.38145150753575036
Wind,2.2642026009582477,0.04341146710103992,0.3820877210593822
Wind,2.2669404517453797,0.04341146710103992,0.3820877210593822
Wind,2.269678302532512,0.04341146710103992,0.3827246399195148
Wind,2.272416153319644,0.0437299265311062,0.3827246399195148
Wind,2.2806297056810405,0.0437299265311062,0.38336155877964734
Wind,2.2861054072553046,0.044048385961172484,0.38336155877964734
Wind,2.291581108829569,0.044366845391238766,0.38368001820971365
Wind,2.297056810403833,0.04468530482130505,0.38399847763977996
Wind,2.302532511978097,0.04468530482130505,0.38431693706984627
Wind,2.305270362765229,0.04500376425137133,0.38527231536004514
Wind,2.308008213552361,0.04500376425137133,0.38559077479011145
Wind,2.3107460643394937,0.04500376425137133,0.38590923422017775
Wind,2.3134839151266258,0.04532222368143761,0.38622769365024406
Wind,2.31895961670089,0.04532222368143761,0.38622769365024406
Wind,2.321697467488022,0.04532222368143761,0.3868649695276749
Wind,2.327173169062286,0.04532222368143761,0.38718360746639036
Wind,2.3326488706365502,0.04532222368143761,0.3875022454051058
Wind,2.3381245722108144,0.04564086162015303,0.38782088334382125
Wind,2.3408624229979464,0.04564086162015303,0.3881395212825367
Wind,2.346338124572211,0.04564086162015303,0.38845815922125215
Wind,2.351813826146475,0.04564086162015303,0.3887767971599676
Wind,2.3545516769336072,0.04564086162015303,0.39068862479226013
Wind,2.3572895277207393,0.04564086162015303,0.3916445386084064
Wind,2.3600273785078714,0.04595949955886845,0.39196317654712187
Wind,2.3655030800821355,0.046278137497583874,0.3926004524245527
Wind,2.3682409308692676,0.046596775436299295,0.3926004524245527
Wind,2.3709787816563996,0.046596775436299295,0.39323772830198356
Wind,2.3737166324435317,0.046596775436299295,0.393556366240699
Wind,2.3764544832306638,0.046596775436299295,0.3948309179955607
Wind,2.379192334017796,0.04691541337501472,0.39546819387299154
Wind,2.3819301848049284,0.04691541337501472,0.39546819387299154
Wind,2.3846680355920604,0.04723423349665679,0.39546819387299154
Wind,2.3874058863791925,0.04723423349665679,0.39578719649041016
Wind,2.3928815879534566,0.04723423349665679,0.3961061991078288
Wind,2.3956194387405887,0.04723423349665679,0.39674420434266605
Wind,2.3983572895277208,0.04723423349665679,0.3986582200471778
Wind,2.409308692676249,0.04723423349665679,0.39897722266459645
Wind,2.414784394250513,0.04755323611407543,0.3996152278994337
Wind,2.425735797399042,0.047872238731494064,0.4031242566910387
Wind,2.428473648186174,0.0481912413489127,0.4031242566910387
Wind,2.431211498973306,0.0481912413489127,0.4034432593084573
Wind,2.433949349760438,0.0481912413489127,0.40376226192587594
Wind,2.43668720054757,0.0481912413489127,0.4044002671607132
Wind,2.439425051334702,0.0481912413489127,0.40503827239555046
Wind,2.4421629021218343,0.0481912413489127,0.4056762776303877
Wind,2.4449007529089664,0.048510243966331336,0.4056762776303877
Wind,2.4476386036960984,0.04882924658374997,0.4056762776303877
Wind,2.4503764544832305,0.04882924658374997,0.40599528024780634
Wind,2.455852156057495,0.04882924658374997,0.40599528024780634
Wind,2.458590006844627,0.04914843597085093,0.40599528024780634
Wind,2.461327857631759,0.04946762535795189,0.40599528024780634
Wind,2.4640657084188913,0.04946762535795189,0.4063144696349073
Wind,2.4668035592060233,0.04978681474505285,0.4063144696349073
Wind,2.4750171115674195,0.04978681474505285,0.40663365902200826
Wind,2.4777549623545516,0.04978681474505285,0.40663365902200826
Wind,2.4804928131416837,0.04978681474505285,0.4069530359469395
Wind,2.485968514715948,0.050425944332474035,0.4069530359469395
Wind,2.48870636550308,0.050425944332474035,0.4072726007406501
Wind,2.4914442162902124,0.050425944332474035,0.4075921655343607
Wind,2.4941820670773445,0.050425944332474035,0.40791173032807126
Wind,2.4969199178644765,0.050425944332474035,0.40823129512178186
Wind,2.4996577686516086,0.050425944332474035,0.40918998950291363
Wind,2.5051334702258727,0.050425944332474035,0.4095095542966242
Wind,2.510609171800137,0.050425944332474035,0.4101486838840454
Wind,2.521560574948665,0.0507468398540585,0.4101486838840454
Wind,2.524298425735797,0.051067735375642964,0.4104695794056299
Wind,2.529774127310062,0.05138863089722743,0.4107904749272144
Wind,2.532511978097194,0.05138863089722743,0.4114322659703833
Wind,2.535249828884326,0.051709526418811894,0.4117531614919678
Wind,2.537987679671458,0.051709526418811894,0.41207405701355226
Wind,2.54072553045859,0.05203042194039636,0.41239495253513675
Wind,2.546201232032854,0.05203042194039636,0.41271584805672124
Wind,2.5489390828199863,0.05203042194039636,0.4130367435783057
Wind,2.5516769336071183,0.05203042194039636,0.41367853462147464
Wind,2.5571526351813825,0.05203042194039636,0.4139994301430591
Wind,2.5598904859685145,0.05203042194039636,0.4143203256646436
Wind,2.5626283367556466,0.05203042194039636,0.4146412211862281
Wind,2.565366187542779,0.05203042194039636,0.4159248032725659
Wind,2.568104038329911,0.05203042194039636,0.4168874898373193
Wind,2.5790554414784395,0.05203042194039636,0.41752928088048824
Wind,2.5872689938398357,0.05235131746198082,0.4178501764020727
Wind,2.5900068446269677,0.05267221298356529,0.4181710719236572
Wind,2.5927446954141,0.05267221298356529,0.4184919674452417
Wind,2.595482546201232,0.05299310850514975,0.4188128629668262
Wind,2.598220396988364,0.05299310850514975,0.41913375848841067
Wind,2.6009582477754964,0.05299310850514975,0.42009644505316407
Wind,2.6064339493497606,0.05331400402673422,0.42041734057474855
Wind,2.6091718001368926,0.05331400402673422,0.42073823609633304
Wind,2.6119096509240247,0.05331400402673422,0.4210591316179175
Wind,2.620123203285421,0.05331400402673422,0.42170092266108644
Wind,2.622861054072553,0.05363489954831868,0.42170092266108644
Wind,2.625598904859685,0.05363489954831868,0.4220218181826709
Wind,2.628336755646817,0.05363489954831868,0.4223427137042554
Wind,2.6338124572210813,0.05395579506990315,0.4223427137042554
Wind,2.64476386036961,0.05395579506990315,0.4226636092258399
Wind,2.647501711156742,0.05395579506990315,0.4229845047474244
Wind,2.652977412731006,0.05427669059148761,0.4236262957905933
Wind,2.6557152635181382,0.05427669059148761,0.4239471913121778
Wind,2.6584531143052703,0.054597586113072076,0.4239471913121778
Wind,2.6611909650924024,0.054597586113072076,0.42426808683376227
Wind,2.6639288158795345,0.05491848163465654,0.42458898235534676
Wind,2.6666666666666665,0.055239377156241005,0.42458898235534676
Wind,2.6694045174537986,0.05556047076148077,0.42458898235534676
Wind,2.6803559206023273,0.05556047076148077,0.4249100759605865
Wind,2.6830937713894594,0.05556047076148077,0.42555226317106604
Wind,2.6913073237508556,0.05588156436672053,0.42555226317106604
Wind,2.6995208761122518,0.05588156436672053,0.4258733567763058
Wind,2.702258726899384,0.056523751577200056,0.4265155439867853
Wind,2.704996577686516,0.05684504474341262,0.4265155439867853
Wind,2.707734428473648,0.05716653784314492,0.4265155439867853
Wind,2.7104722792607805,0.057488431807091345,0.42683743795073176
Wind,2.7132101300479126,0.057488431807091345,0.4271593319146782
Wind,2.7214236824093088,0.057488431807091345,0.42748122587862464
Wind,2.724161533196441,0.057488431807091345,0.4278031198425711
Wind,2.729637234770705,0.057488431807091345,0.42844690777046396
Wind,2.732375085557837,0.05781032577103777,0.43070016551808893
Wind,2.735112936344969,0.05781032577103777,0.43102205948203537
Wind,2.7405886379192332,0.05781032577103777,0.4313439534459818
Wind,2.746064339493498,0.05781032577103777,0.43166584740992825
Wind,2.751540041067762,0.0581322197349842,0.43166584740992825
Wind,2.757015742642026,0.058454113698930624,0.43230963533782113
Wind,2.759753593429158,0.059097901626823476,0.43230963533782113
Wind,2.7624914442162902,0.059097901626823476,0.432953423265714
Wind,2.7679671457905544,0.059097901626823476,0.4335972111936069
Wind,2.7789185489390826,0.059097901626823476,0.4348847870493926
Wind,2.7816563997262147,0.059097901626823476,0.43520668101333904
Wind,2.784394250513347,0.059097901626823476,0.4355285749772855
Wind,2.7871321013004793,0.05974168955471633,0.4355285749772855
Wind,2.7898699520876113,0.060063583518662755,0.4358504689412319
Wind,2.7953456536618755,0.06038547748260918,0.4364942568691248
Wind,2.8035592060232717,0.06038547748260918,0.4364942568691248
Wind,2.8062970568104038,0.06038547748260918,0.43681656325326845
Wind,2.809034907597536,0.06038547748260918,0.4371388696374121
Wind,2.811772758384668,0.06038547748260918,0.4371388696374121
Wind,2.8145106091718,0.06070819787623794,0.4371388696374121
Wind,2.817248459958932,0.06070819787623794,0.4377847254991309
Wind,2.8199863107460645,0.06103112580709733,0.43810765342999025
Wind,2.8254620123203287,0.06135405373795672,0.4384305813608496
Wind,2.8281998631074607,0.06135405373795672,0.4384305813608496
Wind,2.833675564681725,0.06135405373795672,0.4387537179014835
Wind,2.836413415468857,0.06167760857831955,0.4387537179014835
Wind,2.841889117043121,0.06167760857831955,0.4394016668943761
Wind,2.844626967830253,0.06167760857831955,0.4397256413908224
Wind,2.8501026694045173,0.06232555757121215,0.4397256413908224
Wind,2.855578370978782,0.06232555757121215,0.4406981976428497
Wind,2.858316221765914,0.06232555757121215,0.4419949393122194
Wind,2.86652977412731,0.06232555757121215,0.4426433101469042
Wind,2.869267624914442,0.06264974298855458,0.44296749556424664
Wind,2.8747433264887063,0.06297414112598712,0.4439406899765443
Wind,2.8774811772758384,0.06297414112598712,0.4462114769385721
Wind,2.8802190280629705,0.06329853926341966,0.4468602732134372
Wind,2.8856947296372346,0.0636229374008522,0.4468602732134372
Wind,2.891170431211499,0.0636229374008522,0.44718467135086976
Wind,2.8993839835728954,0.0636229374008522,0.4475090694883023
Wind,2.9048596851471595,0.06394733553828474,0.4478334676257349
Wind,2.9075975359342916,0.06394733553828474,0.44815786576316746
Wind,2.9130732375085557,0.06394733553828474,0.44848226390060003
Wind,2.915811088295688,0.06427173367571729,0.44848226390060003
Wind,2.91854893908282,0.06427173367571729,0.44848226390060003
Wind,2.924024640657084,0.06459656434399974,0.44848226390060003
Wind,2.9295003422313486,0.06459656434399974,0.44880709456888246
Wind,2.9322381930184807,0.0649213950122822,0.44880709456888246
Wind,2.937713894592745,0.06524622568056465,0.44880709456888246
Wind,2.943189596167009,0.06524622568056465,0.4497815865737298
Wind,2.948665297741273,0.0655710563488471,0.4497815865737298
Wind,2.951403148528405,0.06622071768541202,0.4504312479102947
Wind,2.954140999315537,0.06622071768541202,0.4504312479102947
Wind,2.965092402464066,0.06654576680068054,0.4504312479102947
Wind,2.967830253251198,0.06654576680068054,0.45075629702556325
Wind,2.97056810403833,0.06654576680068054,0.4510813461408318
Wind,2.976043805612594,0.06654576680068054,0.4514063952561003
Wind,2.9787816563997263,0.06654576680068054,0.45205649348663735
Wind,2.9815195071868583,0.06654576680068054,0.45335668994771144
Wind,2.9842573579739904,0.06654576680068054,0.45400678817824847
Wind,2.9897330595482545,0.06654576680068054,0.454331837293517
Wind,2.9924709103353866,0.06654576680068054,0.45660718110039666
Wind,2.9979466119096507,0.06654576680068054,0.45693267396872356
Wind,3.0034223134839153,0.06654576680068054,0.45725816683705045
Wind,3.0088980150581794,0.06687125966900745,0.45725816683705045
Wind,3.0116358658453115,0.06719675253733436,0.45758365970537734
Wind,3.0171115674195756,0.06752224540566126,0.45758365970537734
Wind,3.028062970568104,0.06784773827398817,0.45758365970537734
Wind,3.033538672142368,0.06784773827398817,0.45790915257370424
Wind,3.0362765229295,0.06784773827398817,0.45823464544203113
Wind,3.0417522245037647,0.06784773827398817,0.45888563117868497
Wind,3.0444900752908968,0.06817323114231508,0.4598621097836657
Wind,3.055441478439425,0.06817323114231508,0.46051309552031955
Wind,3.058179329226557,0.06817323114231508,0.46083858838864644
Wind,3.060917180013689,0.06849872401064198,0.46246605273028096
Wind,3.0636550308008212,0.06849872401064198,0.46279154559860786
Wind,3.0663928815879533,0.06849872401064198,0.4634425313352617
Wind,3.0691307323750854,0.06849872401064198,0.46376825071219563
Wind,3.077344284736482,0.06882444338757594,0.46409397008912956
Wind,3.082819986310746,0.06947588214144386,0.4647454088429975
Wind,3.0855578370978782,0.06947588214144386,0.4650711282199314
Wind,3.0882956878850103,0.06947588214144386,0.4657225669737993
Wind,3.1101984941820673,0.06947588214144386,0.46637400572766724
Wind,3.1156741957563314,0.06947588214144386,0.468002602612337
Wind,3.1184120465434635,0.06947588214144386,0.4709340770047426
Wind,3.1211498973305956,0.06947588214144386,0.47191123513554445
Wind,3.1238877481177276,0.06947588214144386,0.4732141126432803
Wind,3.1293634496919918,0.06980160151837782,0.4732141126432803
Wind,3.134839151266256,0.07012732089531178,0.4735398320202142
Wind,3.14031485284052,0.07012732089531178,0.47386555139714814
Wind,3.1457905544147846,0.07012732089531178,0.47451699015101606
Wind,3.1512662559890487,0.07012732089531178,0.47484270952795
Wind,3.159479808350445,0.07012732089531178,0.4754941482818179
Wind,3.162217659137577,0.07012732089531178,0.47581986765875184
Wind,3.167693360711841,0.07045304027224573,0.47581986765875184
Wind,3.1704312114989732,0.07077875964917969,0.47581986765875184
Wind,3.1759069130732374,0.07077875964917969,0.47614558703568577
Wind,3.1813826146475015,0.07175591777998157,0.47614558703568577
Wind,3.184120465434634,0.07175591777998157,0.4764713064126197
Wind,3.1950718685831623,0.07175591777998157,0.47679702578955363
Wind,3.2005475701574264,0.07175591777998157,0.47712274516648756
Wind,3.2060232717316905,0.07175591777998157,0.4774484645434215
Wind,3.2087611225188226,0.07208163715691553,0.4774484645434215
Wind,3.2114989733059547,0.07240735653384948,0.4774484645434215
Wind,3.2197125256673513,0.07240735653384948,0.4777741839203554
Wind,3.2224503764544834,0.07273307591078344,0.47842562267422334
Wind,3.2251882272416155,0.07273307591078344,0.47907706142809126
Wind,3.2279260780287475,0.07273307591078344,0.4794027808050252
Wind,3.2306639288158796,0.0730587952877174,0.4794027808050252
Wind,3.2361396303901437,0.0730587952877174,0.4794027808050252
Wind,3.238877481177276,0.07338498947423873,0.4797289749915465
Wind,3.241615331964408,0.07371118366076006,0.48038136336458914
Wind,3.247091033538672,0.07371118366076006,0.48070755755111044
Wind,3.252566735112936,0.07403737784728139,0.4813599459241531
Wind,3.2580424366872007,0.07436357203380271,0.4816861401106744
Wind,3.260780287474333,0.07468976622032404,0.4820123342971957
Wind,3.266255989048597,0.07468976622032404,0.4823387686856217
Wind,3.268993839835729,0.07501620060875001,0.4823387686856217
Wind,3.271731690622861,0.07534263499717599,0.4826652030740477
Wind,3.274469541409993,0.07534263499717599,0.48331807185089964
Wind,3.2854209445585214,0.07566906938560196,0.48331807185089964
Wind,3.2908966461327855,0.07599550377402793,0.48331807185089964
Wind,3.293634496919918,0.07599550377402793,0.48331807185089964
Wind,3.29637234770705,0.07599550377402793,0.48331807185089964
Wind,3.299110198494182,0.07599550377402793,0.4836526856886939
Wind,3.3018480492813143,0.07633037207101445,0.4836526856886939
Wind,3.3045859000684463,0.07633037207101445,0.4843234432225968
Wind,3.3100616016427105,0.07633037207101445,0.4843234432225968
Wind,3.3127994524298425,0.07666626364953616,0.4846593348011185
Wind,3.3155373032169746,0.07700215522805787,0.4846593348011185
Wind,3.3210130047912387,0.07700215522805787,0.4856670095366836
Wind,3.323750855578371,0.07700215522805787,0.48600290111520533
Wind,3.3292265571526354,0.07733804680657957,0.48600290111520533
Wind,3.3319644079397674,0.07733804680657957,0.4880182505863356
Wind,3.3401779603011637,0.07767393838510128,0.4880182505863356
Wind,3.3429158110882957,0.07767393838510128,0.4893618169004224
Wind,3.345653661875428,0.07800982996362299,0.4896977084789441
Wind,3.36208076659822,0.07800982996362299,0.49070538321450924
Wind,3.3648186173853527,0.0783457215421447,0.49070538321450924
Wind,3.370294318959617,0.0786816131206664,0.49070538321450924
Wind,3.373032169746749,0.07901750469918811,0.49070538321450924
Wind,3.375770020533881,0.07901750469918811,0.49204894952859607
Wind,3.378507871321013,0.07901750469918811,0.4923848411071178
Wind,3.383983572895277,0.07901750469918811,0.4927207326856395
Wind,3.3867214236824092,0.07935339627770982,0.4927207326856395
Wind,3.3894592744695413,0.07968928785623153,0.4927207326856395
Wind,3.3949349760438055,0.08002517943475324,0.4927207326856395
Wind,3.3976728268309375,0.08002517943475324,0.4930566242641612
Wind,3.403148528405202,0.08036107101327494,0.4933925158426829
Wind,3.405886379192334,0.08036107101327494,0.4937284074212046
Wind,3.4086242299794662,0.08069696259179665,0.494400190578248
Wind,3.4113620807665983,0.08069696259179665,0.49507197373529144
Wind,3.4140999315537304,0.08103285417031836,0.49507197373529144
Wind,3.4195756331279945,0.08136874574884007,0.49540786531381314
Wind,3.430527036276523,0.08136874574884007,0.49574375689233485
Wind,3.433264887063655,0.08170463732736177,0.49574375689233485
Wind,3.4387405886379194,0.08204052890588348,0.49574375689233485
Wind,3.4442162902121836,0.08271231206292688,0.49574375689233485
Wind,3.4469541409993156,0.08271231206292688,0.49641554004937827
Wind,3.4524298425735798,0.08271231206292688,0.4967514316279
Wind,3.455167693360712,0.08338409521997028,0.4967514316279
Wind,3.460643394934976,0.08371998679849199,0.4967514316279
Wind,3.46611909650924,0.0840558783770137,0.4967514316279
Wind,3.468856947296372,0.0843917699555354,0.4987667810990302
Wind,3.4715947980835042,0.0843917699555354,0.49943856425607364
Wind,3.4743326488706368,0.0843917699555354,0.5004462389916388
Wind,3.482546201232033,0.0843917699555354,0.5007821305701604
Wind,3.490759753593429,0.08472766153405711,0.5014539137272038
Wind,3.512662559890486,0.08506355311257882,0.5027974800412907
Wind,3.5181382614647503,0.08506355311257882,0.5031333716198123
Wind,3.5290896646132786,0.08539944469110053,0.5038051547768557
Wind,3.5318275154004106,0.08539944469110053,0.5041410463553774
Wind,3.540041067761807,0.08539944469110053,0.504476937933899
Wind,3.5455167693360714,0.08573533626962224,0.5048128295124207
Wind,3.5482546201232035,0.08573533626962224,0.5051487210909423
Wind,3.5509924709103355,0.08607122784814394,0.5051487210909423
Wind,3.5592060232717317,0.08607122784814394,0.505484612669464
Wind,3.564681724845996,0.08607122784814394,0.5058205042479856
Wind,3.572895277207392,0.08607122784814394,0.5068281789835507
Wind,3.575633127994524,0.08640711942666565,0.5071640705620724
Wind,3.5811088295687883,0.08674301100518736,0.5071640705620724
Wind,3.583846680355921,0.08741479416223076,0.5071640705620724
Wind,3.586584531143053,0.08775068574075247,0.5071640705620724
Wind,3.597535934291581,0.08808657731927418,0.507499962140594
Wind,3.6030116358658453,0.08808657731927418,0.5078358537191157
Wind,3.6112251882272415,0.08808657731927418,0.5085076368761591
Wind,3.6167008898015056,0.08842246889779588,0.5085076368761591
Wind,3.62217659137577,0.08842246889779588,0.5132101189754629
Wind,3.6249144421629023,0.08842246889779588,0.5135460105539845
Wind,3.6358658453114305,0.08842246889779588,0.5138819021325062
Wind,3.6386036960985626,0.08842246889779588,0.5142177937110278
Wind,3.6413415468856947,0.08842246889779588,0.5145536852895495
Wind,3.6440793976728267,0.08842246889779588,0.5145536852895495
Wind,3.646817248459959,0.08842246889779588,0.5145536852895495
Wind,3.652292950034223,0.08875892978407779,0.5145536852895495
Wind,3.6577686516084875,0.0890953906703597,0.5155630679483952
Wind,3.6605065023956196,0.08976831244292352,0.5158995288346772
Wind,3.671457905544148,0.09010477332920543,0.5169089114935229
Wind,3.67419575633128,0.09010477332920543,0.5172453723798048
Wind,3.676933607118412,0.09044123421548733,0.5172453723798048
Wind,3.679671457905544,0.09044123421548733,0.5185912159249325
Wind,3.682409308692676,0.09044123421548733,0.5189276768112144
Wind,3.6878850102669403,0.09044123421548733,0.5196005985837783
Wind,3.6906228610540723,0.09077769510176924,0.5196005985837783
Wind,3.693360711841205,0.09077769510176924,0.5199370594700602
Wind,3.696098562628337,0.09111415598805114,0.5199370594700602
Wind,3.698836413415469,0.09145061687433305,0.5202735203563421
Wind,3.7097878165639973,0.09212353864689687,0.5202735203563421
Wind,3.7152635181382614,0.09212353864689687,0.520946442128906
Wind,3.7180013689253935,0.09212353864689687,0.5212829030151879
Wind,3.7207392197125255,0.09212353864689687,0.5219558247877517
Wind,3.7316906228610542,0.09245999953317878,0.5229652074465975
Wind,3.7399041752224504,0.09245999953317878,0.5233016683328794
Wind,3.7453798767967146,0.09279646041946069,0.5236381292191613
Wind,3.7481177275838466,0.09313292130574259,0.5236381292191613
Wind,3.7508555783709787,0.0934693821920245,0.5236381292191613
Wind,3.753593429158111,0.0934693821920245,0.5243122357131557
Wind,3.756331279945243,0.0934693821920245,0.52498634220715
Wind,3.7672826830937716,0.0934693821920245,0.5253233954541472
Wind,3.7700205338809036,0.0934693821920245,0.5253233954541472
Wind,3.7727583846680357,0.0934693821920245,0.5253233954541472
Wind,3.7754962354551678,0.093807631723838,0.5253233954541472
Wind,3.7782340862423,0.093807631723838,0.5253233954541472
Wind,3.783709787816564,0.09414648312314584,0.5253233954541472
Wind,3.789185489390828,0.09448533452245368,0.5253233954541472
Wind,3.79192334017796,0.09448533452245368,0.5256622468534551
Wind,3.7973990417522243,0.09516303732106936,0.5256622468534551
Wind,3.802874743326489,0.09516303732106936,0.526001098252763
Wind,3.808350444900753,0.09516303732106936,0.5263399496520709
Wind,3.811088295687885,0.09516303732106936,0.5273565038499944
Wind,3.813826146475017,0.09550310980650083,0.5280366488208574
Wind,3.8193018480492813,0.09550310980650083,0.5283773368220996
Wind,3.8275154004106775,0.09584379780774303,0.5283773368220996
Wind,3.8302532511978096,0.09584379780774303,0.5287180248233418
Wind,3.8329911019849416,0.09584379780774303,0.529058712824584
Wind,3.8412046543463383,0.09652517381022745,0.529058712824584
Wind,3.8439425051334704,0.09686586181146965,0.529058712824584
Wind,3.8466803559206024,0.09686586181146965,0.5293994008258263
Wind,3.8494182067077345,0.09720654981271186,0.5293994008258263
Wind,3.8521560574948666,0.09720654981271186,0.5297400888270685
Wind,3.8603696098562628,0.09720654981271186,0.5304214648295529
Wind,3.863107460643395,0.09720654981271186,0.5311028408320373
Wind,3.865845311430527,0.09720654981271186,0.5317842168345217
Wind,3.868583162217659,0.09720654981271186,0.5324655928370061
Wind,3.8740588637919235,0.09788792581519627,0.5328062808382483
Wind,3.8767967145790556,0.09856930181768069,0.5331469688394905
Wind,3.8795345653661877,0.0992506778201651,0.5348504088457016
Wind,3.8822724161533197,0.0992506778201651,0.535531784848186
Wind,3.887748117727584,0.0992506778201651,0.5358724728494282
Wind,3.890485968514716,0.0995913658214073,0.5368945368531548
Wind,3.893223819301848,0.09993205382264951,0.537235224854397
Wind,3.898699520876112,0.09993205382264951,0.5379166008568814
Wind,3.9014373716632442,0.10027274182389172,0.5379166008568814
Wind,3.9041752224503763,0.10027274182389172,0.538938664860608
Wind,3.9069130732375084,0.10027274182389172,0.5396206848857791
Wind,3.909650924024641,0.10027274182389172,0.5416667449612923
Wind,3.912388774811773,0.10027274182389172,0.5420077549738779
Wind,3.917864476386037,0.10027274182389172,0.5423487649864634
Wind,3.9288158795345653,0.10027274182389172,0.5433717950242201
Wind,3.9315537303216974,0.10027274182389172,0.5437128050368056
Wind,3.9342915811088295,0.10061375183647725,0.5437128050368056
Wind,3.9370294318959616,0.10061375183647725,0.5440538150493912
Wind,3.9397672826830936,0.10061375183647725,0.5443948250619768
Wind,3.9425051334702257,0.10061375183647725,0.5447358350745624
Wind,3.9479808350444903,0.10095476184906278,0.5447358350745624
Wind,3.9507186858316223,0.10095476184906278,0.5450768450871479
Wind,3.9534565366187544,0.10095476184906278,0.545758865112319
Wind,3.9561943874058865,0.10095476184906278,0.5460998751249045
Wind,3.9589322381930185,0.10129577186164831,0.5460998751249045
Wind,3.9644079397672827,0.10129577186164831,0.5460998751249045
Wind,3.9671457905544147,0.10163711199041255,0.5460998751249045
Wind,3.969883641341547,0.10163711199041255,0.5464412152536687
Wind,3.978097193702943,0.10163711199041255,0.5467825553824329
Wind,3.980835044490075,0.10163711199041255,0.5471238955111971
Wind,3.9863107460643397,0.10163711199041255,0.5474652356399613
Wind,3.9890485968514717,0.10163711199041255,0.5478065757687255
Wind,4.002737850787132,0.10197845211917678,0.5478065757687255
Wind,4.005475701574264,0.10231979224794101,0.5478065757687255
Wind,4.010951403148528,0.10266113237670524,0.5478065757687255
Wind,4.0191649555099245,0.10266113237670524,0.5488305961550182
Wind,4.0219028062970565,0.10266113237670524,0.5498546165413108
Wind,4.024640657084189,0.10300247250546947,0.5505372967988393
Wind,4.027378507871321,0.10300247250546947,0.551561317185132
Wind,4.030116358658453,0.1033438126342337,0.551561317185132
Wind,4.032854209445585,0.10368515276299793,0.551561317185132
Wind,4.03832991101985,0.10368515276299793,0.5532680178289532
Wind,4.041067761806982,0.10368515276299793,0.5539506980864817
Wind,4.043805612594114,0.10402649289176216,0.5542920382152459
Wind,4.046543463381246,0.1043678330205264,0.5549747184727744
Wind,4.05201916495551,0.1043678330205264,0.5553160586015385
Wind,4.054757015742642,0.10470917314929062,0.5556573987303027
Wind,4.057494866529774,0.10505051327805486,0.5556573987303027
Wind,4.060232717316906,0.10539185340681909,0.5563400789878312
Wind,4.0629705681040384,0.10573319353558332,0.5563400789878312
Wind,4.0657084188911705,0.10573319353558332,0.5566814191165954
Wind,4.071184120465435,0.10573319353558332,0.5570227592453596
Wind,4.076659822039699,0.10573319353558332,0.5570227592453596
Wind,4.079397672826831,0.10607522603783388,0.5570227592453596
Wind,4.084873374401095,0.10710132354458557,0.5570227592453596
Wind,4.087611225188227,0.10710132354458557,0.5573651404045952
Wind,4.098562628336755,0.10710132354458557,0.5577075215638307
Wind,4.1040383299110195,0.10710132354458557,0.5580499027230663
Wind,4.1067761806981515,0.10710132354458557,0.5580499027230663
Wind,4.114989733059549,0.10710132354458557,0.5587353659241561
Wind,4.117727583846681,0.10710132354458557,0.5590784494051944
Wind,4.120465434633813,0.10744440702562383,0.5601076998483091
Wind,4.136892539356605,0.10744440702562383,0.5604507833293474
Wind,4.139630390143737,0.10744440702562383,0.5611369502914239
Wind,4.142368240930869,0.10744440702562383,0.5614800337724621
Wind,4.145106091718001,0.10778749050666209,0.5614800337724621
Wind,4.147843942505133,0.10778749050666209,0.5625092842155769
Wind,4.15605749486653,0.10778749050666209,0.5635385346586916
Wind,4.158795345653662,0.10778749050666209,0.5645677851018064
Wind,4.164271047227926,0.10847365746873859,0.5645677851018064
Wind,4.172484599589322,0.10847365746873859,0.5655981166903445
Wind,4.177960301163586,0.10847365746873859,0.5659415605531906
Wind,4.180698151950718,0.10847365746873859,0.5666284482788827
Wind,4.183436002737851,0.10881710133158466,0.5666284482788827
Wind,4.188911704312115,0.10881710133158466,0.5669718921417287
Wind,4.191649555099247,0.10881710133158466,0.5673153360045747
Wind,4.1943874058863795,0.10881710133158466,0.5680022237302669
Wind,4.1971252566735116,0.10881710133158466,0.5683456675931129
Wind,4.199863107460644,0.10916054519443073,0.5700628869073432
Wind,4.202600958247776,0.10916054519443073,0.5704066988772234
Wind,4.205338809034908,0.10916054519443073,0.5710943228169838
Wind,4.20807665982204,0.10950435716431094,0.571438134786864
Wind,4.210814510609172,0.10950435716431094,0.5717819467567442
Wind,4.213552361396304,0.10950435716431094,0.5721257587266244
Wind,4.216290212183436,0.10950435716431094,0.5724695706965046
Wind,4.219028062970568,0.10950435716431094,0.5728133826663848
Wind,4.2217659137577,0.10984816913419114,0.573157194636265
Wind,4.224503764544832,0.11053579307395153,0.5735010066061452
Wind,4.229979466119096,0.11156722898359213,0.5735010066061452
Wind,4.232717316906228,0.11156722898359213,0.5741886305459056
Wind,4.2354551676933605,0.11156722898359213,0.5745328190896849
Wind,4.240930869267625,0.11191141752737142,0.5748770076334642
Wind,4.249144421629021,0.11225560607115072,0.5752211961772434
Wind,4.251882272416153,0.11259979461493001,0.5752211961772434
Wind,4.257357973990418,0.11294398315870931,0.5755653847210227
Wind,4.262833675564682,0.1132881717024886,0.5755653847210227
Wind,4.265571526351814,0.1132881717024886,0.575909573264802
Wind,4.284736481861739,0.1136323602462679,0.575909573264802
Wind,4.290212183436003,0.1136323602462679,0.5765979503523606
Wind,4.292950034223135,0.1136323602462679,0.5769421388961399
Wind,4.295687885010267,0.1136323602462679,0.5772863274399191
Wind,4.303901437371663,0.11397654879004719,0.5772863274399191
Wind,4.312114989733059,0.11432073733382649,0.5783188930712571
Wind,4.314852840520191,0.11432073733382649,0.5786630816150363
Wind,4.317590691307323,0.11432073733382649,0.5790072701588156
Wind,4.3203285420944555,0.11466492587760578,0.5790072701588156
Wind,4.323066392881588,0.11500911442138508,0.5793514587025949
Wind,4.328542094455853,0.11500911442138508,0.5803840243339328
Wind,4.331279945242985,0.11500911442138508,0.580728212877712
Wind,4.350444900752909,0.11535330296516437,0.580728212877712
Wind,4.353182751540041,0.11535330296516437,0.5810731827802741
Wind,4.361396303901437,0.11535330296516437,0.5814181526828361
Wind,4.3641341546885695,0.11569827286772637,0.5814181526828361
Wind,4.3668720054757015,0.11604324277028837,0.5817631225853982
Wind,4.369609856262834,0.11638821267285036,0.5817631225853982
Wind,4.372347707049966,0.11707815247797436,0.5821080924879602
Wind,4.375085557837098,0.11777047412362238,0.5824542533107843
Wind,4.37782340862423,0.11811663494644639,0.5824542533107843
Wind,4.380561259411362,0.11846279576927041,0.5824542533107843
Wind,4.383299110198494,0.11846279576927041,0.5824542533107843
Wind,4.386036960985626,0.11846279576927041,0.5828008152469604
Wind,4.39151266255989,0.11846279576927041,0.583147779694096
Wind,4.394250513347022,0.11846279576927041,0.5838417085883673
Wind,4.396988364134154,0.11915672466354164,0.5841886730355029
Wind,4.399726214921286,0.11915672466354164,0.5845356374826386
Wind,4.407939767282683,0.11915672466354164,0.5845356374826386
Wind,4.413415468856948,0.11950450358121044,0.5845356374826386
Wind,4.418891170431212,0.11950450358121044,0.5848834164003074
Wind,4.424366872005476,0.11950450358121044,0.5852311953179762
Wind,4.427104722792608,0.11950450358121044,0.585578974235645
Wind,4.432580424366872,0.11950450358121044,0.5859267531533138
Wind,4.440793976728268,0.11950450358121044,0.5866223109886514
Wind,4.459958932238193,0.11985228249887923,0.5866223109886514
Wind,4.462696783025325,0.12020006141654803,0.5866223109886514
Wind,4.465434633812457,0.12054784033421682,0.5869700899063202
Wind,4.468172484599589,0.12089561925188562,0.5869700899063202
Wind,4.470910335386721,0.12124381268554688,0.5880146702073039
Wind,4.476386036960986,0.12124381268554688,0.5883628636409651
Wind,4.479123887748118,0.12159200611920813,0.5883628636409651
Wind,4.4955509924709105,0.12159200611920813,0.5894074439419489
Wind,4.498288843258043,0.12159200611920813,0.5897556373756101
Wind,4.501026694045175,0.12194019955286939,0.5897556373756101
Wind,4.506502395619439,0.12194019955286939,0.5901038308092713
Wind,4.517453798767967,0.12194019955286939,0.5904520242429325
Wind,4.520191649555099,0.12194019955286939,0.5908002176765937
Wind,4.525667351129363,0.12228839298653064,0.5908002176765937
Wind,4.528405201916495,0.1226365864201919,0.5908002176765937
Wind,4.531143052703627,0.1226365864201919,0.591148411110255
Wind,4.5366187542778915,0.1226365864201919,0.5918447979775775
Wind,4.539356605065024,0.12298477985385316,0.5921929914112387
Wind,4.542094455852156,0.12333297328751441,0.5925411848448999
Wind,4.558521560574949,0.12368116672117567,0.5925411848448999
Wind,4.566735112936345,0.12368116672117567,0.5928893782785611
Wind,4.5804243668720055,0.12368116672117567,0.5932375717122224
Wind,4.594113620807666,0.12437755358849818,0.5935857651458836
Wind,4.602327173169062,0.12437755358849818,0.5939339585795448
Wind,4.605065023956194,0.12472574702215944,0.5939339585795448
Wind,4.616016427104722,0.12507394045582068,0.5939339585795448
Wind,4.618754277891855,0.12542213388948192,0.5939339585795448
Wind,4.621492128678987,0.12577032732314317,0.5939339585795448
Wind,4.632443531827516,0.12577032732314317,0.594282152013206
Wind,4.63791923340178,0.1261189543725375,0.594282152013206
Wind,4.640657084188912,0.12681620847132616,0.594282152013206
Wind,4.648870636550308,0.1271648355207205,0.594282152013206
Wind,4.654346338124572,0.12751346257011484,0.594282152013206
Wind,4.657084188911704,0.12751346257011484,0.5946307790626003
Wind,4.6652977412731005,0.12786208961950918,0.5946307790626003
Wind,4.6680355920602326,0.12821071666890352,0.5949794061119946
Wind,4.670773442847365,0.12855934371829786,0.5953280331613889
Wind,4.673511293634497,0.12890885336781724,0.5956775428109083
Wind,4.676249144421629,0.1292592523548672,0.5960279417979583
Wind,4.678986995208761,0.12960965134191718,0.5967287397720582
Wind,4.681724845995893,0.12960965134191718,0.5970791387591081
Wind,4.687200547570157,0.12960965134191718,0.5974313439265037
Wind,4.689938398357289,0.12996185650931277,0.5974313439265037
Wind,4.695414099931554,0.13031406167670836,0.5974313439265037
Wind,4.698151950718686,0.13066626684410396,0.5974313439265037
Wind,4.700889801505818,0.13101892882754027,0.5974313439265037
Wind,4.706365503080082,0.13137159081097657,0.5974313439265037
Wind,4.7091033538672145,0.13172425279441288,0.5981366678933763
Wind,4.7118412046543465,0.1320769147778492,0.5981366678933763
Wind,4.714579055441479,0.1324295767612855,0.5991946538436852
Wind,4.717316906228611,0.1327822387447218,0.5991946538436852
Wind,4.720054757015743,0.13313490072815812,0.5995473158271215
Wind,4.725530458590007,0.13313490072815812,0.5998999778105578
Wind,4.747433264887063,0.13348756271159443,0.5998999778105578
Wind,4.766598220396989,0.13384022469503074,0.5998999778105578
Wind,4.769336071184121,0.13419288667846704,0.5998999778105578
Wind,4.772073921971253,0.13419288667846704,0.6002526397939941
Wind,4.777549623545517,0.13454554866190335,0.6002526397939941
Wind,4.785763175906913,0.13489821064533966,0.6002526397939941
Wind,4.791238877481177,0.13560353461221228,0.6002526397939941
Wind,4.799452429842574,0.1359561965956486,0.6002526397939941
Wind,4.804928131416838,0.1359561965956486,0.6006053017774304
Wind,4.80766598220397,0.1359561965956486,0.6009579637608667
Wind,4.810403832991102,0.1359561965956486,0.6016632877277394
Wind,4.813141683778234,0.1359561965956486,0.6027212736780483
Wind,4.815879534565366,0.1359561965956486,0.6030739356614846
Wind,4.818617385352498,0.1359561965956486,0.6034270748600541
Wind,4.829568788501026,0.1359561965956486,0.6037802140586236
Wind,4.8350444900752905,0.13630933579421808,0.6041333532571931
Wind,4.851471594798084,0.13630933579421808,0.6044864924557626
Wind,4.862422997946612,0.13630933579421808,0.6048396316543321
Wind,4.865160848733744,0.13630933579421808,0.6051927708529016
Wind,4.870636550308008,0.13630933579421808,0.6055459100514711
Wind,4.87337440109514,0.13630933579421808,0.6058990492500406
Wind,4.876112251882272,0.1373687533899266,0.6062521884486101
Wind,4.878850102669404,0.13807503178706562,0.6062521884486101
Wind,4.889801505817933,0.13807503178706562,0.6069584668457491
Wind,4.892539356605065,0.13807503178706562,0.6076667071273245
Wind,4.900752908966461,0.13878327206864113,0.6076667071273245
Wind,4.903490759753593,0.13878327206864113,0.6083749474089
Wind,4.906228610540725,0.1391373922094289,0.6087290675496877
Wind,4.91170431211499,0.1391373922094289,0.6104996682536264
Wind,4.914442162902122,0.13949151235021665,0.6112079085352019
Wind,4.922655715263518,0.13949151235021665,0.6115620286759896
Wind,4.9253935660506505,0.13949151235021665,0.6126243890983529
Wind,4.930869267624915,0.13949151235021665,0.6129785092391407
Wind,4.933607118412047,0.1398456324910044,0.6129785092391407
Wind,4.936344969199179,0.1398456324910044,0.6133326293799284
Wind,4.944558521560575,0.14019975263179216,0.6133326293799284
Wind,4.947296372347707,0.14019975263179216,0.6151032300838671
Wind,4.955509924709103,0.14019975263179216,0.6154573502246549
Wind,4.960985626283367,0.1405538727725799,0.6154573502246549
Wind,4.9664613278576315,0.14090799291336767,0.6161655905062303
Wind,4.974674880219028,0.14126211305415542,0.6161655905062303
Wind,4.97741273100616,0.14126211305415542,0.616519710647018
Wind,4.982888432580425,0.14197035333573094,0.616519710647018
Wind,4.991101984941821,0.1423244734765187,0.616519710647018
Wind,4.996577686516085,0.1423244734765187,0.6168738307878058
Wind,4.999315537303217,0.1423244734765187,0.6172279509285935
Wind,5.002053388090349,0.1423244734765187,0.6175820710693812
Wind,5.0102669404517455,0.1423244734765187,0.617936191210169
Wind,5.0130047912388775,0.14267859361730645,0.617936191210169
Wind,5.023956194387406,0.14267859361730645,0.617936191210169
Wind,5.026694045174538,0.143033238380525,0.617936191210169
Wind,5.037645448323066,0.143033238380525,0.6190001254998246
Wind,5.040383299110198,0.143033238380525,0.6193547702630432
Wind,5.04312114989733,0.143033238380525,0.6200640597894803
Wind,5.073237508555784,0.14338788314374357,0.6200640597894803
Wind,5.084188911704312,0.14338788314374357,0.6204187045526989
Wind,5.100616016427105,0.14338788314374357,0.6207733493159174
Wind,5.106091718001369,0.14409717267018066,0.621127994079136
Wind,5.111567419575633,0.14445181743339922,0.6214826388423546
Wind,5.117043121149897,0.14445181743339922,0.6218372836055731
Wind,5.136208076659822,0.14480646219661777,0.6218372836055731
Wind,5.152635181382615,0.14480646219661777,0.6221919283687917
Wind,5.158110882956879,0.14480646219661777,0.6225465731320102
Wind,5.160848733744011,0.14516110695983633,0.6225465731320102
Wind,5.174537987679671,0.14516110695983633,0.6229012178952288
Wind,5.188227241615332,0.14516110695983633,0.6232558626584473
Wind,5.190965092402464,0.14516110695983633,0.6236105074216659
Wind,5.193702943189596,0.1455157517230549,0.6236105074216659
Wind,5.196440793976728,0.1455157517230549,0.6239651521848845
Wind,5.19917864476386,0.14587039648627345,0.6239651521848845
Wind,5.204654346338125,0.146225041249492,0.6239651521848845
Wind,5.210130047912389,0.146225041249492,0.624319796948103
Wind,5.212867898699521,0.146225041249492,0.6246744417113216
Wind,5.221081451060917,0.14657968601271057,0.6246744417113216
Wind,5.229295003422314,0.14693433077592913,0.6250290864745401
Wind,5.234770704996578,0.14693433077592913,0.6253837312377587
Wind,5.23750855578371,0.14693433077592913,0.6257383760009773
Wind,5.240246406570842,0.1472889755391477,0.6257383760009773
Wind,5.248459958932238,0.14764362030236625,0.6257383760009773
Wind,5.25119780971937,0.14764362030236625,0.6257383760009773
Wind,5.256673511293634,0.14764362030236625,0.6260941342485388
Wind,5.259411362080766,0.1479993785499277,0.6260941342485388
Wind,5.2648870636550305,0.14835513679748916,0.6260941342485388
Wind,5.2676249144421625,0.14835513679748916,0.6268067747823586
Wind,5.2731006160164275,0.14835513679748916,0.6271630950492685
Wind,5.27583846680356,0.14871145706439906,0.6271630950492685
Wind,5.281314168377824,0.14871145706439906,0.6275194153161784
Wind,5.286789869952088,0.14906777733130896,0.6275194153161784
Wind,5.28952772073922,0.14942409759821887,0.6275194153161784
Wind,5.30321697467488,0.14942409759821887,0.6278757355830883
Wind,5.314168377823409,0.14942409759821887,0.6282320558499982
Wind,5.319644079397673,0.15013673813203868,0.6285883761169081
Wind,5.330595482546201,0.15013673813203868,0.628944696383818
Wind,5.333333333333333,0.15013673813203868,0.6293010166507279
Wind,5.344284736481861,0.15013673813203868,0.6296573369176378
Wind,5.347022587268994,0.15013673813203868,0.6300136571845477
Wind,5.349760438056126,0.15013673813203868,0.6303699774514576
Wind,5.352498288843258,0.15049305839894858,0.6303699774514576
Wind,5.3579739904175225,0.15084937866585849,0.6303699774514576
Wind,5.371663244353183,0.15084937866585849,0.6310826179852774
Wind,5.379876796714579,0.15084937866585849,0.6314389382521873
Wind,5.3963039014373715,0.1512056989327684,0.6314389382521873
Wind,5.412731006160164,0.1515620191996783,0.6314389382521873
Wind,5.423682409308693,0.1519183394665882,0.6321515787860071
Wind,5.429158110882957,0.1519183394665882,0.632507899052917
Wind,5.431895961670089,0.1519183394665882,0.632864219319827
Wind,5.437371663244353,0.1519183394665882,0.6339331801205567
Wind,5.44558521560575,0.1522746597334981,0.6342895003874666
Wind,5.451060917180014,0.1522746597334981,0.6353584611881963
Wind,5.453798767967146,0.1522746597334981,0.6360711017220161
Wind,5.456536618754278,0.152630980000408,0.6360711017220161
Wind,5.462012320328542,0.152630980000408,0.636427421988926
Wind,5.464750171115674,0.152630980000408,0.6367837422558359
Wind,5.47296372347707,0.152630980000408,0.6371400625227458
Wind,5.478439425051334,0.1529873002673179,0.6371400625227458
Wind,5.486652977412731,0.1529873002673179,0.6374963827896557
Wind,5.49760438056126,0.15334362053422781,0.6374963827896557
Wind,5.500342231348392,0.15334362053422781,0.6382090233234755
Wind,5.505817932922656,0.15334362053422781,0.6385653435903854
Wind,5.514031485284052,0.15334362053422781,0.6389216638572953
Wind,5.516769336071184,0.15334362053422781,0.6389216638572953
Wind,5.522245037645448,0.15334362053422781,0.6389216638572953
Wind,5.5249828884325805,0.15370364603788203,0.6389216638572953
Wind,5.533196440793977,0.15406492598579982,0.6389216638572953
Wind,5.535934291581109,0.15406492598579982,0.6392835754135137
Wind,5.541409993155373,0.1544268375420182,0.6392835754135137
Wind,5.563312799452429,0.15478874909823656,0.6392835754135137
Wind,5.574264202600959,0.15478874909823656,0.639645486969732
Wind,5.577002053388091,0.15478874909823656,0.6400073985259503
Wind,5.590691307323751,0.15478874909823656,0.6403693100821687
Wind,5.593429158110883,0.15478874909823656,0.640731221638387
Wind,5.601642710472279,0.15515066065445493,0.640731221638387
Wind,5.607118412046543,0.15515066065445493,0.6410931331946054
Wind,5.631759069130732,0.1555125722106733,0.6410931331946054
Wind,5.642710472279261,0.15587448376689167,0.6410931331946054
Wind,5.645448323066393,0.15623639532311004,0.6410931331946054
Wind,5.650924024640657,0.15623639532311004,0.641816956307042
Wind,5.653661875427789,0.15623639532311004,0.641816956307042
Wind,5.661875427789186,0.15659895663077583,0.641816956307042
Wind,5.66735112936345,0.15696151793844162,0.641816956307042
Wind,5.670088980150582,0.15732407924610742,0.641816956307042
Wind,5.672826830937714,0.15732407924610742,0.6425420789223736
Wind,5.68104038329911,0.1576866405537732,0.6425420789223736
Wind,5.683778234086242,0.1576866405537732,0.6429046402300393
Wind,5.686516084873374,0.1576866405537732,0.6432672015377051
Wind,5.69472963723477,0.1580505274969332,0.6436310884808651
Wind,5.702943189596167,0.1580505274969332,0.6443588623671851
Wind,5.711156741957564,0.1580505274969332,0.6447227493103451
Wind,5.724845995893224,0.15841576216951234,0.6447227493103451
Wind,5.730321697467488,0.15878099684209146,0.6447227493103451
Wind,5.73305954825462,0.15914623151467058,0.6447227493103451
Wind,5.735797399041752,0.1595114661872497,0.6447227493103451
Wind,5.7412731006160165,0.15987670085982883,0.6447227493103451
Wind,5.746748802190281,0.15987670085982883,0.6450879839829242
Wind,5.752224503764545,0.15987670085982883,0.6450879839829242
Wind,5.757700205338809,0.15987670085982883,0.6458198238146587
Wind,5.760438056125941,0.15987670085982883,0.646185743730526
Wind,5.765913757700205,0.15987670085982883,0.6472835034781277
Wind,5.768651608487337,0.15987670085982883,0.6476494233939949
Wind,5.771389459274469,0.15987670085982883,0.6480153433098621
Wind,5.776865160848733,0.15987670085982883,0.6483812632257293
Wind,5.782340862422998,0.15987670085982883,0.6483812632257293
Wind,5.7850787132101305,0.16024332043136696,0.6487478827972675
Wind,5.798767967145791,0.1606099400029051,0.6487478827972675
Wind,5.806981519507187,0.1606099400029051,0.6491145023688056
Wind,5.812457221081451,0.1606099400029051,0.6494811219403438
Wind,5.815195071868583,0.1606099400029051,0.649847741511882
Wind,5.820670773442847,0.1606099400029051,0.649847741511882
Wind,5.8261464750171115,0.1606099400029051,0.6502150715864657
Wind,5.8288843258042435,0.1606099400029051,0.6505824016610495
Wind,5.831622176591376,0.16097727007748885,0.6505824016610495
Wind,5.848049281314168,0.16097727007748885,0.651317061810217
Wind,5.853524982888432,0.16097727007748885,0.6516843918848008
Wind,5.864476386036961,0.16097727007748885,0.6520517219593845
Wind,5.867214236824093,0.1613446001520726,0.6520517219593845
Wind,5.8699520876112254,0.16171193022665636,0.6520517219593845
Wind,5.87542778918549,0.16171193022665636,0.6524190520339683
Wind,5.883641341546886,0.16171193022665636,0.6527863821085521
Wind,5.905544147843942,0.16171193022665636,0.6531537121831359
Wind,5.938398357289528,0.16207926030124012,0.6531537121831359
Wind,5.943874058863792,0.16244659037582387,0.6535210422577197
Wind,5.9575633127994525,0.16281392045040763,0.6538883723323035
Wind,5.963039014373717,0.1635485805995751,0.6542557024068872
Wind,5.971252566735113,0.16391591067415887,0.6542557024068872
Wind,5.973990417522245,0.16428324074874262,0.6549903625560547
Wind,5.979466119096509,0.16428324074874262,0.6553576926306385
Wind,5.990417522245037,0.16465057082332638,0.6557250227052223
Wind,5.9986310746064335,0.16465057082332638,0.656092352779806
Wind,6.0041067761806985,0.16465057082332638,0.6568270129289735
Wind,6.020533880903491,0.16465057082332638,0.6571943430035573
Wind,6.064339493497604,0.16501790089791013,0.6571943430035573
Wind,6.072553045859,0.16538523097249389,0.6571943430035573
Wind,6.083504449007529,0.16538523097249389,0.6575616730781411
Wind,6.091718001368926,0.16538523097249389,0.6579290031527248
Wind,6.140999315537303,0.16575256104707764,0.6579290031527248
Wind,6.168377823408624,0.16575256104707764,0.6582963332273086
Wind,6.195756331279945,0.1661198911216614,0.6582963332273086
Wind,6.198494182067077,0.1661198911216614,0.6586636633018924
Wind,6.206707734428473,0.16648722119624515,0.6590309933764762
Wind,6.217659137577002,0.16648722119624515,0.65939832345106
Wind,6.239561943874059,0.1668545512708289,0.65939832345106
Wind,6.247775496235455,0.1668545512708289,0.6597656535256438
Wind,6.253251197809719,0.1668545512708289,0.6597656535256438
Wind,6.2587268993839835,0.1668545512708289,0.6601337634942287
Wind,6.261464750171116,0.1668545512708289,0.6605018734628136
Wind,6.26694045174538,0.1668545512708289,0.6605018734628136
Wind,6.28062970568104,0.1668545512708289,0.6612412463761599
Wind,6.288843258042436,0.1668545512708289,0.661610932832833
Wind,6.291581108829569,0.1668545512708289,0.6627199922028524
Wind,6.310746064339494,0.1668545512708289,0.6627199922028524
Wind,6.316221765913758,0.1668545512708289,0.6630904823257356
Wind,6.338124572210814,0.1668545512708289,0.6630904823257356
Wind,6.3436002737850785,0.1668545512708289,0.6634625938495944
Wind,6.3709787816564,0.1668545512708289,0.6638347053734531
Wind,6.3901437371663246,0.1668545512708289,0.6642068168973119
Wind,6.395619438740589,0.16722666279468762,0.6642068168973119
Wind,6.412046543463381,0.16759877431854633,0.6642068168973119
Wind,6.439425051334703,0.16797088584240505,0.6645789284211706
Wind,6.442162902121835,0.16797088584240505,0.6649510399450294
Wind,6.450376454483231,0.16834299736626376,0.6653231514688881
Wind,6.458590006844627,0.16834299736626376,0.6656952629927468
Wind,6.461327857631759,0.16871510889012248,0.6656952629927468
Wind,6.466803559206023,0.16871510889012248,0.6660673745166056
Wind,6.4750171115674195,0.16871510889012248,0.6664394860404643
Wind,6.480492813141684,0.1690872204139812,0.6664394860404643
Wind,6.48870636550308,0.1690872204139812,0.6668115975643231
Wind,6.499657768651608,0.1694593319378399,0.6668115975643231
Wind,6.513347022587269,0.1694593319378399,0.6671837090881818
Wind,6.5188227241615335,0.1694593319378399,0.6675558206120406
Wind,6.551676933607118,0.16983144346169862,0.6675558206120406
Wind,6.55441478439425,0.16983144346169862,0.6679279321358993
Wind,6.5571526351813825,0.17020355498555734,0.6679279321358993
Wind,6.562628336755647,0.17020355498555734,0.668300043659758
Wind,6.581793292265571,0.17020355498555734,0.6686721551836168
Wind,6.587268993839836,0.17057566650941605,0.6686721551836168
Wind,6.625598904859685,0.17094777803327477,0.6686721551836168
Wind,6.633812457221081,0.17094777803327477,0.6690442667074755
Wind,6.652977412731006,0.17094777803327477,0.6694163782313343
Wind,6.655715263518139,0.17094777803327477,0.6694163782313343
Wind,6.669404517453799,0.17094777803327477,0.6701623401179483
Wind,6.674880219028063,0.17094777803327477,0.6701623401179483
Wind,6.677618069815195,0.17133064521845254,0.6701623401179483
Wind,6.685831622176591,0.17133064521845254,0.6701623401179483
Wind,6.6885694729637235,0.17133064521845254,0.6701623401179483
Wind,6.71047227926078,0.17133064521845254,0.6705489425927376
Wind,6.713210130047912,0.17133064521845254,0.6705489425927376
Wind,6.7268993839835725,0.17171914745970268,0.6705489425927376
Wind,6.729637234770705,0.17171914745970268,0.6709374448339878
Wind,6.743326488706366,0.17171914745970268,0.671325947075238
Wind,6.746064339493498,0.17171914745970268,0.6717144493164882
Wind,6.74880219028063,0.17171914745970268,0.6721029515577384
Wind,6.751540041067762,0.17210764970095283,0.6721029515577384
Wind,6.759753593429158,0.17210764970095283,0.6721029515577384
Wind,6.767967145790554,0.17249809932185836,0.6721029515577384
Wind,6.770704996577686,0.17288953244306846,0.6721029515577384
Wind,6.7734428473648185,0.17288953244306846,0.6728858178001585
Wind,6.778918548939083,0.17288953244306846,0.6728858178001585
Wind,6.789869952087611,0.1732819615773096,0.6728858178001585
Wind,6.806297056810404,0.1732819615773096,0.6732782469343997
Wind,6.8145106091718,0.1732819615773096,0.674063105202882
Wind,6.822724161533197,0.1732819615773096,0.6748479634713643
Wind,6.852840520191649,0.1732819615773096,0.6752403926056055
Wind,6.8583162217659135,0.1732819615773096,0.6752403926056055
Wind,6.86652977412731,0.1732819615773096,0.676027289466993
Wind,6.869267624914442,0.1732819615773096,0.6764207378976868
Wind,6.874743326488707,0.1732819615773096,0.6772076347590742
Wind,6.880219028062971,0.1732819615773096,0.677601083189768
Wind,6.882956878850103,0.1732819615773096,0.6779945316204617
Wind,6.9021218343600275,0.17367541000800332,0.6779945316204617
Wind,6.913073237508556,0.17406885843869704,0.6783879800511555
Wind,6.959616700889802,0.17406885843869704,0.6783879800511555
Wind,6.97056810403833,0.17446335887054235,0.6783879800511555
Wind,6.976043805612594,0.17446335887054235,0.679574662801787
Wind,6.9897330595482545,0.1748589197874195,0.6799702237186642
Wind,6.995208761122519,0.1748589197874195,0.6803657846355414
Wind,7.008898015058179,0.17525448070429664,0.6803657846355414
Wind,7.014373716632443,0.1756511283269894,0.6803657846355414
Wind,7.017111567419575,0.17644442357237491,0.6803657846355414
Wind,7.019849418206708,0.17644442357237491,0.6807624322582342
Wind,7.047227926078029,0.17644442357237491,0.6811590798809269
Wind,7.049965776865161,0.17644442357237491,0.6815557275036197
Wind,7.063655030800821,0.17684107119506767,0.6815557275036197
Wind,7.066392881587953,0.17723771881776043,0.6815557275036197
Wind,7.0718685831622174,0.17723771881776043,0.6815557275036197
Wind,7.0746064339493495,0.1776354837577002,0.6815557275036197
Wind,7.082819986310746,0.17803324869763995,0.6815557275036197
Wind,7.085557837097878,0.17803324869763995,0.6819534924435595
Wind,7.093771389459275,0.17803324869763995,0.6819534924435595
Wind,7.107460643394935,0.17803324869763995,0.6823523906169464
Wind,7.110198494182067,0.17803324869763995,0.6823523906169464
Wind,7.115674195756331,0.17803324869763995,0.6823523906169464
Wind,7.1184120465434635,0.17803324869763995,0.6823523906169464
Wind,7.129363449691992,0.17803324869763995,0.6827570699232809
Wind,7.132101300479124,0.17843792800397448,0.6827570699232809
Wind,7.134839151266256,0.17884260731030902,0.6827570699232809
Wind,7.151266255989048,0.17884260731030902,0.6831617492296154
Wind,7.167693360711842,0.17884260731030902,0.6831617492296154
Wind,7.173169062286106,0.17884260731030902,0.6835676187692038
Wind,7.181382614647502,0.17884260731030902,0.6835676187692038
Wind,7.184120465434634,0.17884260731030902,0.6835676187692038
Wind,7.189596167008898,0.17884260731030902,0.6835676187692038
Wind,7.200547570157426,0.17925210068507236,0.6835676187692038
Wind,7.2032854209445585,0.17925210068507236,0.6839771121439672
Wind,7.230663928815879,0.1796615940598357,0.6839771121439672
Wind,7.2470910335386725,0.18007108743459904,0.6839771121439672
Wind,7.2498288843258045,0.18007108743459904,0.6843866055187305
Wind,7.260780287474333,0.18007108743459904,0.6843866055187305
Wind,7.266255989048597,0.18048307013078954,0.684798588214921
Wind,7.268993839835729,0.18048307013078954,0.684798588214921
Wind,7.271731690622861,0.18089758810511042,0.6856276241635628
Wind,7.277207392197125,0.18089758810511042,0.6860421421378837
Wind,7.279945242984257,0.18089758810511042,0.6864566601122046
Wind,7.282683093771389,0.1813121060794313,0.6864566601122046
Wind,7.285420944558521,0.1813121060794313,0.6864566601122046
Wind,7.2881587953456535,0.1813121060794313,0.6868724816021681
Wind,7.29637234770705,0.1813121060794313,0.6868724816021681
Wind,7.299110198494182,0.1813121060794313,0.6868724816021681
Wind,7.321013004791239,0.1813121060794313,0.6872909432285756
Wind,7.36208076659822,0.18173056770583892,0.6872909432285756
Wind,7.364818617385352,0.18215037055540811,0.6872909432285756
Wind,7.367556468172484,0.18215037055540811,0.6877107460781449
Wind,7.3757700205338805,0.18215037055540811,0.6881305489277141
Wind,7.403148528405202,0.18215037055540811,0.6885503517772833
Wind,7.41409993155373,0.18215037055540811,0.6889701546268525
Wind,7.422313483915127,0.1825701734049773,0.6889701546268525
Wind,7.433264887063655,0.1825701734049773,0.6889701546268525
Wind,7.4633812457221085,0.18299135265733196,0.6889701546268525
Wind,7.474332648870637,0.18299135265733196,0.6893913338792071
Wind,7.477070499657769,0.18299135265733196,0.6898125131315618
Wind,7.479808350444901,0.18341253190968662,0.6898125131315618
Wind,7.509924709103354,0.18341253190968662,0.6902336923839164
Wind,7.534565366187543,0.18341253190968662,0.6902336923839164
Wind,7.542778918548939,0.18341253190968662,0.6906562802625331
Wind,7.564681724845996,0.18383511978830333,0.6906562802625331
Wind,7.567419575633128,0.18383511978830333,0.6910788681411498
Wind,7.575633127994524,0.18383511978830333,0.6931918075342334
Wind,7.592060232717317,0.18383511978830333,0.6936143954128501
Wind,7.611225188227242,0.18425916990871458,0.6936143954128501
Wind,7.630390143737166,0.18468469755567776,0.6936143954128501
Wind,7.6331279945242985,0.18511022520264095,0.6936143954128501
Wind,7.646817248459959,0.18553575284960414,0.6940399230598133
Wind,7.655030800821355,0.18553575284960414,0.6944654507067766
Wind,7.660506502395619,0.18553575284960414,0.6944654507067766
Wind,7.663244353182751,0.18596279482983052,0.6944654507067766
Wind,7.6796714579055445,0.18596279482983052,0.6944654507067766
Wind,7.685147159479809,0.18596279482983052,0.6944654507067766
Wind,7.704312114989733,0.18639446181345287,0.6944654507067766
Wind,7.709787816563997,0.18682612879707522,0.694897117690399
Wind,7.715263518138261,0.18726096980263598,0.694897117690399
Wind,7.731690622861054,0.18726096980263598,0.6953319586959598
Wind,7.759069130732375,0.18726096980263598,0.6970713227182028
Wind,7.770020533880904,0.18726096980263598,0.6970713227182028
Wind,7.780971937029432,0.18726096980263598,0.6975078046332185
Wind,7.8056125941136205,0.18726096980263598,0.6975078046332185
Wind,7.832991101984942,0.18726096980263598,0.6979596917922936
Wind,7.838466803559206,0.18726096980263598,0.6984115789513686
Wind,7.852156057494867,0.18726096980263598,0.6988634661104437
Wind,7.871321013004791,0.18726096980263598,0.6993153532695188
Wind,7.874058863791923,0.18726096980263598,0.6997672404285938
Wind,7.882272416153319,0.18726096980263598,0.7002191275876689
Wind,7.885010266940451,0.18771285696171106,0.7002191275876689
Wind,7.8904859685147155,0.18771285696171106,0.7002191275876689
Wind,7.898699520876113,0.18771285696171106,0.7006728442494123
Wind,7.915126625598905,0.18771285696171106,0.7011265609111558
Wind,7.931553730321697,0.1881684331179698,0.7015821370674145
Wind,7.939767282683094,0.1881684331179698,0.7015821370674145
Wind,7.94798083504449,0.1881684331179698,0.702039603581168
Wind,7.969883641341547,0.1881684331179698,0.7024970700949216
Wind,7.991786447638604,0.1881684331179698,0.7024970700949216
Wind,7.994524298425736,0.1881684331179698,0.7029583970855845
Wind,8.008213552361397,0.1881684331179698,0.7034216871698247
Wind,8.032854209445585,0.18863172320221,0.7034216871698247
Wind,8.046543463381246,0.18863172320221,0.7038849772540648
Wind,8.05201916495551,0.1890950132864502,0.7038849772540648
Wind,8.062970568104038,0.1895583033706904,0.7038849772540648
Wind,8.073921971252567,0.1900215934549306,0.7038849772540648
Wind,8.084873374401095,0.1900215934549306,0.7038849772540648
Wind,8.087611225188228,0.1900215934549306,0.7038849772540648
Wind,8.09034907597536,0.1900215934549306,0.7038849772540648
Wind,8.093086926762492,0.1900215934549306,0.7038849772540648
Wind,8.106776180698152,0.1900215934549306,0.7038849772540648
Wind,8.120465434633813,0.1900215934549306,0.7038849772540648
Wind,8.125941136208077,0.1900215934549306,0.7043926013176581
Wind,8.145106091718,0.1900215934549306,0.7049002253812514
Wind,8.150581793292266,0.1900215934549306,0.7049002253812514
Wind,8.153319644079398,0.1900215934549306,0.7054153145046035
Wind,8.167008898015059,0.19053668257828266,0.7054153145046035
Wind,8.183436002737851,0.19053668257828266,0.7059304036279556
Wind,8.186173853524982,0.19053668257828266,0.7069605818746596
Wind,8.188911704312115,0.19053668257828266,0.7074756709980117
Wind,8.199863107460644,0.19053668257828266,0.7079907601213637
Wind,8.202600958247775,0.19053668257828266,0.7079907601213637
Wind,8.213552361396303,0.1910543997073661,0.7079907601213637
Wind,8.224503764544833,0.19157211683644954,0.7079907601213637
Wind,8.238193018480493,0.19208983396553297,0.7079907601213637
Wind,8.243668720054757,0.19261024753799705,0.7079907601213637
Wind,8.257357973990418,0.19313066111046112,0.7079907601213637
Wind,8.27378507871321,0.19313066111046112,0.7079907601213637
Wind,8.284736481861739,0.19365661099752587,0.7085167100084285
Wind,8.290212183436003,0.19418256088459063,0.7085167100084285
Wind,8.301163586584531,0.19418256088459063,0.7085167100084285
Wind,8.303901437371664,0.19418256088459063,0.7090455183187926
Wind,8.317590691307323,0.19418256088459063,0.7095743266291566
Wind,8.320328542094456,0.19418256088459063,0.7101060565323956
Wind,8.33949349760438,0.1947142907878296,0.7101060565323956
Wind,8.355920602327172,0.1947142907878296,0.7106377864356345
Wind,8.358658453114305,0.19524602069106856,0.7106377864356345
Wind,8.372347707049967,0.19524602069106856,0.7111695163388734
Wind,8.438056125941136,0.19524602069106856,0.7117012462421123
Wind,8.4435318275154,0.19524602069106856,0.7122329761453512
Wind,8.449007529089664,0.19524602069106856,0.7127647060485901
Wind,8.465434633812457,0.19524602069106856,0.713296435951829
Wind,8.470910335386721,0.19524602069106856,0.713296435951829
Wind,8.511978097193703,0.1957808601259054,0.713296435951829
Wind,8.522929500342231,0.1957808601259054,0.713296435951829
Wind,8.528405201916495,0.1957808601259054,0.713296435951829
Wind,8.53388090349076,0.1957808601259054,0.713296435951829
Wind,8.536618754277892,0.1957808601259054,0.713296435951829
Wind,8.542094455852157,0.1957808601259054,0.713296435951829
Wind,8.54757015742642,0.1957808601259054,0.7138718961032358
Wind,8.577686516084873,0.1957808601259054,0.7150228164060493
Wind,8.580424366872005,0.1957808601259054,0.715598276557456
Wind,8.591375770020534,0.19635632027731215,0.715598276557456
Wind,8.602327173169062,0.19635632027731215,0.715598276557456
Wind,8.61054072553046,0.19635632027731215,0.715598276557456
Wind,8.626967830253252,0.19635632027731215,0.7161813586976231
Wind,8.629705681040383,0.19635632027731215,0.7167644408377902
Wind,8.65160848733744,0.19635632027731215,0.7179306051181245
Wind,8.668035592060233,0.19635632027731215,0.7179306051181245
Wind,8.678986995208762,0.19695154996206604,0.7179306051181245
Wind,8.68993839835729,0.19695154996206604,0.7185258348028783
Wind,8.692676249144421,0.19754677964681994,0.7185258348028783
Wind,8.695414099931554,0.19754677964681994,0.7191210644876322
Wind,8.714579055441478,0.19754677964681994,0.7191210644876322
Wind,8.722792607802875,0.19754677964681994,0.7191210644876322
Wind,8.739219712525667,0.19815504355824728,0.7191210644876322
Wind,8.810403832991103,0.19815504355824728,0.7191210644876322
Wind,8.813141683778234,0.19815504355824728,0.7191210644876322
Wind,8.83504449007529,0.19877238603551683,0.7191210644876322
Wind,8.854209445585216,0.19938972851278638,0.7191210644876322
Wind,8.85968514715948,0.20000707099005594,0.7191210644876322
Wind,8.865160848733744,0.20000707099005594,0.7197384069649018
Wind,8.873374401095141,0.20062441346732549,0.7197384069649018
Wind,8.8870636550308,0.20062441346732549,0.7203557494421713
Wind,8.892539356605065,0.20124175594459504,0.7209730919194408
Wind,8.906228610540726,0.20185909842186459,0.7209730919194408
Wind,8.930869267624914,0.20185909842186459,0.7215904343967103
Wind,8.93908281998631,0.20185909842186459,0.7222077768739799
Wind,8.9637234770705,0.20185909842186459,0.7228251193512494
Wind,8.985626283367557,0.20247644089913414,0.7228251193512494
Wind,9.010266940451745,0.20309378337640369,0.7228251193512494
Wind,9.034907597535934,0.20371112585367324,0.7228251193512494
Wind,9.084188911704311,0.20371112585367324,0.7228251193512494
Wind,9.086926762491444,0.20371112585367324,0.7228251193512494
Wind,9.14715947980835,0.20371112585367324,0.7228251193512494
Wind,9.155373032169747,0.20371112585367324,0.7228251193512494
Wind,9.166324435318275,0.20371112585367324,0.7228251193512494
Wind,9.182751540041068,0.20442436619148951,0.7228251193512494
Wind,9.193702943189596,0.20442436619148951,0.7235383596890657
Wind,9.242984257357975,0.20442436619148951,0.7235383596890657
Wind,9.264887063655031,0.20515201542501926,0.7235383596890657
Wind,9.344284736481862,0.205879664658549,0.7235383596890657
Wind,9.374401095140314,0.20660731389207876,0.7235383596890657
Wind,9.434633812457221,0.20660731389207876,0.7235383596890657
Wind,9.456536618754278,0.20660731389207876,0.7242736683882115
Wind,9.51129363449692,0.2073426225912246,0.7242736683882115
Wind,9.535934291581109,0.20807793129037044,0.7242736683882115
Wind,9.568788501026694,0.20881323998951629,0.7242736683882115
Wind,9.582477754962355,0.20954854868866213,0.7242736683882115
Wind,9.598904859685147,0.20954854868866213,0.7242736683882115
Wind,9.620807665982204,0.210292119283304,0.7242736683882115
Wind,9.623545516769337,0.210292119283304,0.7250172389828533
Wind,9.645448323066393,0.210292119283304,0.7250172389828533
Wind,9.653661875427789,0.210292119283304,0.7250172389828533
Wind,9.664613278576317,0.210292119283304,0.7250172389828533
Wind,9.672826830937714,0.210292119283304,0.7257966443049478
Wind,9.713894592744696,0.210292119283304,0.7257966443049478
Wind,9.749486652977414,0.210292119283304,0.7257966443049478
Wind,9.752224503764545,0.210292119283304,0.7257966443049478
Wind,9.754962354551678,0.210292119283304,0.7257966443049478
Wind,9.77138945927447,0.21111149410909563,0.7257966443049478
Wind,9.776865160848734,0.21111149410909563,0.7266160191307395
Wind,9.801505817932922,0.21193086893488727,0.7266160191307395
Wind,9.809719370294319,0.21193086893488727,0.7266160191307395
Wind,9.900068446269678,0.21193086893488727,0.7274464665893121
Wind,9.924709103353868,0.21193086893488727,0.7282769140478847
Wind,10.050650239561945,0.21193086893488727,0.7291073615064574
Wind,10.102669404517453,0.21193086893488727,0.7291073615064574
Wind,10.130047912388775,0.21277317992858233,0.7291073615064574
Wind,10.198494182067078,0.21361549092227738,0.7291073615064574
Wind,10.220396988364135,0.21361549092227738,0.7299496725001524
Wind,10.231348391512663,0.21361549092227738,0.7307919834938474
Wind,10.234086242299794,0.21361549092227738,0.7307919834938474
Wind,10.297056810403832,0.21361549092227738,0.7307919834938474
Wind,10.360027378507871,0.21361549092227738,0.7316606167060955
Wind,10.376454483230663,0.21448412413452542,0.7316606167060955
Wind,10.390143737166325,0.21448412413452542,0.7325292499183436
Wind,10.496919917864476,0.21448412413452542,0.7333978831305916
Wind,10.57905544147844,0.21448412413452542,0.7342665163428397
Wind,10.600958247775496,0.21448412413452542,0.7351351495550877
Wind,10.622861054072553,0.21448412413452542,0.7351351495550877
Wind,10.642026009582478,0.21448412413452542,0.7351351495550877
Wind,10.67214236824093,0.21448412413452542,0.7351351495550877
Wind,10.674880219028063,0.21448412413452542,0.7360511627607311
Wind,10.694045174537989,0.21448412413452542,0.7360511627607311
Wind,10.718685831622176,0.21448412413452542,0.7360511627607311
Wind,10.735112936344969,0.21448412413452542,0.7370024072435146
Wind,10.910335386721425,0.21543536861730894,0.7370024072435146
Wind,10.921286789869953,0.21638661310009247,0.7370024072435146
Wind,10.962354551676933,0.21638661310009247,0.7370024072435146
Wind,11.003422313483915,0.21638661310009247,0.7370024072435146
Wind,11.080082135523615,0.21638661310009247,0.7379941302149272
Wind,11.134839151266256,0.21638661310009247,0.7389858531863398
Wind,11.211498973305956,0.21638661310009247,0.7399775761577524
Wind,11.249828884325805,0.21638661310009247,0.740969299129165
Wind,11.367556468172484,0.21638661310009247,0.740969299129165
Wind,11.392197125256674,0.21740194852320538,0.740969299129165
Wind,11.441478439425051,0.2184172839463183,0.740969299129165
Wind,11.463381245722108,0.2194326193694312,0.740969299129165
Wind,11.477070499657769,0.2194326193694312,0.7419846345522779
Wind,11.482546201232033,0.2194326193694312,0.7429999699753909
Wind,11.526351813826146,0.2194326193694312,0.7440153053985038
Wind,11.709787816563997,0.22044795479254412,0.7440153053985038
Wind,11.797399041752225,0.22146329021565703,0.7440153053985038
Wind,11.890485968514716,0.22146329021565703,0.7440153053985038
Wind,12.008213552361397,0.22146329021565703,0.745061408561711
Wind,12.016427104722792,0.22146329021565703,0.7461075117249182
Wind,12.019164955509925,0.22146329021565703,0.7471536148881254
Wind,12.093086926762492,0.22146329021565703,0.7471536148881254
Wind,12.128678986995208,0.22254546590173346,0.7471536148881254
Wind,12.251882272416154,0.22254546590173346,0.7471536148881254
Wind,12.265571526351813,0.22254546590173346,0.748365651656531
Wind,12.402464065708418,0.22375750267013908,0.748365651656531
Wind,12.553045859000685,0.22375750267013908,0.748365651656531
Wind,12.752908966461328,0.22502463201892678,0.748365651656531
Wind,12.761122518822724,0.22502463201892678,0.7496327810053187
Wind,12.766598220396988,0.22502463201892678,0.7508999103541064
Wind,12.818617385352498,0.22502463201892678,0.7521670397028941
Wind,12.826830937713895,0.22629176136771448,0.7521670397028941
Wind,12.85968514715948,0.22629176136771448,0.7547012984004695
Wind,13.650924024640657,0.22755889071650218,0.7547012984004695
Wind,14.52703627652293,0.22882602006528988,0.7547012984004695
Wind,14.715947980835045,0.23009314941407757,0.7547012984004695
Wind,14.754277891854894,0.23009314941407757,0.7547012984004695
Wind,15.06091718001369,0.23161370463262282,0.7547012984004695
Wind,15.154004106776181,0.23313425985116806,0.7547012984004695
Wind,15.446954140999315,0.23313425985116806,0.7562218536190147
Wind,15.548254620123203,0.23313425985116806,0.7562218536190147
Wind,16.073921971252567,0.23490824093947082,0.7562218536190147
Wind,16.50924024640657,0.23490824093947082,0.7562218536190147
Wind,18.146475017111566,0.2371257172998493,0.7562218536190147
Wind,19.449691991786448,0.2371257172998493,0.7562218536190147
Wind,19.704312114989733,0.2371257172998493,0.7562218536190147
Wind,24.854209445585216,0.2371257172998493,0.7562218536190147
