years,cif_built,cif_withdrawn,naive_km_built,at_risk
0.0027378507871321013,0.00014935032608154528,0.00014935032608154528,0.0001493503260815432,20087
0.0054757015742642025,0.00014935032608154528,0.00019913376810872703,0.0001493503260815432,20081
0.008213552361396304,0.00019913376810872706,0.0007965350724349082,0.0001991436851289663,20080
0.010951403148528405,0.0002489172101359088,0.0012445860506795441,0.0002489668204413986,20067
0.013689253935660506,0.00029870065216309056,0.0020411211231144526,0.0002988123124481046,20057
0.01642710472279261,0.00029870065216309056,0.003036789963658088,0.0002988123124481046,20040
0.019164955509924708,0.00029870065216309056,0.00393289192014736,0.0002988123124481046,20020
0.02190280629705681,0.00029870065216309056,0.004281376014337633,0.0002988123124481046,20002
0.024640657084188913,0.00029870065216309056,0.004380977767723014,0.0002988123124481046,19988
0.02737850787132101,0.00029870065216309056,0.004729601347961233,0.0002988123124481046,19985
0.030116358658453114,0.00029870065216309056,0.005028421559593992,0.0002988123124481046,19978
0.03285420944558522,0.00029870065216309056,0.005277438402621291,0.0002988123124481046,19972
0.03559206023271732,0.00029870065216309056,0.00587516863360419,0.0002988123124481046,19964
0.038329911019849415,0.0003485115047449988,0.0059747903387680065,0.0003489176245816683,19952
0.04106776180698152,0.0003485115047449988,0.006323606189883568,0.0003489176245816683,19941
0.04380561259411362,0.0003485115047449988,0.006622606204624562,0.0003489176245816683,19933
0.04654346338124572,0.0003485115047449988,0.007220606234106549,0.0003489176245816683,19927
0.049281314168377825,0.0003485115047449988,0.007918272935168868,0.0003489176245816683,19915
0.05201916495550993,0.0003485115047449988,0.008865106315182015,0.0003489176245816683,19901
0.05475701574264202,0.0003485115047449988,0.009861773030985328,0.0003489176245816683,19882
0.057494866529774126,0.0003485115047449988,0.011007939754159137,0.0003489176245816683,19862
0.06023271731690623,0.00039834484053516444,0.012602606499444438,0.00039930580354108347,19839
0.06297056810403832,0.00039834484053516444,0.013350106536296922,0.00039930580354108347,19806
0.06570841889117043,0.0004481781763253301,0.013698939886828082,0.00044981364519613987,19791
0.06844626967830253,0.0005478448479056613,0.01429693991631007,0.0005508650718103469,19783
0.07118412046543464,0.0005976781836958269,0.014496273259470732,0.0006014214547800378,19769
0.07392197125256673,0.0005976781836958269,0.015293606632113382,0.0006014214547800378,19764
0.07665982203969883,0.0005976781836958269,0.01619060667633636,0.0006014214547800378,19748
0.07939767282683094,0.0005976781836958269,0.016838440041608515,0.0006014214547800378,19730
0.08213552361396304,0.0006475317471325662,0.017287122112539167,0.0006521291811256713,19709
0.08487337440109514,0.0006475317471325662,0.018184668506574502,0.0006521291811256713,19695
0.08761122518822724,0.0006973954356900848,0.018832896457822244,0.0007029167946246417,19677
0.09034907597535935,0.0007472591242476033,0.019530988097627502,0.0007537379858572058,19663
0.09308692676249145,0.0007472591242476033,0.020129352360317727,0.0007537379858572058,19648
0.09582477754962354,0.0007472591242476033,0.021276217197140655,0.0007537379858572058,19636
0.09856262833675565,0.0007472591242476033,0.02172499039415832,0.0007537379858572058,19613
0.10130047912388775,0.0007971228128051219,0.021974308836945913,0.0008047095356437106,19604
0.10403832991101986,0.0007971228128051219,0.02222367817662904,0.0008047095356437106,19594
0.10677618069815195,0.0007971228128051219,0.022872038459805177,0.0008047095356437106,19589
0.10951403148528405,0.0007971228128051219,0.023121407799488305,0.0008047095356437106,19576
0.11225188227241616,0.0007971228128051219,0.023520398742981313,0.0008047095356437106,19571
0.11498973305954825,0.0007971228128051219,0.02376978083030475,0.0008047095356437106,19562
0.11772758384668036,0.000847001780710465,0.024168812573547496,0.0008558035881321979,19556
0.12046543463381246,0.000847001780710465,0.024717565441031285,0.0008558035881321979,19544
0.12320328542094455,0.0009467750293438811,0.025266318308515074,0.0009581067874780969,19533
0.12594113620807665,0.0009467750293438811,0.02536609155714849,0.0009581067874780969,19520
0.12867898699520877,0.0009966616536605892,0.025565638054415325,0.001009292456768618,19518
0.13141683778234087,0.0010465482779772972,0.026064504297582405,0.001060488618688571,19513
0.13415468856947296,0.0010465482779772972,0.027012398764587397,0.001060488618688571,19501
0.13689253935660506,0.0010465482779772972,0.027511290589326866,0.001060488618688571,19482
0.13963039014373715,0.0010964374604512442,0.027710847319222656,0.0011117899493880978,19472
0.14236824093086928,0.0010964374604512442,0.028010197791395776,0.0011117899493880978,19466
0.14510609171800137,0.001146329205813431,0.02900803269863951,0.001163120278784291,19460
0.14784394250513347,0.001146329205813431,0.02915770793472607,0.001163120278784291,19439
0.15058179329226556,0.0011962209511756177,0.02970651713371012,0.0012145113510070304,19436
0.15331964407939766,0.0011962209511756177,0.030604661027978066,0.0012145113510070304,19422
0.15605749486652978,0.0011962209511756177,0.031353616046817356,0.0012145113510070304,19391
0.15879534565366188,0.0011962209511756177,0.0319028780748443,0.0012145113510070304,19375
0.16153319644079397,0.0011962209511756177,0.032402207191232435,0.0012145113510070304,19364
0.16427104722792607,0.0011962209511756177,0.032851603395981754,0.0012145113510070304,19354
0.16700889801505817,0.0012461538628144309,0.03310126795417582,0.001266141513252994,19345
0.1697467488021903,0.00184534880248019,0.03355066415892514,0.0018858636447924848,19339
0.17248459958932238,0.00184534880248019,0.03434959074514615,0.0018858636447924848,19318
0.17522245037645448,0.00184534880248019,0.03464918821497903,0.0018858636447924848,19302
0.17796030116358658,0.00184534880248019,0.03509858441972835,0.0018858636447924848,19296
0.1806981519507187,0.00184534880248019,0.03539825957794154,0.0018858636447924848,19282
0.1834360027378508,0.00184534880248019,0.035897718174963525,0.0018858636447924848,19276
0.1861738535249829,0.00184534880248019,0.03609752235540841,0.0018858636447924848,19264
0.188911704312115,0.00184534880248019,0.036447179671186956,0.0018858636447924848,19260
0.19164955509924708,0.0019452716526569612,0.036946793922070814,0.0019895692021051348,19249
0.1943874058863792,0.0019452716526569612,0.037396540264806086,0.0019895692021051348,19233
0.1971252566735113,0.0019452716526569612,0.03754652593039274,0.0019895692021051348,19215
0.1998631074606434,0.001995269476946012,0.037996506348994194,0.002041519149052151,19211
0.2026009582477755,0.001995269476946012,0.0388964671861971,0.002041519149052151,19201
0.2053388090349076,0.0020452673012350624,0.03924645195622046,0.0020935422153530725,19183
0.2080766598220397,0.0020452673012350624,0.03974648235352007,0.0020935422153530725,19173
0.2108145106091718,0.0020952703409650233,0.04049652794946949,0.002145616862213373,19163
0.2135523613963039,0.0020952703409650233,0.041446635326074614,0.002145616862213373,19146
0.216290212183436,0.002145275992365293,0.04214671444567839,0.002197786799115975,19127
0.2190280629705681,0.002145275992365293,0.04254675965688055,0.002197786799115975,19112
0.22176591375770022,0.002145275992365293,0.04314682747368379,0.002197786799115975,19104
0.2245037645448323,0.002145275992365293,0.04409693485028892,0.002197786799115975,19092
0.2272416153319644,0.002145275992365293,0.04464702585703865,0.002197786799115975,19072
0.2299794661190965,0.002145275992365293,0.04539718931308581,0.002197786799115975,19060
0.2327173169062286,0.002195286889435104,0.046197363666202786,0.0022501786191843065,19045
0.23545516769336072,0.002195286889435104,0.04689854802895126,0.0022501786191843065,19000
0.23819301848049282,0.002195286889435104,0.04694871189079351,0.0022501786191843065,18956
0.24093086926762491,0.002195286889435104,0.04760084209474271,0.0022501786191843065,18955
0.243668720054757,0.0022956252073882003,0.047901857048602,0.0023555376288337815,18940
0.2464065708418891,0.0023458314933457016,0.04820309476434701,0.002408272826125768,18918
0.24914442162902123,0.0023960882726037106,0.04930874390802321,0.0024610778085084606,18892
0.2518822724161533,0.0024463690344180993,0.04976127076435271,0.002513969585931086,18860
0.2546201232032854,0.0024463690344180993,0.05021394170692388,0.002513969585931086,18844
0.25735797399041754,0.0024966871780022423,0.050666804999181164,0.0025669512628002655,18827
0.2600958247775496,0.0024966871780022423,0.051069350147854305,0.0025669512628002655,18817
0.26283367556468173,0.0024966871780022423,0.05137125900935916,0.0025669512628002655,18809
0.2655715263518138,0.0024966871780022423,0.051874493972293385,0.0025669512628002655,18801
0.2683093771389459,0.0024966871780022423,0.0522771462264342,0.0025669512628002655,18788
0.27104722792607805,0.0024966871780022423,0.05262952323906502,0.0025669512628002655,18777
0.2737850787132101,0.0024966871780022423,0.05323366249071652,0.0025669512628002655,18768
0.27652292950034224,0.0024966871780022423,0.05348561554326235,0.0025669512628002655,18739
0.2792607802874743,0.0025470777885114094,0.05363678737478985,0.0026201931251221833,18734
0.28199863107460643,0.0025974683990205765,0.053939131037844854,0.0026734435152382385,18730
0.28473648186173856,0.0026478724699984125,0.05419115139273403,0.002726725198991087,18718
0.2874743326488706,0.0026478724699984125,0.05464483652289092,0.002726725198991087,18710
0.29021218343600275,0.0026478724699984125,0.055249814729858425,0.002726725198991087,18699
0.2929500342231348,0.0026478724699984125,0.05550192945711173,0.002726725198991087,18684
0.29568788501026694,0.0026478724699984125,0.055804483327356796,0.002726725198991087,18678
0.29842573579739906,0.0028495750501617897,0.05605661155256102,0.002940365574912396,18672
0.30116358658453113,0.0028495750501617897,0.056157462842642704,0.002940365574912396,18663
0.30390143737166325,0.0028495750501617897,0.056409604579541736,0.002940365574912396,18660
0.3066392881587953,0.0028495750501617897,0.056661800392197974,0.002940365574912396,18651
0.30937713894592744,0.0029000223292776853,0.05681314222954566,0.0029938472910753244,18643
0.31211498973305957,0.0029000223292776853,0.05731775038423127,0.0029938472910753244,18634
0.31485284052019163,0.0029000223292776853,0.057469140959426436,0.0029938472910753244,18623
0.31759069130732376,0.0029000223292776853,0.05792331268501192,0.0029938472910753244,18620
0.3203285420944558,0.0029000223292776853,0.05822609383540224,0.0029938472910753244,18611
0.32306639288158795,0.0029000223292776853,0.05873075621114687,0.0029938472910753244,18604
0.3258042436687201,0.0029504912811122237,0.059437321536830415,0.0030474699529754457,18593
0.32854209445585214,0.0029504912811122237,0.05979062321687964,0.0030474699529754457,18577
0.33127994524298426,0.0029504912811122237,0.060143981982351394,0.0030474699529754457,18567
0.33401779603011633,0.003000971104751046,0.060648780218739616,0.0031011850677409303,18560
0.33675564681724846,0.003000971104751046,0.06095169182126612,0.0031011850677409303,18547
0.3394934976043806,0.003000971104751046,0.06186042662884563,0.0031011850677409303,18541
0.34223134839151265,0.0031524350830902754,0.06246628254220255,0.0032626523199166257,18522
0.34496919917864477,0.0031524350830902754,0.06337526287418897,0.0032626523199166257,18503
0.34770704996577684,0.0031524350830902754,0.06367828910436028,0.0032626523199166257,18483
0.35044490075290896,0.003202964067052402,0.06398146300813304,0.003316623369715277,18468
0.3531827515400411,0.003253495788229261,0.06428465333519419,0.0033706148852423734,18460
0.35592060232717315,0.003253495788229261,0.06468890710460906,0.0033706148852423734,18453
0.3586584531143053,0.003253495788229261,0.06504262915284707,0.0033706148852423734,18445
0.3613963039014374,0.003253495788229261,0.065497488652469,0.0033706148852423734,18435
0.36413415468856947,0.003304046706455257,0.06635685426231094,0.0034247148410080364,18422
0.3668720054757016,0.0033546003715659036,0.06660962258786418,0.0034788677120159983,18403
0.36960985626283366,0.0034051622818105794,0.06706467978006626,0.003533044135430541,18394
0.3723477070499658,0.0034557489570725183,0.0673681998316379,0.0035872736296272967,18375
0.3750855578370979,0.0035569223075963955,0.06757054653268565,0.0036957680466972453,18368
0.37782340862423,0.0036075089828583344,0.06817758663582892,0.0037500270725089324,18362
0.3805612594113621,0.0036075089828583344,0.06878462673897218,0.0037500270725089324,18349
0.38329911019849416,0.0036075089828583344,0.06939166684211544,0.0037500270725089324,18337
0.3860369609856263,0.003658117751989471,0.0697459282260334,0.003804416436101632,18317
0.3887748117727584,0.003708732050018748,0.0699483854181505,0.003858832538333856,18307
0.3915126625598905,0.003759351879665296,0.07035334405532288,0.003913266481911037,18300
0.3942505133470226,0.003809971709311844,0.07065706303320217,0.003967724233456593,18291
0.39698836413415467,0.003809971709311844,0.0711126415000211,0.003967724233456593,18284
0.3997262149212868,0.003809971709311844,0.07156821996684003,0.003967724233456593,18275
0.4024640657084189,0.003809971709311844,0.07263135279507046,0.003967724233456593,18264
0.405201916495551,0.003809971709311844,0.07334154841502755,0.003967724233456593,18206
0.4079397672826831,0.003809971709311844,0.07364591796643773,0.003967724233456593,18192
0.4106776180698152,0.003809971709311844,0.07425465706925809,0.003967724233456593,18186
0.4134154688569473,0.003809971709311844,0.07466048313780499,0.003967724233456593,18174
0.4161533196440794,0.0038606999678802074,0.07537067875776207,0.004022553710268606,18166
0.4188911704312115,0.003911428226448571,0.07618233089485588,0.004077425477459928,18151
0.4216290212183436,0.003962162080456882,0.07750141109907197,0.004132351716954918,18132
0.4243668720054757,0.0040128959344651926,0.07831315276320494,0.004187356834230993,18105
0.4271047227926078,0.0040128959344651926,0.07902421294242969,0.004187356834230993,18068
0.42984257357973993,0.0040128959344651926,0.07937984152228794,0.004187356834230993,18049
0.432580424366872,0.004063700017302087,0.07988788235065689,0.004242550972528569,18042
0.4353182751540041,0.004063700017302087,0.08034511909618894,0.004242550972528569,18031
0.4380561259411362,0.004063700017302087,0.08136125713612735,0.004242550972528569,18021
0.4407939767282683,0.004114509741904674,0.08212340300516616,0.004297870830807904,18000
0.44353182751540043,0.004114509741904674,0.08263150025119204,0.004297870830807904,17984
0.4462696783025325,0.004114509741904674,0.0828855771458078,0.004297870830807904,17972
0.4490075290896646,0.004165327949247003,0.08339375921923109,0.004353292300760536,17966
0.4517453798767967,0.004165327949247003,0.0841052141220237,0.004353292300760536,17955
0.4544832306639288,0.004216146156589332,0.08446094157342,0.004408787909015333,17941
0.45722108145106094,0.004317788239153462,0.08522325719265098,0.004519828642016721,17932
0.459958932238193,0.004317788239153462,0.08664632578302216,0.004519828642016721,17914
0.46269678302532513,0.004317788239153462,0.08710379184060438,0.004519828642016721,17884
0.4654346338124572,0.004368617801107042,0.0878154057079545,0.004575519840414266,17875
0.4681724845995893,0.004368617801107042,0.0885270992722323,0.004575519840414266,17858
0.47091033538672145,0.004419453055698314,0.09152637929311735,0.004631304668936909,17844
0.4736481861738535,0.004521123564880858,0.09249224913035152,0.004743244468231933,17784
0.47638603696098564,0.004521123564880858,0.09289897696202981,0.004743244468231933,17761
0.4791238877481177,0.004521123564880858,0.09386495556226575,0.004743244468231933,17753
0.48186173853524983,0.004521123564880858,0.09508513905730062,0.004743244468231933,17734
0.48459958932238195,0.004521123564880858,0.09635623530409296,0.004743244468231933,17709
0.487337440109514,0.004521123564880858,0.0971701971835824,0.004743244468231933,17674
0.49007529089664614,0.004521123564880858,0.09823852215041229,0.004743244468231933,17658
0.4928131416837782,0.0045719961823489485,0.10068040778888061,0.004799674516172803,17637
0.49555099247091033,0.004622868799817039,0.10139262443343387,0.004856258569247873,17588
0.49828884325804246,0.004622868799817039,0.10246107100119335,0.004856258569247873,17571
0.5010266940451745,0.004622868799817039,0.10307164668769332,0.004856258569247873,17549
0.5037645448323066,0.004622868799817039,0.10327518352266424,0.004856258569247873,17536
0.5065023956194388,0.004622868799817039,0.10363139330155549,0.004856258569247873,17531
0.5092402464065708,0.004622868799817039,0.10393671596917657,0.004856258569247873,17524
0.5119780971937029,0.004724643022357398,0.10419115152552746,0.0049698724225907265,17518
0.5147159479808351,0.004724643022357398,0.10480179686076962,0.0049698724225907265,17511
0.5174537987679672,0.004775530133627577,0.10566687775236268,0.005026734536287436,17499
0.5201916495550992,0.004826417244897756,0.1078550235369804,0.005083651947503265,17481
0.5229295003422314,0.004826417244897756,0.10958528454944978,0.005083651947503265,17436
0.5256673511293635,0.004877307274676267,0.11065397517479852,0.0051408244764110655,17402
0.5284052019164955,0.004877307274676267,0.11207889600859684,0.0051408244764110655,17380
0.5311430527036276,0.004877307274676267,0.11289313648505302,0.0051408244764110655,17352
0.5338809034907598,0.004877307274676267,0.11319847666372408,0.0051408244764110655,17336
0.5366187542778919,0.004928253159724017,0.11401361082448808,0.005198294245663204,17311
0.5393566050650239,0.004928253159724017,0.11426836971183939,0.005198294245663204,17292
0.5420944558521561,0.004928253159724017,0.11503269058751488,0.005198294245663204,17286
0.5448323066392882,0.004928253159724017,0.11544037559822899,0.005198294245663204,17269
0.5475701574264202,0.004928253159724017,0.1163067062459965,0.005198294245663204,17261
0.5503080082135524,0.004928253159724017,0.11686727313572841,0.005198294245663204,17244
0.5530458590006845,0.004928253159724017,0.11717310788192536,0.005198294245663204,17229
0.5557837097878165,0.004928253159724017,0.11814192208534109,0.005198294245663204,17217
0.5585215605749486,0.004928253159724017,0.11860088745070481,0.005198294245663204,17196
0.5612594113620808,0.004979249311431096,0.11926383742289684,0.0052561753014468415,17187
0.5639972621492129,0.004979249311431096,0.11977382863723744,0.0052561753014468415,17172
0.5667351129363449,0.005030248432865155,0.12002882424440774,0.005314137300322153,17162
0.5694729637234771,0.005030248432865155,0.12038581809444615,0.005314137300322153,17156
0.5722108145106092,0.005081250528355749,0.12084483695386149,0.005372143240530924,17148
0.5749486652977412,0.005081250528355749,0.12155940832759865,0.005372143240530924,17125
0.5776865160848734,0.005081250528355749,0.12232502051374561,0.005372143240530924,17111
0.5804243668720055,0.005081250528355749,0.12242712005495639,0.005372143240530924,17093
0.5831622176591376,0.005081250528355749,0.12268236890798333,0.005372143240530924,17091
0.5859000684462696,0.005183350069566525,0.12339706569645877,0.005488569303595314,17086
0.5886379192334018,0.005183350069566525,0.12375441409069649,0.005488569303595314,17070
0.5913757700205339,0.005183350069566525,0.1241117624849342,0.005488569303595314,17063
0.5941136208076659,0.005183350069566525,0.12472443157425905,0.005488569303595314,17054
0.5968514715947981,0.005183350069566525,0.12574554672313382,0.005488569303595314,17042
0.5995893223819302,0.005183350069566525,0.12610312608729365,0.005488569303595314,17013
0.6023271731690623,0.005183350069566525,0.12640962268514494,0.005488569303595314,17006
0.6050650239561944,0.005183350069566525,0.1269204503482304,0.005488569303595314,17000
0.6078028747433265,0.005183350069566525,0.1275845263102415,0.005488569303595314,16990
0.6105407255304586,0.005336607395842478,0.1278399551873681,0.005664319438614784,16976
0.6132785763175906,0.005336607395842478,0.12809541417517217,0.005664319438614784,16966
0.6160164271047228,0.005387705218734688,0.12855529458120207,0.005722951178726898,16959
0.6187542778918549,0.005387705218734688,0.12855529458120207,0.005722951178726898,16947
0.621492128678987,0.0054388151036683,0.12916861320040543,0.0057816279004042626,16945
0.6242299794661191,0.0054388151036683,0.1294752725100071,0.0057816279004042626,16932
0.6269678302532512,0.0054388151036683,0.12967971204974155,0.0057816279004042626,16926
0.6297056810403833,0.0054388151036683,0.13019081089907766,0.0057816279004042626,16922
0.6324435318275154,0.00554105905611652,0.13034417682774999,0.0058992312091455945,16908
0.6351813826146475,0.00554105905611652,0.13090655183693692,0.0058992312091455945,16902
0.6379192334017796,0.005643315111665004,0.13121332000358238,0.006016945924218531,16890
0.6406570841889117,0.005643315111665004,0.1317246305686465,0.006016945924218531,16881
0.6433949349760438,0.005694446168171417,0.1320825479641914,0.006075862589150938,16871
0.6461327857631759,0.005694446168171417,0.13238933430322986,0.006075862589150938,16863
0.648870636550308,0.00584784843790242,0.13269613884269185,0.0062527593862695685,16856
0.6516084873374401,0.005950116617723089,0.13315634565188486,0.006370732585131544,16847
0.6543463381245722,0.005950116617723089,0.13346318664192777,0.006370732585131544,16834
0.6570841889117043,0.006001256782730241,0.1341791489520279,0.006429778774067474,16828
0.6598220396988365,0.006052403031868617,0.13448602644685814,0.006488881160673032,16811
0.6625598904859685,0.006154695530145369,0.13489519643996514,0.006607128139825558,16804
0.6652977412731006,0.006154695530145369,0.13535551268221052,0.006607128139825558,16794
0.6680355920602327,0.006205844826605548,0.1356624084609716,0.006666315036385373,16784
0.6707734428473648,0.0063081556160794585,0.1360204962241303,0.006784745281984583,16775
0.6735112936344969,0.0063081556160794585,0.13632748352288104,0.006784745281984583,16763
0.676249144421629,0.0063081556160794585,0.13678815691080637,0.006784745281984583,16750
0.6789869952087612,0.006359341548071162,0.1370440865707649,0.006844073593000544,16741
0.6817248459958932,0.006359341548071162,0.13817017707458237,0.006844073593000544,16735
0.6844626967830253,0.00646171341205457,0.1382213630065741,0.006962921905859565,16713
0.6872005475701575,0.00646171341205457,0.13939969719299947,0.006962921905859565,16695
0.6899383983572895,0.00646171341205457,0.14021940793138232,0.006962921905859565,16672
0.6926762491444216,0.0065129453332034995,0.14098788674861626,0.007022542287589584,16656
0.6954140999315537,0.0066154153335542636,0.14129529674966856,0.007141897712520384,16639
0.6981519507186859,0.006769333196255993,0.14185966224624158,0.007321243467991456,16608
0.7008898015058179,0.006820642242513903,0.14211620747753112,0.0073810686205577625,16593
0.70362765229295,0.006820642242513903,0.14257798889385231,0.0073810686205577625,16587
0.7063655030800822,0.006820642242513903,0.14288584317139977,0.0073810686205577625,16578
0.7091033538672142,0.006974653022188977,0.14386124477600856,0.007560858320137531,16563
0.7118412046543463,0.006974653022188977,0.1444260192559783,0.007560858320137531,16539
0.7145790554414785,0.006974653022188977,0.14488810746686265,0.007560858320137531,16528
0.7173169062286106,0.006974653022188977,0.14540160098233817,0.007560858320137531,16517
0.7200547570157426,0.007026002373736531,0.14606914255245637,0.007620980640467123,16507
0.7227926078028748,0.007077351725284085,0.14689073217721724,0.007681150350002053,16493
0.7255304585900069,0.007077351725284085,0.1473529324470289,0.007681150350002053,16474
0.7282683093771389,0.0071287197901542445,0.14817482148495145,0.007741433373490869,16461
0.731006160164271,0.007231493419394407,0.14868868963115225,0.007862160781524241,16438
0.7337440109514032,0.0072829209352019645,0.14940867485245807,0.007922609074902609,16413
0.7364818617385352,0.0072829209352019645,0.1497173905586981,0.007922609074902609,16390
0.7392197125256673,0.007334379834512556,0.15028343845111458,0.007983168065924806,16382
0.7419575633127995,0.007334379834512556,0.15084948634353107,0.007983168065924806,16370
0.7446954140999316,0.007385848172359337,0.15172444808692634,0.008043819620824233,16356
0.7474332648870636,0.0074373354184860034,0.152702705763333,0.008104556589987766,16332
0.7501711156741958,0.0074373354184860034,0.1531147047620174,0.008104556589987766,16308
0.7529089664613279,0.007540423710248191,0.1541971318255204,0.00822636617409811,16286
0.75564681724846,0.007643524681217286,0.15435178328197402,0.008348348048992205,16261
0.758384668035592,0.007643524681217286,0.15491883862230404,0.008348348048992205,16256
0.7611225188227242,0.007695075166701834,0.15569209590457225,0.008409391548650613,16245
0.7638603696098563,0.007746628828824629,0.15780579605160686,0.008470495234160325,16228
0.7665982203969883,0.008674709423989744,0.15852763651451304,0.009573283857849502,16184
0.7693360711841205,0.008777835874867274,0.15981671715048218,0.009695929726977304,16151
0.7720739219712526,0.008880987915434848,0.1601261732721849,0.009818796236936711,16120
0.7748117727583846,0.008984280996704255,0.16074593175980134,0.009941876560586538,16090
0.7775496235455168,0.008984280996704255,0.16090087138170545,0.009941876560586538,16076
0.7802874743326489,0.008984280996704255,0.16146898332868717,0.009941876560586538,16073
0.783025325119781,0.009035930752988086,0.16208878040409314,0.010003520177013892,16061
0.785763175906913,0.009035930752988086,0.16245032869807996,0.010003520177013892,16048
0.7885010266940452,0.009139236705674986,0.16327677631957516,0.010126961134597878,16040
0.7912388774811773,0.009190892906097852,0.1633800887204209,0.010188747105440266,16021
0.7939767282683093,0.009190892906097852,0.1641034561649837,0.010188747105440266,16014
0.7967145790554415,0.009242562009280909,0.16467181629999733,0.010250610308746189,16000
0.7994524298425736,0.009294231112463965,0.16549852195092624,0.010312516074926448,15988
0.8021902806297057,0.009397614631248306,0.1661188230636323,0.010436505987720834,15964
0.8049281314168378,0.009604420566485057,0.16673924086934255,0.010684719067049153,15947
0.8076659822039699,0.009656144777648343,0.16710131034748557,0.010746846376828989,15924
0.810403832991102,0.009707891747594592,0.1672565512573243,0.010809028358953698,15909
0.813141683778234,0.009759661502091704,0.16746363027531275,0.010871249454163179,15898
0.8158795345653662,0.009863201011085928,0.16787778831128963,0.010995722964582288,15893
0.8186173853524983,0.009863201011085928,0.1681366370837752,0.010995722964582288,15883
0.8213552361396304,0.009966773135058098,0.1684473534556917,0.011120337628103494,15873
0.8240930869267625,0.009966773135058098,0.16969076756603488,0.011120337628103494,15858
0.8268309377138946,0.009966773135058098,0.17062368165924818,0.011120337628103494,15828
0.8295687885010267,0.009966773135058098,0.17124605741356608,0.011120337628103494,15799
0.8323066392881588,0.01001867065483064,0.17155744253220132,0.011183016189450501,15777
0.8350444900752909,0.010070568174603181,0.17223211028924434,0.011245718598062449,15770
0.837782340862423,0.010701021005394355,0.17238972349694215,0.012008058059436277,15564
0.840520191649555,0.010701021005394355,0.1729678988804497,0.012008058059436277,15542
0.8432580424366872,0.010806164112055117,0.17359875752041426,0.012135311014348726,15528
0.8459958932238193,0.010806164112055117,0.17386175090309436,0.012135311014348726,15506
0.8487337440109514,0.010858854566041472,0.17428327453498518,0.012199151307032308,15474
0.8514715947980835,0.010964242288609885,0.1752844578993851,0.012326906202103749,15464
0.8542094455852156,0.010964242288609885,0.1762329474025008,0.012326906202103749,15443
0.8569472963723477,0.010964242288609885,0.17675988601534287,0.012326906202103749,15425
0.8596851471594799,0.011069712115487252,0.17718176532285235,0.012455150452418295,15403
0.8624229979466119,0.011175298551824617,0.17871276864974414,0.01258360321640728,15376
0.865160848733744,0.011175298551824617,0.17976897716708237,0.01258360321640728,15340
0.8678986995208761,0.011175298551824617,0.18061471685011501,0.01258360321640728,15306
0.8706365503080082,0.011281016012203696,0.18109044542182087,0.012712761672494133,15290
0.8733744010951403,0.011333874742393236,0.1815133152633372,0.012777378940530548,15279
0.8761122518822724,0.011386736934415914,0.1817776262234506,0.012842034295894922,15269
0.8788501026694046,0.011439696280450842,0.1819894636075903,0.01290682969896051,15235
0.8815879534565366,0.011545670638631366,0.18273128411485395,0.01303652266575872,15222
0.8843258042436687,0.011545670638631366,0.18331448826683866,0.01303652266575872,15197
0.8870636550308009,0.011545670638631366,0.18426913665230085,0.01303652266575872,15181
0.8898015058179329,0.011598724154445395,0.18474661829462713,0.013101634387445937,15158
0.892539356605065,0.011598724154445395,0.18538330251530521,0.013101634387445937,15147
0.8952772073921971,0.011598724154445395,0.18554247357047474,0.013101634387445937,15135
0.8980150581793293,0.011811078529179266,0.18649806825677714,0.013362666819003888,15123
0.9007529089664613,0.011811078529179266,0.18761351965262257,0.013362666819003888,15093
0.9034907597535934,0.011811078529179266,0.18793228349965352,0.013362666819003888,15069
0.9062286105407256,0.011864258794860496,0.1885704466878283,0.013428232829980846,15048
0.9089664613278576,0.011864258794860496,0.1887834085454704,0.013428232829980846,15018
0.9117043121149897,0.011917502805561865,0.18926260464178274,0.01349394732856013,15013
0.9144421629021219,0.011917502805561865,0.18974183268024253,0.01349394732856013,15002
0.917180013689254,0.011917502805561865,0.18995496507415943,0.01349394732856013,14983
0.919917864476386,0.012024083233166897,0.19048786721218458,0.013625683464324467,14977
0.9226557152635181,0.01218397524336966,0.19075435389585585,0.013823446142237183,14963
0.9253935660506503,0.01218397524336966,0.1912882554772483,0.013823446142237183,14929
0.9281314168377823,0.01218397524336966,0.1916087038221374,0.013823446142237183,14914
0.9308692676249144,0.012237383300851178,0.19198256022450805,0.0138895969709103,14908
0.9336071184120466,0.012237383300851178,0.19240982468436021,0.0138895969709103,14900
0.9363449691991786,0.012237383300851178,0.19310417605741725,0.0138895969709103,14891
0.9390828199863107,0.012237383300851178,0.193584945482382,0.0138895969709103,14876
0.9418206707734429,0.012290802125847261,0.19417255255733892,0.013955925779885248,14867
0.944558521560575,0.012290802125847261,0.1948135784572919,0.013955925779885248,14855
0.947296372347707,0.012397639775839428,0.19508067258227232,0.014088788957709153,14843
0.9500342231348392,0.012397639775839428,0.19561486083223315,0.014088788957709153,14836
0.9527720739219713,0.012397639775839428,0.1960956302571979,0.014088788957709153,14826
0.9555099247091033,0.012451062206317759,0.1965764321315029,0.014155332640959917,14816
0.9582477754962354,0.012557907067274422,0.19732434615819952,0.014288500906171175,14806
0.9609856262833676,0.012664751928231086,0.19769830317154785,0.014421795226535528,14790
0.9637234770704997,0.012718185203701394,0.19828606920172123,0.014488487485621593,14778
0.9664613278576317,0.012718185203701394,0.19855352538666854,0.014488487485621593,14750
0.9691991786447639,0.012718185203701394,0.19914192899355262,0.014488487485621593,14745
0.971937029431896,0.012718185203701394,0.19967684136344727,0.014488487485621593,14734
0.974674880219028,0.012718185203701394,0.20010488754466077,0.014488487485621593,14720
0.9774127310061602,0.012718185203701394,0.20080046258913273,0.014488487485621593,14712
0.9801505817932923,0.012718185203701394,0.20128201454299793,0.014488487485621593,14699
0.9828884325804244,0.012718185203701394,0.20208465577138648,0.014488487485621593,14689
0.9856262833675564,0.012878713449379105,0.20288729699977504,0.014689968645328788,14674
0.9883641341546886,0.012985732279830912,0.2037434476433895,0.014824426891965614,14656
0.9911019849418207,0.013039241695056816,0.20427854179564853,0.014891729499774575,14638
0.9938398357289527,0.013146267842535182,0.2054023163441714,0.015026435950000194,14626
0.9965776865160849,0.013146267842535182,0.20641906474521587,0.015026435950000194,14603
0.999315537303217,0.013146267842535182,0.20818499617860892,0.015026435950000194,14584
1.002053388090349,0.013146267842535182,0.20898796820113627,0.015026435950000194,14546
1.0047912388774811,0.013199799310703673,0.21021919196901154,0.015094220243169976,14531
1.0075290896646132,0.013199799310703673,0.2110221639915389,0.015094220243169976,14507
1.0102669404517455,0.013199799310703673,0.21139688426871833,0.015094220243169976,14492
1.0130047912388775,0.013199799310703673,0.21193219895040324,0.015094220243169976,14485
1.0157426420260096,0.013199799310703673,0.21252124857162838,0.015094220243169976,14470
1.0184804928131417,0.013199799310703673,0.21316384815841943,0.015094220243169976,14459
1.0212183436002737,0.013199799310703673,0.21364586457744178,0.015094220243169976,14445
1.0239561943874058,0.013199799310703673,0.21407438298459813,0.015094220243169976,14434
1.0266940451745379,0.013199799310703673,0.21573489181232902,0.015094220243169976,14426
1.0294318959616702,0.013253364111598217,0.2164312342239581,0.015162640234816838,14395
1.0321697467488022,0.013253364111598217,0.21675262302932538,0.015162640234816838,14381
1.0349075975359343,0.013253364111598217,0.21745081108590403,0.015162640234816838,14337
1.0376454483230664,0.013253364111598217,0.2180953373651493,0.015162640234816838,14323
1.0403832991101984,0.01336080017261202,0.21943828812782185,0.015300293091028316,14309
1.0431211498973305,0.01336080017261202,0.22008299477630888,0.015300293091028316,14280
1.0458590006844628,0.013521988131899412,0.22040537069488367,0.015507351275701131,14267
1.0485968514715949,0.013575717451661876,0.22207097960752006,0.015576399715084288,14258
1.051334702258727,0.01362945054852942,0.22244711128559289,0.015645603483118387,14225
1.054072553045859,0.01362945054852942,0.22282329588405655,0.015645603483118387,14215
1.056810403832991,0.013736931862376183,0.22325322113944363,0.015784166883528905,14208
1.0595482546201231,0.013736931862376183,0.22341444311021377,0.015784166883528905,14198
1.0622861054072552,0.013844420748529122,0.22389814309790199,0.01592284742926886,14194
1.0650239561943875,0.013844420748529122,0.22395189133060214,0.01592284742926886,14182
1.0677618069815196,0.013844420748529122,0.22443562542490353,0.01592284742926886,14181
1.0704996577686516,0.01389817656743008,0.22454313706270546,0.015992295358172925,14170
1.0732375085557837,0.01389817656743008,0.22508069525171503,0.015992295358172925,14167
1.0759753593429158,0.01389817656743008,0.22545698598402172,0.015992295358172925,14157
1.0787132101300478,0.013951939985400716,0.22610214699966935,0.01606184636924457,14148
1.08145106091718,0.013951939985400716,0.22685488810496218,0.01606184636924457,14134
1.0841889117043122,0.014005707207207348,0.22712372421399535,0.016131530374459246,14120
1.0869267624914443,0.014167008872627243,0.22739256032302851,0.016340656448490365,14114
1.0896646132785763,0.014274543316240507,0.2277151636538683,0.016480123248937217,14106
1.0924024640657084,0.014274543316240507,0.22830660309374123,0.016480123248937217,14098
1.0951403148528405,0.014328314355115277,0.22884431348248893,0.016549945759000484,14086
1.0978781656399725,0.014328314355115277,0.22970507819350672,0.016549945759000484,14068
1.1006160164271048,0.014382112149553889,0.23002786496013838,0.01661993224165359,14052
1.103353867214237,0.014543505532869726,0.2309962252600334,0.016829981383930104,14045
1.106091718001369,0.014597303327308337,0.2313728098211037,0.01690008763169215,14024
1.108829568788501,0.014597303327308337,0.2321797767376829,0.01690008763169215,14016
1.111567419575633,0.014651112651492864,0.23244882335860553,0.016970319087069252,13998
1.1143052703627652,0.014651112651492864,0.2327178892095061,0.016970319087069252,13991
1.1170431211498972,0.014705022185060588,0.2334187131458865,0.017040731642109175,13961
1.1197809719370295,0.01475893945036493,0.23390396853362558,0.017111219936720712,13945
1.1225188227241616,0.01475893945036493,0.2341735548601473,0.017111219936720712,13935
1.1252566735112937,0.014812856715669271,0.2343353066560603,0.01718177907383933,13930
1.1279945242984257,0.014866777852949578,0.23460491234246184,0.01725235847929185,13925
1.1307323750855578,0.014920698990229886,0.23476667575430277,0.017322963238363687,13919
1.1334702258726899,0.014974620127510193,0.2349284391661437,0.017393583219446063,13915
1.136208076659822,0.015082462402070805,0.23509020257798463,0.01753485364095142,13911
1.1389459274469542,0.015082462402070805,0.23535980826438616,0.01753485364095142,13906
1.1416837782340863,0.015082462402070805,0.235683335088068,0.01753485364095142,13901
1.1444216290212184,0.015082462402070805,0.2358990196371892,0.01753485364095142,13895
1.1471594798083504,0.015082462402070805,0.23600686191174983,0.01753485364095142,13891
1.1498973305954825,0.01513638742192148,0.2360607869316005,0.017605595658978457,13888
1.1526351813826146,0.015190312441772155,0.2361147119514512,0.01767634277149044,13886
1.1553730321697468,0.015298170249970206,0.23627649866374828,0.017817857380325486,13883
1.158110882956879,0.015298170249970206,0.23638435647194633,0.017817857380325486,13878
1.160848733744011,0.015298170249970206,0.23649221428014439,0.017817857380325486,13876
1.163586584531143,0.015298170249970206,0.2369236455129366,0.017817857380325486,13874
1.1663244353182751,0.015406028058168257,0.2373550767457288,0.0179595250772272,13866
1.1690622861054072,0.015513885866366308,0.23767865017032297,0.018101274568411152,13856
1.1718001368925393,0.015513885866366308,0.23794940916675664,0.018101274568411152,13791
1.1745379876796715,0.015513885866366308,0.23870819484045608,0.018101274568411152,13774
1.1772758384668036,0.015513885866366308,0.23892499074722734,0.018101274568411152,13760
1.1800136892539357,0.015622283819751944,0.23919598563069144,0.018244033906217427,13756
1.1827515400410678,0.01573068177313758,0.23946698051415555,0.01838684516028588,13749
1.1854893908281998,0.01573068177313758,0.23957543371222073,0.01838684516028588,13735
1.1882272416153319,0.015839142869047085,0.240171969739723,0.018529812412665714,13732
1.1909650924024642,0.015947603964956588,0.24033466138358725,0.01867289429729102,13719
1.1937029431895962,0.015947603964956588,0.2404973530274515,0.01867289429729102,13714
1.1964407939767283,0.016056072971959885,0.2404973530274515,0.018816049236124344,13710
1.1991786447638604,0.016164541978963182,0.24141933958697953,0.018959204174957778,13708
1.2019164955509924,0.01621877648246483,0.24163627760098613,0.019030870534503697,13689
1.2046543463381245,0.016273026844008436,0.24185327904716056,0.01910257880420152,13680
1.2073921971252566,0.01632728117296184,0.2425043309946014,0.01917431329456243,13674
1.2101300479123889,0.01638153550191524,0.2426128396525082,0.019246110797432325,13661
1.212867898699521,0.01638153550191524,0.24277560263936843,0.019246110797432325,13658
1.215605749486653,0.016490044159822047,0.24326389159994904,0.019389758382815314,13655
1.218343600273785,0.016598552817728852,0.24348090891576266,0.01953350072254223,13644
1.2210814510609171,0.016652807146682255,0.24369792623157627,0.019605392972085967,13638
1.2238193018480492,0.016707061475635658,0.2442947238500637,0.019677306315226017,13633
1.2265571526351813,0.01676134370089453,0.24462041720161695,0.019749314739912704,13614
1.2292950034223136,0.016815625926153405,0.24483754610265243,0.019821354916679135,13607
1.2320328542094456,0.01692419037667115,0.2451089572289468,0.019965477640555562,13602
1.2347707049965777,0.01692419037667115,0.24538040828919633,0.019965477640555562,13593
1.2375085557837098,0.01692419037667115,0.24559756913739594,0.019965477640555562,13588
1.2402464065708418,0.017032770800770966,0.24565185934944586,0.02010977012029047,13584
1.242984257357974,0.017032770800770966,0.24614050723815337,0.02010977012029047,13580
1.2457221081451062,0.017087065010627355,0.24646627249729172,0.02018197483843065,13571
1.2484599589322383,0.017087065010627355,0.24657486892322877,0.02018197483843065,13563
1.2511978097193703,0.017195789715841993,0.24679231833365806,0.02032665081113816,13545
1.2539356605065024,0.01730451442105663,0.24700976774408734,0.020471369527319427,13539
1.2566735112936345,0.017413239126271268,0.24700976774408734,0.02061613101855908,13533
1.2594113620807665,0.01746760147887859,0.2474446665649459,0.020688511764178852,13531
1.2621492128678986,0.01746760147887859,0.24766211597537519,0.020688511764178852,13522
1.264887063655031,0.01752196383148591,0.24842318891187765,0.02076095676256884,13518
1.267624914442163,0.01773941324191519,0.24929298655359475,0.021051037201948897,13503
1.270362765229295,0.018011225004951788,0.24983661007966795,0.021414068041820555,13483
1.273100616016427,0.01806558735755911,0.25016278419531185,0.021486728119928578,13468
1.2758384668035592,0.018174312062773746,0.25043459595834844,0.02163211305000512,13461
1.2785763175906912,0.018283036767988384,0.25043459595834844,0.021777552010455503,13454
1.2813141683778233,0.018337399120595704,0.2506520453687777,0.02185027149068064,13452
1.2840520191649556,0.018337399120595704,0.2512500757206011,0.02185027149068064,13446
1.2867898699520877,0.018446131911836316,0.25179373967680413,0.02199588365718741,13435
1.2895277207392197,0.018446131911836316,0.25190247246804476,0.02199588365718741,13423
1.2922655715263518,0.01850049830745662,0.2523917700286275,0.02206875483789994,13421
1.2950034223134839,0.01850049830745662,0.2525548692154884,0.02206875483789994,13411
1.297741273100616,0.018554864703076924,0.2527723347979696,0.02214169123744958,13408
1.3004791238877482,0.018554864703076924,0.25326163235855237,0.02214169123744958,13403
1.3032169746748803,0.01871798824764197,0.2537510029922475,0.02236074551808631,13392
1.3059548254620124,0.018772362762496986,0.25418599911108763,0.02243381272694145,13380
1.3086926762491444,0.018826761687908616,0.25440359481273417,0.022506956474586226,13365
1.3114305270362765,0.018826761687908616,0.2547843872906156,0.022506956474586226,13360
1.3141683778234086,0.018826761687908616,0.2552195786939086,0.022506956474586226,13353
1.3169062286105406,0.018826761687908616,0.25543717439555513,0.022506956474586226,13345
1.319644079397673,0.01888116469120071,0.2556547864087235,0.02258023181518032,13340
1.322381930184805,0.01888116469120071,0.2558179954185998,0.02258023181518032,13335
1.325119780971937,0.018935637153828587,0.2561993026569949,0.022653639232993683,13315
1.3278576317590691,0.018990121899783878,0.25652621113272667,0.02272710182775972,13304
1.3305954825462012,0.018990121899783878,0.25658069997651184,0.02272710182775972,13296
1.3333333333333333,0.01904461074356904,0.2567441665078673,0.022800608627170926,13295
1.3360711841204653,0.01904461074356904,0.2570710995705783,0.022800608627170926,13291
1.3388090349075976,0.01904461074356904,0.25723456610193374,0.022800608627170926,13285
1.3415468856947297,0.019099107793505373,0.2576160454514881,0.022874192918689973,13280
1.3442847364818618,0.019208110106331083,0.2577250477643138,0.023021450217624695,13271
1.3470225872689938,0.019262615371077756,0.2579975740880472,0.023095095517623454,13266
1.3497604380561259,0.0193716259005711,0.2583246056765272,0.023242441657062685,13260
1.352498288843258,0.019535141694811117,0.2585971320002606,0.02346356093528701,13252
1.3552361396303902,0.01958964695955779,0.2587606477945006,0.023537295187708085,13244
1.3579739904175223,0.019698657489051134,0.2589241635887406,0.023684797106863997,13240
1.3607118412046544,0.01980767625570101,0.25914220112204034,0.023832343608736872,13234
1.3634496919917864,0.019862185639025944,0.2593057292720152,0.023906139167883533,13228
1.3661875427789185,0.01997120440567582,0.2596327855719648,0.024053763768735248,13224
1.3689253935660506,0.01997120440567582,0.2597963137219396,0.024053763768735248,13216
1.3716632443531827,0.020080223172325693,0.26088650138843833,0.024201488923693337,13213
1.374401095140315,0.020080223172325693,0.2614315952216877,0.024201488923693337,13191
1.377138945927447,0.02018941590509256,0.2617591734199883,0.024349786569753618,13160
1.379876796714579,0.02024402057510586,0.2619229874300282,0.024423980502333853,13150
1.3826146475017111,0.020353229915132463,0.2621960107800947,0.024572402230539803,13146
1.3853524982888432,0.020353229915132463,0.2624144294601479,0.024572402230539803,13139
1.3880903490759753,0.020407834585145765,0.26252363880017454,0.024646663943350577,13135
1.3908281998631074,0.020517043925172368,0.26279666215024106,0.02479520998904916,13132
1.3935660506502396,0.020517043925172368,0.2630150808302943,0.02479520998904916,13125
1.3963039014373717,0.02057164859518567,0.2633973135203874,0.02486953395749758,13121
1.3990417522245038,0.02057164859518567,0.26367033687045394,0.02486953395749758,13113
1.4017796030116358,0.020790067275238876,0.26388875555050717,0.025167101997180974,13108
1.404517453798768,0.020844671945252177,0.2639979648905338,0.025241516722219415,13100
1.4072553045859,0.020844671945252177,0.264216383570587,0.025241516722219415,13097
1.4099931553730323,0.02089927661526548,0.26448940692065354,0.025315965548560082,13093
1.4127310061601643,0.02095388128527878,0.26498084895077323,0.025390442818709946,13087
1.4154688569472964,0.02095388128527878,0.2653085020265291,0.025390442818709946,13076
1.4182067077344285,0.02106310733420191,0.2656361801732985,0.025539591117306748,13069
1.4209445585215605,0.02117233338312504,0.2657454062222216,0.025688807932080837,13061
1.4236824093086926,0.021281643149415323,0.265909370871657,0.025838161989269137,13047
1.4264202600958247,0.021390969681007184,0.2662373504664326,0.025987573314117496,13040
1.429158110882957,0.021390969681007184,0.2664013402638204,0.025987573314117496,13032
1.431895961670089,0.021500296212599045,0.2668933096559838,0.026137087847341145,13029
1.434633812457221,0.021500296212599045,0.26722131444701,0.026137087847341145,13017
1.4373716632443532,0.02160963114294112,0.26820532882008874,0.02628678624287617,13011
1.4401095140314852,0.02166429860811216,0.26929867812350955,0.026361739149793117,12991
1.4428473648186173,0.02182830100362528,0.26957201544936477,0.02658694460719868,12970
1.4455852156057496,0.02182830100362528,0.2700647068238953,0.02658694460719868,12944
1.4483230663928817,0.021937813374824238,0.270721781051089,0.026737487919198832,12932
1.4510609171800137,0.021937813374824238,0.27252873517587184,0.026737487919198832,12918
1.4537987679671458,0.021937813374824238,0.2738977460642786,0.026737487919198832,12884
1.4565366187542779,0.022047342763618902,0.27455492239704654,0.026888874217547043,12858
1.45927446954141,0.022102107458016235,0.27526686342421186,0.026964638085951176,12844
1.462012320328542,0.02215687215241357,0.2764169220065558,0.027040478722109684,12830
1.4647501711156743,0.02226641009351469,0.27762183935866813,0.027192420554119967,12807
1.4674880219028064,0.02237594803461581,0.2778956842114209,0.027344623883455155,12783
1.4702258726899384,0.02243071700516637,0.278881525681331,0.027420755331178714,12776
1.4729637234770705,0.022485490269301953,0.27942925832268684,0.027497000176323616,12756
1.4757015742642026,0.022540263533437535,0.28003176422817827,0.027573304844807245,12745
1.4784394250513346,0.022540263533437535,0.2803056305488562,0.027573304844807245,12733
1.4811772758384667,0.022540263533437535,0.2803604081166976,0.027573304844807245,12727
1.483915126625599,0.02259504110127895,0.2803604081166976,0.027649717440686228,12726
1.486652977412731,0.022649818669120365,0.28063429595590467,0.02772613003656521,12725
1.4893908281998631,0.022814151372644614,0.2807438510915875,0.027955457940479933,12719
1.4921286789869952,0.02286892894048603,0.28090818379511173,0.02803191260007254,12714
1.4948665297741273,0.022923706508327445,0.2815107370413673,0.02810838530561155,12710
1.4976043805612593,0.02297848407616886,0.2817846248805744,0.028184924257784738,12698
1.5003422313483916,0.023197594347534524,0.28205851271978144,0.028491200676234896,12692
1.5030800821355237,0.023197594347534524,0.28216818026404866,0.028491200676234896,12670
1.5058179329226558,0.023197594347534524,0.28255201666898383,0.028491200676234896,12668
1.5085557837097878,0.023307270554324962,0.2828262071859599,0.028644677579761524,12660
1.51129363449692,0.023362108657720183,0.28326491201312165,0.028721446355737146,12653
1.514031485284052,0.023416946761115404,0.28381329304707387,0.02879826370417471,12644
1.516769336071184,0.023471784864510625,0.2841423216674452,0.028875141859505682,12633
1.5195071868583163,0.023526622967905846,0.2842519978742356,0.02895205654809596,12626
1.5222450376454484,0.023581465415945607,0.28441652521835487,0.029028989517787984,12622
1.5249828884325805,0.023636307863985368,0.2848004223546332,0.029105940778723305,12618
1.5277207392197125,0.02380083520810465,0.285074634594832,0.02933692271192423,12610
1.5304585900068446,0.023855677656144412,0.2851294770428718,0.029413947237974636,12602
1.5331964407939767,0.023855677656144412,0.28529400438699104,0.029413947237974636,12600
1.5359342915811087,0.023965362552223934,0.28556821662718984,0.02956804520618328,12597
1.538672142368241,0.024020205000263695,0.2856230590752296,0.02964512478956638,12590
1.541409993155373,0.024075051805374087,0.2857327526854504,0.029722216620440278,12587
1.5441478439425051,0.024075051805374087,0.28600698671100233,0.029722216620440278,12584
1.5468856947296372,0.024075051805374087,0.2861166803212231,0.029722216620440278,12579
1.5496235455167693,0.024184754138051153,0.2864457873192543,0.029876522883700463,12576
1.5523613963039014,0.0242396620997033,0.2867752350891672,0.02995379277435084,12555
1.5550992470910336,0.0242396620997033,0.2871046828590801,0.02995379277435084,12548
1.5578370978781657,0.024294570061355446,0.2871046828590801,0.030031136595689234,12542
1.5605749486652978,0.024294570061355446,0.28864210578534016,0.030031136595689234,12541
1.5633127994524298,0.024294570061355446,0.2895206331717745,0.030031136595689234,12513
1.566050650239562,0.024294570061355446,0.2903442525965567,0.030031136595689234,12497
1.568788501026694,0.024294570061355446,0.29067372676241304,0.030031136595689234,12481
1.571526351813826,0.024349486824476838,0.29116797763050556,0.030108895843998118,12474
1.5742642026009583,0.024349486824476838,0.2916622681560536,0.030108895843998118,12463
1.5770020533880904,0.024349486824476838,0.29171718932555896,0.030108895843998118,12454
1.5797399041752225,0.02451438274761032,0.2917721546332701,0.03034273602019899,12443
1.5824777549623545,0.024569348055321478,0.2921019464795371,0.030420689011916968,12439
1.5852156057494866,0.02473424397845496,0.2924867036335152,0.03065466085337165,12432
1.5879534565366187,0.024844183444260936,0.29276155229803014,0.030810742543919356,12421
1.5906913073237507,0.024844183444260936,0.2931463404283511,0.030810742543919356,12414
1.593429158110883,0.025064062375872893,0.293641068024478,0.03112320784816891,12407
1.596167008898015,0.025174019585298274,0.29380600383861605,0.03127957918324831,12392
1.5989048596851472,0.025174019585298274,0.2939159610480414,0.03127957918324831,12387
1.6016427104722792,0.02533895539943634,0.29430081128103025,0.031514230879853056,12385
1.6043805612594113,0.0253939384472236,0.29452074347217927,0.03159249868081637,12374
1.6071184120465434,0.025613870638372633,0.2950155909022646,0.031905671128490076,12369
1.6098562628336757,0.02566885368615989,0.2954004722367754,0.03198402126841171,12356
1.6125941136208077,0.02572383673394715,0.29573037052349893,0.032062415824512414,12348
1.6153319644079398,0.02572383673394715,0.2957853535712862,0.032062415824512414,12341
1.6180698151950719,0.02577887330189773,0.2961155729789897,0.03214093120285244,12328
1.620807665982204,0.025888946437798894,0.2965008289546438,0.03229803842934331,12321
1.623545516769336,0.0261641292775518,0.2969411214982485,0.032691029804250205,12312
1.626283367556468,0.02621916584550238,0.2972163043380014,0.03276967920421736,12299
1.6290212183436004,0.02627420689088283,0.3041514760559381,0.03284836699471483,12292
1.6317590691307324,0.02638428898164373,0.3051422148727862,0.03300737260638853,12165
1.6344969199178645,0.026439330027024182,0.3054174200996885,0.033086993242649854,12145
1.6372347707049966,0.02665951234696924,0.30580273915959233,0.0334056332185132,12138
1.6399726214921286,0.02665951234696924,0.30591283031956484,0.0334056332185132,12127
1.6427104722792607,0.026769603506941773,0.3061880582194962,0.03356507146458021,12125
1.6454483230663928,0.026769603506941773,0.30657337727940004,0.03356507146458021,12118
1.648186173853525,0.026769603506941773,0.30684901484626254,0.03356507146458021,12093
1.6509240246406571,0.026769603506941773,0.3076759275468501,0.03356507146458021,12088
1.6536618754277892,0.026769603506941773,0.3078964376003401,0.03356507146458021,12073
1.6563997262149213,0.026769603506941773,0.30811696592612486,0.03356507146458021,12068
1.6591375770020533,0.02687986766983417,0.30839262633335585,0.033725289456711494,12064
1.6618754277891854,0.026934999751280365,0.30861315465914063,0.03380543167372596,12057
1.6646132785763177,0.027045263914172762,0.308999079229264,0.033965769305376536,12052
1.6673511293634498,0.027265792239957554,0.3094401358808336,0.03428663096134088,12043
1.6700889801505818,0.027431188484296147,0.31010172085818793,0.03452743722076368,12031
1.672826830937714,0.027431188484296147,0.31032228589586314,0.03452743722076368,12014
1.675564681724846,0.02748632974371495,0.3108185572306324,0.03460782627678194,12010
1.678302532511978,0.02759661226255256,0.311204546046564,0.034768724972402465,12000
1.68104038329911,0.02759661226255256,0.3136859027204102,0.034768724972402465,11991
1.6837782340862424,0.02759661226255256,0.3158915530971624,0.034768724972402465,11946
1.6865160848733745,0.02776204993612844,0.31760107572411317,0.03501195838904103,11905
1.6892539356605065,0.0278171958273204,0.3183179723096087,0.035093247921650916,11871
1.6919917864476386,0.02787234171851236,0.3184834099831846,0.03517462658000281,11857
1.6947296372347707,0.02792748760970432,0.3190348688951042,0.03525602583533227,11853
1.6974674880219027,0.02798263350089628,0.31942089013344793,0.03533749382842177,11842
1.700205338809035,0.02803777939208824,0.3196414736982158,0.035419010011130236,11834
1.702943189596167,0.028092934608703584,0.32002756021452317,0.03550056754812092,11827
1.7056810403832992,0.028092934608703584,0.3203606332819728,0.03550056754812092,11743
1.7084188911704312,0.02820434815728589,0.3206948739277197,0.03566549563164556,11696
1.7111567419575633,0.02826016476919459,0.3207506905396284,0.035748164684741845,11665
1.7138945927446954,0.02837203779629395,0.32091850008027745,0.035913872166322136,11638
1.7166324435318274,0.02848391082339331,0.3210863096209265,0.03607962238171514,11633
1.7193702943189597,0.02859584160631461,0.32125420579530845,0.036245500952979626,11622
1.7221081451060918,0.02859584160631461,0.321478240927148,0.036245500952979626,11608
1.7248459958932238,0.02859584160631461,0.322094496861303,0.036245500952979626,11601
1.727583846680356,0.028651869707232065,0.32276683407231244,0.03632866209708585,11589
1.730321697467488,0.02876403249084131,0.3229350782477263,0.03649531516027704,11565
1.73305954825462,0.028820113882645933,0.3232154852067494,0.036578663316405025,11560
1.7357973990417521,0.028876195274450556,0.32355197355757714,0.03666204754149449,11554
1.7385352498288844,0.028876195274450556,0.3237762991247956,0.03666204754149449,11547
1.7412731006160165,0.02893230583227328,0.3242812941452001,0.03674554740735725,11537
1.7440109514031485,0.02893230583227328,0.32461795749213646,0.03674554740735725,11527
1.7467488021902806,0.028988421260804146,0.3255158043486303,0.03682916324525587,11520
1.7494866529774127,0.028988421260804146,0.3256841506342229,0.03682916324525587,11503
1.7522245037645447,0.029156767546396747,0.32579638149128465,0.037080425202670186,11500
1.754962354551677,0.029156767546396747,0.3259086123483464,0.037080425202670186,11495
1.757700205338809,0.029268998403458483,0.3263575357765933,0.037247991473408515,11493
1.7604380561259412,0.02932516274284835,0.32663835747354264,0.03733190605621384,11473
1.7631759069130732,0.02938134668071659,0.3267507253492791,0.037415886523276876,11463
1.7659137577002053,0.02954997206560616,0.32697555919579857,0.037667981882546164,11455
1.7686516084873374,0.029606195260777728,0.32703178239097014,0.037752065064557305,11445
1.7713894592744694,0.02971865147863269,0.32731292293560754,0.037920260823154694,11442
1.7741273100616017,0.02971865147863269,0.32787520402488235,0.037920260823154694,11435
1.7768651608487338,0.02971865147863269,0.3279876602427373,0.037920260823154694,11425
1.7796030116358659,0.02983162196289593,0.32815711596913216,0.03808947720503442,11371
1.782340862422998,0.029888107205027548,0.32866548314831673,0.03817410772789154,11366
1.78507871321013,0.030057607709646588,0.32889148382114214,0.03842826765714513,11353
1.787816563997262,0.030114107877852934,0.3290609843257612,0.0385130175013495,11346
1.7905544147843941,0.030227177998328695,0.3290609843257612,0.03868266672631615,11335
1.7932922655715264,0.030283713058566575,0.32945672974742635,0.03876749133879942,11333
1.7960301163586585,0.030283713058566575,0.32968286998837787,0.03876749133879942,11325
1.7987679671457906,0.030283713058566575,0.32973941004287904,0.03876749133879942,11320
1.8015058179329226,0.03050987327657119,0.3300221103153848,0.03910717947685449,11319
1.8042436687200547,0.030622953385573495,0.3300221103153848,0.03927709863167739,11310
1.8069815195071868,0.03067949344007465,0.3301351904243871,0.03936205820908878,11308
1.809719370294319,0.03084911360357811,0.3302482705333894,0.03961698203265107,11305
1.8124572210814511,0.03084911360357811,0.3303048105878906,0.03961698203265107,11300
1.8151950718685832,0.03084911360357811,0.33047443075139404,0.03961698203265107,11299
1.8179329226557153,0.030905653658079263,0.3305309708058952,0.03970200177574312,11296
1.8206707734428473,0.031075273821582722,0.3311529114054079,0.03995708358862371,11294
1.8234086242299794,0.031188353930585028,0.33171831195041945,0.040127303963873984,11280
1.8261464750171115,0.031188353930585028,0.33194447216842404,0.040127303963873984,11268
1.8288843258042438,0.031301434039587336,0.3324533326589344,0.040297735905641674,11264
1.8316221765913758,0.03135797409408849,0.33262295282243787,0.0403830200311277,11253
1.834360027378508,0.03135797409408849,0.3329621931494448,0.0403830200311277,11249
1.83709787816564,0.031527609345669116,0.333018738233305,0.040639099993759475,11242
1.839835728952772,0.031584154429529325,0.33313182840102545,0.04072446757695991,11238
1.842573579739904,0.031584154429529325,0.3333580087364663,0.04072446757695991,11235
1.8453114305270362,0.031584154429529325,0.3336414660819555,0.04072446757695991,11202
1.8480492813141685,0.031584154429529325,0.3338683738136761,0.04072446757695991,11190
1.8507871321013005,0.03169760829538965,0.33415200847832693,0.04089598117117099,11186
1.8535249828884326,0.031754335228319816,0.33426546234418725,0.04098177632447886,11179
1.8562628336755647,0.031754335228319816,0.33443564314297775,0.04098177632447886,11176
1.8590006844626967,0.03181106216124998,0.33460582394176824,0.04106760987175129,11173
1.8617385352498288,0.03181106216124998,0.33477600474055874,0.04106760987175129,11169
1.864476386036961,0.03181106216124998,0.33505963940520955,0.04106760987175129,11166
1.8672142368240932,0.03186778909418014,0.33540000100279055,0.04115352801440231,11161
1.8699520876112252,0.03186778909418014,0.33557018180158105,0.04115352801440231,11154
1.8726899383983573,0.03198124296004047,0.3357970895333017,0.041325502989200236,11151
1.8754277891854894,0.032037969892970634,0.33585381646623186,0.04141152133796744,11145
1.8781656399726214,0.032037969892970634,0.3363643588626033,0.04141152133796744,11143
1.8809034907597535,0.03226487762469128,0.3363643588626033,0.041755903762491275,11134
1.8836413415468858,0.032321604557621446,0.3366479935272541,0.04184199936862221,11130
1.8863791923340179,0.03243505842348177,0.33704508205776523,0.04201426797715002,11124
1.88911704312115,0.0325485122893421,0.33732871672241604,0.04218664507692926,11115
1.891854893908282,0.032718693088132585,0.33755562445413667,0.04244532711372884,11108
1.894592744695414,0.03283214695399291,0.33772580525292717,0.04261784394516499,11101
1.8973305954825461,0.03294560081985324,0.34226395988734015,0.04279040741958007,11096
1.9000684462696784,0.03294560081985324,0.34294561142579943,0.04279040741958007,10999
1.9028062970568105,0.033059219750811615,0.34385456287346644,0.04296466731264037,10986
1.9055441478439425,0.0331160292162908,0.344024991269904,0.043051924363396,10968
1.9082819986310746,0.0331160292162908,0.3443658480627791,0.043051924363396,10964
1.9110198494182067,0.0331160292162908,0.34459308592469584,0.043051924363396,10958
1.9137577002053388,0.03328661334042979,0.3448205314235478,0.04331424565605957,10944
1.9164955509924708,0.033400346488790436,0.34499113114608876,0.04348920647433763,10936
1.919233401779603,0.03345721306297076,0.34504799772026906,0.04357671089237125,10931
1.9219712525667352,0.033514079637151084,0.3453323305911707,0.043664223317031126,10929
1.9247091033538672,0.03362782319872803,0.34538920237195914,0.04383934431624059,10922
1.9274469541409993,0.0336846949795165,0.34561668949511304,0.043926912834940435,10919
1.9301848049281314,0.03379843854109344,0.34573043305669,0.044102114060369346,10914
1.9329226557152634,0.03385531032188191,0.34573043305669,0.044189730731857946,10910
1.9356605065023955,0.03391218210267038,0.3460716637414208,0.044277347403346434,10909
1.9383983572895278,0.03391218210267038,0.3462422790837862,0.044277347403346434,10902
1.9411362080766599,0.03391218210267038,0.34635602264536314,0.044277347403346434,10899
1.943874058863792,0.03396905388345885,0.3464697662069401,0.04436505251967171,10897
1.946611909650924,0.03396905388345885,0.34658350976851704,0.04436505251967171,10894
1.949349760438056,0.03408279744503579,0.34692474045324784,0.04454052717032919,10892
1.9520876112251881,0.034196541006612735,0.3470384840148248,0.044716098554531625,10884
1.9548254620123204,0.03431028456818968,0.34749345826113254,0.04489170221288563,10880
1.9575633127994525,0.03431028456818968,0.34772094538428644,0.04489170221288563,10870
1.9603011635865846,0.03436715634897815,0.34772094538428644,0.044979601007086534,10866
1.9630390143737166,0.03436715634897815,0.34794843250744034,0.044979601007086534,10865
1.9657768651608487,0.03436715634897815,0.34811904784980574,0.044979601007086534,10861
1.9685147159479808,0.03448089991055509,0.3481759196305942,0.04515551192972289,10858
1.9712525667351128,0.03448089991055509,0.3484034067537481,0.04515551192972289,10855
1.9739904175222451,0.03453785041750745,0.3486312087815575,0.045243629730393864,10836
1.9767282683093772,0.0345948009244598,0.3486881592885099,0.04533178007387739,10831
1.9794661190965093,0.03476569979009449,0.3487451255770548,0.04559632881392717,10826
1.9822039698836413,0.03487963236718428,0.3488590581541446,0.045772710937598604,10822
1.9849418206707734,0.03487963236718428,0.34925782217395884,0.045772710937598604,10818
1.9876796714579055,0.03493659865572917,0.34931478846250374,0.04586097541720846,10811
1.9904175222450375,0.034993564944274066,0.3498844513479527,0.04594924806265044,10809
1.9931553730321698,0.035107497521363856,0.3499983839250425,0.046125956851673866,10798
1.995893223819302,0.03522151460249747,0.35022641808730975,0.04630282947232067,10786
1.998631074606434,0.035335531683631086,0.3503404351684434,0.046479767722882426,10780
2.001368925393566,0.035392540224197896,0.3505114607901438,0.04656825326782277,10776
2.004106776180698,0.03550655730533151,0.350739494952411,0.04674527364411918,10772
2.00684462696783,0.035620574386465126,0.35085351203354465,0.04692235979057202,10766
2.0095824777549622,0.03567758292703194,0.3513665888986459,0.047010919318560274,10762
2.0123203285420943,0.03567758292703194,0.3515376145203463,0.047010919318560274,10752
2.0150581793292264,0.03573459146759875,0.3518796657637472,0.04709957771289297,10749
2.0177960301163584,0.03573459146759875,0.35227872554771483,0.04709957771289297,10742
2.020533880903491,0.03573459146759875,0.35244975116941524,0.04709957771289297,10735
2.023271731690623,0.03584860854873236,0.3528488109533829,0.047277158857560675,10732
2.026009582477755,0.03596262562986598,0.3529628280345165,0.04745485592762366,10723
2.028747433264887,0.03601963417043279,0.35330487927791737,0.04754372104042082,10719
2.0314852840520192,0.0360766427109996,0.35455906717038715,0.047632635928299805,10712
2.0342231348391513,0.03613368326984249,0.35518651331765894,0.04772178386090975,10683
2.0369609856262834,0.036190729174567185,0.357411303601922,0.04781103205361259,10670
2.0396988364134154,0.036190729174567185,0.35798197739001114,0.04781103205361259,10626
2.0424366872005475,0.036190729174567185,0.3581531956547597,0.04781103205361259,10615
2.0451745379876796,0.03636194743931577,0.3583814866744245,0.04808021476222912,10612
2.0479123887748116,0.03636194743931577,0.3585527049391731,0.04808021476222912,10605
2.0506502395619437,0.03641902019423197,0.35889514146867024,0.04817000157464535,10602
2.0533880903490758,0.03664731121389675,0.35918050524325124,0.04852935221114385,10595
2.0561259411362083,0.03664731121389675,0.35946586901783223,0.04852935221114385,10586
2.0588637919233403,0.03670438936321322,0.3597512597644146,0.048619283274261904,10580
2.0616016427104724,0.03676146751252969,0.3600366505109969,0.04870925686199845,10574
2.0643394934976045,0.03687562381116263,0.36015080680962985,0.04888928917523416,10568
2.0670773442847366,0.03693270736407177,0.3604362245741755,0.04897933089736095,10563
2.0698151950718686,0.03693270736407177,0.36060747523290293,0.04897933089736095,10557
2.0725530458590007,0.03704687446989004,0.361064143656176,0.049159550846025524,10554
2.0752908966461328,0.03710395802279917,0.3611783107619943,0.04924972918907877,10544
2.078028747433265,0.0371611229222116,0.36146413525905646,0.04934005317452528,10526
2.080766598220397,0.03738980425763083,0.3616928165944757,0.04970155519822539,10519
2.083504449007529,0.03738980425763083,0.3618071572621853,0.04970155519822539,10511
2.086242299794661,0.03744697459148564,0.36209300893145935,0.04979198230306903,10509
2.088980150581793,0.03750417760343925,0.3627794450749027,0.04988250416814455,10497
2.0917180013689256,0.03750417760343925,0.36317994256023484,0.04988250416814455,10482
2.0944558521560577,0.03750417760343925,0.363637697671815,0.04988250416814455,10474
2.0971937029431897,0.03761861638133429,0.36380935583865753,0.050064066846499666,10466
2.099931553730322,0.03761861638133429,0.3640954527833951,0.050064066846499666,10461
2.102669404517454,0.03767583577028181,0.3643815497281327,0.05015491764347313,10456
2.105407255304586,0.037733055159229326,0.36483930483971283,0.05024581190972732,10450
2.108145106091718,0.03779027454817684,0.3650109630065554,0.05033677582008944,10441
2.11088295687885,0.03784749393712436,0.3652398405623455,0.05042776587701958,10437
2.116358658453114,0.03784749393712436,0.36552593750708307,0.05042776587701958,10432
2.1190965092402463,0.03790471332607188,0.36581203445182064,0.05051883447144978,10427
2.1218343600273784,0.037961932715019395,0.36667032528603344,0.05060994676062813,10421
2.1245722108145104,0.038076371492914436,0.366956422230771,0.050792434036599166,10405
2.127310061601643,0.03813359088186195,0.36707086100866604,0.05088372155015597,10398
2.130047912388775,0.038248029659756995,0.36729973856445614,0.05106633170473984,10395
2.132785763175907,0.038248029659756995,0.36741435386027715,0.05106633170473984,10373
2.135523613963039,0.0383053428339595,0.36741435386027715,0.05115783929088202,10370
2.138261464750171,0.038419969182364504,0.3675289802086822,0.05134085446316661,10369
2.1409993155373033,0.038419969182364504,0.3677009197312897,0.05134085446316661,10365
2.1437371663244353,0.03847728235656701,0.36810211195070724,0.051432406204677594,10362
2.1464750171115674,0.0385919197767723,0.3683313867911178,0.05161565117595068,10353
2.1492128678986995,0.038706557196977597,0.3683313867911178,0.05179896698706965,10347
2.1519507186858315,0.03876388144833219,0.36856068379653617,0.051890633753602144,10344
2.1546885694729636,0.038821205699686785,0.3687899808019545,0.05198233598459612,10339
2.1574264202600957,0.03893585420239597,0.3689619535560183,0.05216581143727961,10334
2.1601642710472277,0.03893585420239597,0.36901927780737287,0.05216581143727961,10329
2.16290212183436,0.03899317845375056,0.3694778718182096,0.05225758469333719,10328
2.1656399726214923,0.03916515120781434,0.36987914157769175,0.052533117908369675,10319
2.1683778234086244,0.03927979971052352,0.3702804113371739,0.052716931446460946,10309
2.1711156741957565,0.0393944482132327,0.3705097083425922,0.052900869906374215,10300
2.1738535249828885,0.03956650453846669,0.37073911677623755,0.05317701893837734,10289
2.1765913757700206,0.03956650453846669,0.3708538209930602,0.05317701893837734,10282
2.1793292265571527,0.03956650453846669,0.37114058153511686,0.05317701893837734,10280
2.1820670773442847,0.03962385664687802,0.37131263786035085,0.05326916716037844,10275
2.184804928131417,0.03979591297211201,0.37171410261923016,0.05354569257158659,10271
2.187542778918549,0.03985334904320401,0.3723458994012422,0.05363806562521023,10246
2.190280629705681,0.03985334904320401,0.3725756436856102,0.05363806562521023,10234
2.193018480492813,0.039910785114296014,0.3725756436856102,0.05373057412319415,10230
2.195756331279945,0.039968221185388016,0.3727479518988862,0.053823082621177964,10229
2.198494182067077,0.039968221185388016,0.3729776961832542,0.053823082621177964,10225
2.2012320328542097,0.04002566849751556,0.3730925908075093,0.05391567259254293,10219
2.2039698836413417,0.04019802730535549,0.37320749667940256,0.05419352408370515,10215
2.206707734428474,0.04031294443259915,0.3734947894975117,0.054378812843802415,10209
2.209445585215606,0.04037040299622097,0.37360970662475534,0.0544715026288598,10202
2.212183436002738,0.0404278615598428,0.37366716518837717,0.05456421059016692,10199
2.21492128678987,0.040485320123464626,0.37447158507908274,0.05465692764316388,10197
2.217659137577002,0.040485320123464626,0.37452904364270456,0.05465692764316388,10182
2.220396988364134,0.040485320123464626,0.3745865926477448,0.05465692764316388,10165
2.223134839151266,0.040485320123464626,0.3748167886679057,0.05465692764316388,10164
2.2258726899383983,0.04054287479333456,0.37487434333777564,0.05474998238008255,10159
2.2286105407255303,0.04071553880294435,0.3749318980076456,0.05502917407574659,10157
2.2313483915126624,0.04071553880294435,0.3751621166871253,0.05502917407574659,10153
2.2340862422997945,0.040830648142684216,0.37527722602686514,0.055215393570460236,10149
2.236824093086927,0.040830648142684216,0.3753347806967351,0.055215393570460236,10145
2.239561943874059,0.04088820281255415,0.37562255404608474,0.05530853085421705,10144
2.242299794661191,0.040945768838909845,0.3759679502042189,0.055401732459302466,10136
2.245037645448323,0.041061014669714645,0.3760831960350237,0.05558843040723027,10119
2.2477754962354553,0.041118648980927465,0.3761408303462365,0.05568181630356095,10113
2.2505133470225873,0.041118648980927465,0.3763724442256772,0.05568181630356095,10064
2.2532511978097194,0.041118648980927465,0.3767198650448383,0.05568181630356095,10060
2.2559890485968515,0.04117655245078764,0.37677776851469846,0.05577574092895343,10054
2.2587268993839835,0.04117655245078764,0.37677776851469846,0.05577574092895343,10052
2.2614647501711156,0.04135028014326635,0.3768356777455247,0.05605757087395524,10051
2.2642026009582477,0.041524007835745065,0.37718313313048213,0.05633942887011112,10047
2.2669404517453797,0.04158192860687238,0.37718313313048213,0.05643345642801556,10036
2.269678302532512,0.04158192860687238,0.37816798252253486,0.05643345642801556,10033
2.272416153319644,0.041639860924051954,0.37816798252253486,0.05652766235289297,10016
2.2751540041067764,0.041639860924051954,0.3783998043811118,0.05652766235289297,10011
2.2778918548939084,0.041697862757704804,0.3786318117157232,0.056622019022324666,9999
2.2806297056810405,0.041697862757704804,0.37880583462942075,0.056622019022324666,9993
2.2833675564681726,0.041697862757704804,0.3789218499052191,0.056622019022324666,9990
2.2861054072553046,0.04181387803350318,0.3789798575431183,0.05681092130125487,9988
2.2888432580424367,0.041987900947200736,0.37915388045681586,0.05709430309755892,9985
2.291581108829569,0.04204590858509992,0.3792698957326142,0.05718879209414207,9979
2.294318959616701,0.0421039162229991,0.3793279033705134,0.057283300033988294,9976
2.297056810403833,0.04221993149879748,0.379501926284211,0.05747233486454095,9974
2.299794661190965,0.042393954412495036,0.37973395683580774,0.057755972440567294,9969
2.302532511978097,0.04245196205039422,0.38002399502530365,0.05785055626184399,9962
2.305270362765229,0.042626002445047446,0.38037207581461013,0.058134478746144747,9955
2.308008213552361,0.04268402757796582,0.38054615121336527,0.05822919571328611,9944
2.3107460643394937,0.04268402757796582,0.38066220147920204,0.05822919571328611,9940
2.3134839151266258,0.042742052710884194,0.3808362768779572,0.05832396033436549,9938
2.316221765913758,0.042742052710884194,0.3808943312309042,0.05832396033436549,9929
2.31895961670089,0.04280013631625134,0.38101049844163853,0.05841885865540408,9923
2.321697467488022,0.04280013631625134,0.38124285628627697,0.05841885865540408,9919
2.324435318275154,0.04285822577741094,0.38124285628627697,0.05851382397475302,9915
2.327173169062286,0.04291631523857054,0.38135903520859615,0.05860878929410196,9914
2.3326488706365502,0.04291631523857054,0.38141712466975575,0.05860878929410196,9911
2.3353867214236823,0.04303249416088975,0.38147521413091534,0.05879877742946138,9910
2.3381245722108144,0.04314867308320896,0.38176566143671337,0.05898878474198199,9907
2.3408624229979464,0.04326485200552817,0.3819980192813518,0.0591788880177917,9900
2.3436002737850785,0.04326485200552817,0.3820561087425114,0.0591788880177917,9894
2.346338124572211,0.04338104267258275,0.3821142040760387,0.05936910660088557,9892
2.349075975359343,0.04338104267258275,0.3822303947430933,0.05936910660088557,9889
2.351813826146475,0.04343913800611004,0.3823465854101479,0.05946424475132539,9887
2.3545516769336072,0.04349723333963733,0.3828113480783662,0.059559402152706276,9884
2.3572895277207393,0.0436715193402192,0.3833923014136391,0.05984510562546996,9875
2.3600273785078714,0.04378771000727378,0.38368277808127554,0.06003576774154673,9862
2.3627652292950034,0.04378771000727378,0.38374087341480284,0.06003576774154673,9855
2.3655030800821355,0.04390403052268126,0.38391535418791406,0.06022675915316078,9843
2.3682409308692676,0.04402035103808875,0.38391535418791406,0.060417808805701356,9838
2.3709787816563996,0.04407851129579249,0.3842643157341365,0.060513333631971644,9836
2.3737166324435317,0.04413667155349623,0.3854856811459151,0.06060891677027336,9829
2.3764544832306638,0.04413667155349623,0.3857764824344338,0.06060891677027336,9807
2.379192334017796,0.04419483181119997,0.385950963207545,0.060704753444751014,9802
2.3819301848049284,0.044252992068903714,0.385950963207545,0.06080061946297466,9798
2.3846680355920604,0.04431119985772009,0.3860673787851778,0.060896563827111616,9789
2.3874058863791925,0.04442765113470202,0.3861256044236687,0.06108855062792384,9783
2.3901437371663246,0.04448587677319298,0.3862420557006507,0.061184553843606104,9780
2.3928815879534566,0.044544102411683946,0.3864167326161236,0.0612805766978719,9777
2.3956194387405887,0.044544102411683946,0.3865914095315965,0.0612805766978719,9773
2.3983572895277208,0.04466055368866587,0.3872318915549971,0.06147274034644956,9770
2.401095140314853,0.04466055368866587,0.38729011719348805,0.06147274034644956,9757
2.406570841889117,0.04466055368866587,0.38746479410896095,0.06147274034644956,9756
2.409308692676249,0.044718779327156837,0.3875812453859429,0.06156896994346106,9753
2.412046543463381,0.04477701093812072,0.3879306350517262,0.06166522915261652,9749
2.414784394250513,0.04495170577101237,0.3881053298846179,0.06195418463532454,9742
2.4175222450376452,0.04500993738197625,0.3881053298846179,0.06205053280863637,9736
2.4202600958247777,0.04500993738197625,0.3881635614955818,0.06205053280863637,9735
2.42299794661191,0.045068216890625484,0.3881635614955818,0.062146970138185154,9726
2.425735797399042,0.04512650838724317,0.38886305945499405,0.06224342730468335,9723
2.428473648186174,0.04524309138047855,0.38892135095161173,0.062436580048801815,9710
2.431211498973306,0.04524309138047855,0.3890962434586181,0.062436580048801815,9706
2.433949349760438,0.04535968638514946,0.389212838463289,0.0626298323254072,9703
2.43668720054757,0.045476281389820364,0.3896792184819726,0.06282312445195104,9699
2.439425051334702,0.045476281389820364,0.3899124084913144,0.06282312445195104,9689
2.4421629021218343,0.04559287639449127,0.39002900349598535,0.06301665607312767,9685
2.4449007529089664,0.04570947139916218,0.3902038960029917,0.06321022767604612,9681
2.4476386036960984,0.04576776890149763,0.3904370860123335,0.06330704348550498,9676
2.4503764544832305,0.045884363906168533,0.3906119785193399,0.06350075519194998,9671
2.4531143052703626,0.04600095891083944,0.39090346603101717,0.06369452701996736,9666
2.455852156057495,0.04600095891083944,0.3909617695695405,0.06369452701996736,9658
2.458590006844627,0.046059280567305114,0.3910200912260062,0.0637915132922876,9654
2.461327857631759,0.046234245536702134,0.39107841288247186,0.06408250225417356,9652
2.4640657084188913,0.04629256719316781,0.39125337785186887,0.064179508628318,9648
2.4668035592060233,0.04646753216256483,0.39148666447773156,0.06447061827930467,9644
2.4695414099931554,0.04646753216256483,0.39154498613419725,0.06447061827930467,9637
2.4722792607802875,0.0465258538190305,0.39160330779066294,0.064567705180687,9636
2.4750171115674195,0.0465258538190305,0.3918949160729913,0.064567705180687,9634
2.4777549623545516,0.0465258538190305,0.3920698810423883,0.064567705180687,9629
2.4804928131416837,0.0465258538190305,0.39230338598785514,0.064567705180687,9617
2.4832306639288158,0.04658424827898816,0.3923617804478128,0.06466504464945078,9610
2.485968514715948,0.04670103719890348,0.3924785693677281,0.06485974384914905,9608
2.48870636550308,0.046759431658861136,0.3927705416675164,0.06495711372171786,9604
2.4914442162902124,0.046759431658861136,0.39288734275674714,0.06495711372171786,9597
2.4941820670773445,0.046817832203476496,0.39300414384597787,0.06505456477813043,9595
2.4969199178644765,0.046876232748091856,0.3931209449352086,0.06515203615377907,9592
2.4996577686516086,0.046993033837322576,0.39335454711367007,0.06534701956473876,9589
2.5023956194387407,0.047051434381937936,0.3935297487475162,0.06544455196382415,9583
2.5051334702258727,0.047051434381937936,0.3936465498367469,0.06544455196382415,9579
2.507871321013005,0.047168284275551496,0.3937049747835537,0.06563980015102489,9573
2.510609171800137,0.04722671532800639,0.3939971300458282,0.06573744464886677,9569
2.513347022587269,0.04722671532800639,0.3939971300458282,0.06573744464886677,9535
2.516084873374401,0.047285324112842364,0.3939971300458282,0.06583543736497244,9534
2.518822724161533,0.047285324112842364,0.3940557388306642,0.06583543736497244,9533
2.521560574948665,0.04734393289767834,0.3940557388306642,0.06593344036147208,9532
2.524298425735797,0.047402541682514315,0.394524609109352,0.06603144335797184,9531
2.5270362765229293,0.04751975925218626,0.3946418266790239,0.06622761402729382,9522
2.529774127310062,0.047636989138509424,0.39493490139483184,0.06642384653459088,9517
2.532511978097194,0.047636989138509424,0.39534520599696293,0.06642384653459088,9510
2.535249828884326,0.047695604081671006,0.3955210508264477,0.06652208668543436,9503
2.537987679671458,0.04775421902483259,0.39563828071277085,0.06662035786274934,9499
2.54072553045859,0.04787144891115575,0.3958141255422556,0.06681694161214635,9496
2.546201232032854,0.047930063854317334,0.39616581520122507,0.06691526455581798,9491
2.5489390828199863,0.047930063854317334,0.39622443014438663,0.06691526455581798,9484
2.5516769336071183,0.047930063854317334,0.39645891464385985,0.06691526455581798,9482
2.5544147843942504,0.047930063854317334,0.39651753576872817,0.06691526455581798,9478
2.5571526351813825,0.04798868497918564,0.3966347780184648,0.06701372237321213,9477
2.5598904859685145,0.048047306104053944,0.396869262517938,0.06711220097545267,9474
2.5626283367556466,0.04810592722892225,0.3972796103920162,0.06721072117811655,9469
2.565366187542779,0.04810592722892225,0.39757271601635774,0.06721072117811655,9461
2.568104038329911,0.04810592722892225,0.3978658216406993,0.06721072117811655,9456
2.5708418891170433,0.04810592722892225,0.3979832129429835,0.06721072117811655,9439
2.5735797399041753,0.04810592722892225,0.39804190859412564,0.06721072117811655,9437
2.5763175906913074,0.04816462288006436,0.3981006042452678,0.06730957548914052,9436
2.5790554414784395,0.04822331853120647,0.39827669119869413,0.06740844027867943,9434
2.5817932922655715,0.04828201418234858,0.39839408250097835,0.0675073365204314,9430
2.5845311430527036,0.04828201418234858,0.3985114862572518,0.0675073365204314,9426
2.5872689938398357,0.048340716060485296,0.39880499564793537,0.06760628523260037,9424
2.5900068446269677,0.048399417938622014,0.3990398031604822,0.06770528647647034,9418
2.5927446954141,0.048399417938622014,0.3992159087948923,0.06770528647647034,9413
2.595482546201232,0.04845811981675873,0.39968552381998607,0.06780436136632406,9410
2.598220396988364,0.04857552357303216,0.3998616294543962,0.06800267976620356,9401
2.6009582477754964,0.04869292732930559,0.40015513884507975,0.06820106148613414,9396
2.6036960985626285,0.04875165422688956,0.40015513884507975,0.06830034746786173,9385
2.6064339493497606,0.04886910802205751,0.4004487733329996,0.06849891943131703,9384
2.6091718001368926,0.04898661194153792,0.4006837811719604,0.06869768206453342,9373
2.6119096509240247,0.04898661194153792,0.4009775409706614,0.06869768206453342,9367
2.614647501711157,0.04904538901431926,0.4009775409706614,0.06879720144024781,9358
2.617385352498289,0.04904538901431926,0.40103631804344275,0.06879720144024781,9357
2.620123203285421,0.04904538901431926,0.4013302034073495,0.06879720144024781,9356
2.622861054072553,0.049221739091617124,0.4013889867664488,0.06909598308684461,9350
2.625598904859685,0.04928052245071641,0.4017416869210445,0.0691955876253545,9346
2.628336755646817,0.04933931210488521,0.4021532145002261,0.06929526682993514,9338
2.631074606433949,0.04933931210488521,0.4026823213877453,0.06929526682993514,9330
2.6338124572210813,0.049398209177811625,0.4030357038253038,0.0693952995828554,9304
2.639288158795346,0.049398209177811625,0.4031534979711566,0.0693952995828554,9297
2.642026009582478,0.049633797469517286,0.40333018918993585,0.06979577497840883,9295
2.64476386036961,0.049692694542443704,0.4036246745545679,0.06989592616542672,9288
2.647501711156742,0.04981048868829653,0.40380136577334713,0.07009633643774615,9282
2.650239561943874,0.04986938576122295,0.4040369540650528,0.07019657397828316,9277
2.652977412731006,0.04998719261273276,0.4041547609165626,0.07039715717880557,9271
2.6557152635181382,0.05010499946424257,0.40444927804533715,0.07059778366910907,9267
2.6584531143052703,0.050222806315752384,0.4045081814710921,0.07079851848905094,9260
2.6611909650924024,0.050222806315752384,0.4046848917483568,0.07079851848905094,9257
2.6639288158795345,0.0503995165930171,0.40497940887713135,0.0710997508690524,9254
2.6666666666666665,0.05057628422512676,0.4054507892294238,0.07140124397165903,9243
2.6694045174537986,0.05075310931773011,0.4055686726244927,0.07170309642242134,9229
2.6721423682409307,0.050812051015264564,0.40562761432202715,0.07180373572246224,9224
2.674880219028063,0.05087099271279902,0.4056865560195616,0.07190438593546133,9222
2.6776180698151952,0.05098887610786792,0.40574549771709606,0.07210570819447748,9220
2.6803559206023273,0.05110675950293682,0.4059223228096994,0.07230705229598677,9217
2.6830937713894594,0.05122464289800572,0.4060991479023028,0.07250846196765504,9212
2.6858316221765914,0.05122464289800572,0.4062170312973717,0.07250846196765504,9207
2.6913073237508556,0.05128358459554017,0.4062170312973717,0.07260922150464932,9205
2.6940451745379876,0.05128358459554017,0.4064527980875095,0.07260922150464932,9204
2.6967830253251197,0.051342526293074627,0.4068064482727162,0.07271002485013789,9200
2.6995208761122518,0.051342526293074627,0.4071012529655531,0.07271002485013789,9190
2.702258726899384,0.05151940910877676,0.40757294047409215,0.07301289582732351,9185
2.704996577686516,0.05157845371639789,0.4076319850817133,0.07311408424607391,9161
2.707734428473648,0.05163750477134459,0.4078091382465534,0.07321529476319044,9158
2.7104722792607805,0.05175704332883732,0.40786890752529975,0.07342024494126143,9044
2.7132101300479126,0.05175704332883732,0.4079286768040461,0.07342024494126143,9041
2.7159479808350446,0.05175704332883732,0.40804821536153885,0.07342024494126143,9040
2.7186858316221767,0.05187658188633005,0.4081079846402852,0.07362528582531958,9038
2.7214236824093088,0.05199612044382278,0.40816775391903154,0.07383034940344346,9035
2.724161533196441,0.052115659001315505,0.40846660031276333,0.0740354356856836,9032
2.726899383983573,0.052115659001315505,0.4085263695915097,0.0740354356856836,9025
2.729637234770705,0.052115659001315505,0.4086459081490024,0.0740354356856836,9024
2.732375085557837,0.052175428280061865,0.4091240623789733,0.07413806975399595,9022
2.735112936344969,0.052175428280061865,0.40918383165771965,0.07413806975399595,9013
2.737850787132101,0.052175428280061865,0.40918383165771965,0.07413806975399595,9005
2.7405886379192332,0.052235250663453935,0.40936329880789585,0.07424089760053587,9004
2.7433264887063653,0.052235250663453935,0.4099017002584245,0.07424089760053587,9000
2.746064339493498,0.05235489543023808,0.41002134502520865,0.07444682777568867,8991
2.74880219028063,0.05235489543023808,0.410320456942169,0.07444682777568867,8987
2.751540041067762,0.05241471781363015,0.4104401017089532,0.074549873107711,8982
2.754277891854894,0.052534362580414294,0.4104401017089532,0.07475600967679275,8979
2.757015742642026,0.05259418496380636,0.4109785031594818,0.07485907796133351,8977
2.759753593429158,0.05271382973059051,0.411157970309658,0.07506542142560002,8967
2.7624914442162902,0.05277365211398258,0.41151690461001045,0.07516862769413091,8962
2.7652292950034223,0.05307276403094294,0.41157672699340253,0.07568500478642903,8955
2.7679671457905544,0.05307276403094294,0.4117563346345261,0.07568500478642903,8942
2.7707049965776864,0.05307276403094294,0.411816203848234,0.07568500478642903,8939
2.7734428473648185,0.05313263324465079,0.41187607306194185,0.07578841886063059,8938
2.7761806981519506,0.05313263324465079,0.41193594897617725,0.07578841886063059,8935
2.7789185489390826,0.05331226098735703,0.4122353285473543,0.07609876526128179,8934
2.7816563997262147,0.05343201281582785,0.4126544599470022,0.07630577875775024,8926
2.784394250513347,0.05355176464429867,0.41271433586123757,0.0765129547634118,8917
2.7871321013004793,0.05367151647276949,0.4128340876897084,0.07672015401071641,8914
2.7898699520876113,0.0537313923870049,0.4128939636039438,0.07682377688905417,8910
2.7926078028747434,0.0537313923870049,0.41301371543241466,0.07682377688905417,8908
2.7953456536618755,0.053791268301240314,0.41349272274629795,0.07692743467292018,8906
2.7980835044490076,0.053911020129711135,0.41355259866053334,0.0771349366545605,8897
2.8008213552361396,0.053970896043946545,0.41361247457476874,0.07723869931065963,8894
2.8035592060232717,0.054030771958181956,0.41361247457476874,0.07734247363597335,8892
2.8062970568104038,0.05409072879492788,0.41367243141151466,0.07744638821265581,8879
2.809034907597536,0.054150692386612596,0.4139122857782535,0.07755032620406943,8876
2.811772758384668,0.054150692386612596,0.4140323076694618,0.07755032620406943,8864
2.8145106091718,0.054210845876030526,0.4143330751165515,0.07765466391177167,8841
2.817248459958932,0.054210845876030526,0.41493495063071617,0.07765466391177167,8830
2.8199863107460645,0.05433141235422568,0.4151158003480089,0.07786414502376082,8806
2.8227241615331966,0.05433141235422568,0.4152363805269402,0.07786414502376082,8800
2.8254620123203287,0.054391702443691334,0.41529667061640585,0.07796895701000506,8798
2.8281998631074607,0.054391702443691334,0.4153569607058715,0.07796895701000506,8796
2.830937713894593,0.05445199938897794,0.41565844543230457,0.078073804751987,8794
2.833675564681725,0.05457263446130093,0.41583939804078907,0.07828369119370537,8785
2.836413415468857,0.054694085663570834,0.41602157484419394,0.07849506977616294,8721
2.839151266255989,0.054694085663570834,0.4163864307767483,0.07849506977616294,8704
2.841889117043121,0.054754964977976876,0.4166908273487785,0.07860113618157538,8688
2.844626967830253,0.054754964977976876,0.416934541104478,0.07860113618157538,8675
2.847364818617385,0.05481589341690175,0.41717825486017746,0.07870739830403162,8671
2.8501026694045173,0.05499867873367636,0.4172391832991023,0.07902633181488883,8666
2.8528405201916494,0.05505967054437406,0.41760513416328854,0.0791327658456511,8653
2.855578370978782,0.055120683525432985,0.4182152639738778,0.07923931070671253,8643
2.858316221765914,0.055120683525432985,0.4188864067655261,0.07923931070671253,8632
2.861054072553046,0.055120683525432985,0.4192528246754592,0.07923931070671253,8613
2.863791923340178,0.055120683525432985,0.4192528246754592,0.07923931070671253,8599
2.86652977412731,0.055120683525432985,0.41961962613519344,0.07923931070671253,8598
2.869267624914442,0.05518181710205535,0.41992529401830525,0.07934647559140684,8592
2.8720054757015743,0.0552429649222883,0.42188202426575966,0.07945372786591864,8584
2.8747433264887063,0.0553652605627542,0.4267127020641627,0.07966903514509871,8551
2.8774811772758384,0.0553652605627542,0.43038157127813964,0.07966903514509871,8470
2.8802190280629705,0.055426408382987145,0.43258289280652584,0.07977846807789957,8410
2.8829568788501025,0.055426408382987145,0.43294977972792353,0.07977846807789957,8373
2.8856947296372346,0.055487556203220094,0.43307207536838943,0.07988845033341796,8367
2.8884325804243667,0.055487556203220094,0.4331332231886224,0.07988845033341796,8364
2.891170431211499,0.055548711336036186,0.43362246425115114,0.07999848519943886,8362
2.8939082819986313,0.05567110952087213,0.433928459713241,0.08021892404328712,8347
2.8966461327857633,0.05567110952087213,0.43405085789807696,0.08021892404328712,8340
2.8993839835728954,0.05567110952087213,0.4341732560829129,0.08021892404328712,8338
2.9021218343600275,0.0557323086132901,0.4346628488222567,0.08032926246410732,8336
2.9048596851471595,0.05585470679812604,0.43496884428434657,0.08055015131664389,8327
2.9075975359342916,0.05585470679812604,0.4351524415616005,0.08055015131664389,8320
2.9103353867214237,0.055915905890544015,0.4356420343009443,0.08066070197778175,8317
2.9130732375085557,0.055915905890544015,0.4360704279478701,0.08066070197778175,8308
2.915811088295688,0.05597714924993661,0.4361929146666553,0.08077153251401104,8295
2.91854893908282,0.05603839999605691,0.43625416541277556,0.08088240315295514,8291
2.921286789869952,0.05603839999605691,0.43625416541277556,0.08088240315295514,8281
2.924024640657084,0.05628366928812994,0.4363768000588121,0.08132642131568324,8280
2.926762491444216,0.05628366928812994,0.4366220693508851,0.08132642131568324,8274
2.9295003422313486,0.05628366928812994,0.4368673386429581,0.08132642131568324,8270
2.9322381930184807,0.05634499403006205,0.4372352870945508,0.08143757359380599,8265
2.9349760438056127,0.05640634849079326,0.4374193504767444,0.08154886053667076,8254
2.937713894592745,0.05646770295152447,0.43754205939820684,0.08166018794751473,8250
2.940451745379877,0.05646770295152447,0.4376647980853264,0.08166018794751473,8245
2.943189596167009,0.056590441638644004,0.43821712217736425,0.08188300483749467,8243
2.945927446954141,0.056713180325763536,0.43870807692584235,0.0821060653319462,8232
2.948665297741273,0.0567745496693233,0.4399968331405974,0.0822177040980211,8222
2.951403148528405,0.05695865770000259,0.4406718959197548,0.08255347810871694,8200
2.954140999315537,0.0570200345413441,0.44097878012646236,0.08266556687131821,8185
2.9568788501026693,0.0570200345413441,0.4415317125298389,0.08266556687131821,8171
2.9596167008898013,0.057081479003166034,0.4416546014534828,0.08277797153166966,8161
2.9623545516769334,0.057081479003166034,0.4418389348389486,0.08277797153166966,8158
2.965092402464066,0.05714292346498797,0.44190037930077053,0.08289044510965482,8155
2.967830253251198,0.05714292346498797,0.44214615714805827,0.08289044510965482,8153
2.97056810403833,0.05714292346498797,0.4423304905335241,0.08289044510965482,8149
2.973305954825462,0.057204367926809906,0.442391934995346,0.0830030291453644,8146
2.976043805612594,0.057204367926809906,0.4425762683808118,0.0830030291453644,8144
2.9787816563997263,0.05732725685045378,0.44276060176627763,0.08322830785089308,8141
2.9815195071868583,0.05732725685045378,0.4432521574608531,0.08322830785089308,8136
2.9842573579739904,0.05732725685045378,0.4434364908463189,0.08322830785089308,8128
2.9869952087611225,0.05732725685045378,0.44368229894691136,0.08322830785089308,8124
2.9897330595482545,0.05732725685045378,0.4439281070475038,0.08322830785089308,8120
2.9924709103353866,0.057388708875601886,0.4448498874247254,0.08334126641325745,8116
2.9952087611225187,0.057388708875601886,0.4452805833240947,0.08334126641325745,8090
2.9979466119096507,0.05745023686122607,0.44552669526659144,0.08345467217022717,8083
3.0006844626967832,0.05757329283247444,0.44558822325221564,0.08368159599489411,8078
3.0034223134839153,0.05757329283247444,0.44595743688901174,0.08368159599489411,8074
3.0061601642710474,0.05757329283247444,0.4461420437074098,0.08368159599489411,8068
3.0088980150581794,0.05763483606951066,0.446203586944446,0.08379522674935902,8064
3.0116358658453115,0.057757937812963345,0.44638823955962503,0.08402254464372716,8061
3.0143737166324436,0.057757937812963345,0.4466344430465304,0.08402254464372716,8056
3.0171115674195756,0.05788103955641603,0.4466344430465304,0.08425006015673175,8052
3.0198494182067077,0.05794259042814237,0.4466344430465304,0.084363817913234,8050
3.02258726899384,0.058004141299868715,0.4466959939182567,0.08447757566973624,8049
3.025325119780972,0.058004141299868715,0.4470037865262494,0.08447757566973624,8046
3.028062970568104,0.05812727365613087,0.4471884850606426,0.08470531756633581,8040
3.030800821355236,0.05812727365613087,0.44737318359503586,0.08470531756633581,8035
3.033538672142368,0.05825042134452555,0.4474347574392332,0.0849332579678882,8031
3.0362765229295,0.05831199518872289,0.4475579051276279,0.08504724236525141,8028
3.0390143737166326,0.05831199518872289,0.44798892203700924,0.08504724236525141,8025
3.0417522245037647,0.05843514287711757,0.44829679125799593,0.08527546704912137,8018
3.0444900752908968,0.058558305939755494,0.44872786197722864,0.08550386268781074,8010
3.047227926078029,0.05868156143245919,0.44891274521628416,0.08573262970152229,7995
3.049965776865161,0.05868156143245919,0.4490976284553397,0.08573262970152229,7990
3.052703627652293,0.05868156143245919,0.4492825116943952,0.08573262970152229,7987
3.055441478439425,0.05880483236490893,0.4495290535592947,0.08596168328295739,7983
3.058179329226557,0.0588664678311338,0.45020704368776826,0.08607626750217734,7977
3.060917180013689,0.05905139744758826,0.4507001893316468,0.08642053811964268,7964
3.0636550308008212,0.05905139744758826,0.45082352226579037,0.08642053811964268,7950
3.0663928815879533,0.05905139744758826,0.45119352106822114,0.08642053811964268,7948
3.0691307323750854,0.05905139744758826,0.45131704063479977,0.08642053811964268,7930
3.0718685831622174,0.0591131728149763,0.45150236673696387,0.08653580174087405,7926
3.07460643394935,0.059174948182364344,0.4515641421043519,0.08665110901154549,7922
3.077344284736482,0.05923672354975239,0.45193479430868017,0.08676643084121571,7920
3.080082135523614,0.05936027428452847,0.4519965696760682,0.08699724938517095,7913
3.082819986310746,0.05954560038669259,0.4521818957782323,0.08734352097200337,7910
3.0855578370978782,0.05954560038669259,0.4523054465130084,0.08734352097200337,7904
3.0882956878850103,0.059669182400135704,0.45267619255333774,0.08757457324517504,7900
3.0910335386721424,0.059669182400135704,0.4528616125628611,0.08757457324517504,7890
3.0937713894592744,0.059730989069976835,0.45298522590254336,0.08769026050607975,7887
3.0965092402464065,0.059730989069976835,0.45329425925174904,0.08769026050607975,7884
3.0992470910335386,0.0598546024096591,0.4534178725914313,0.08792184058971819,7879
3.1019849418206706,0.0598546024096591,0.45372690594063697,0.08792184058971819,7875
3.1047227926078027,0.0598546024096591,0.45397413262000147,0.08792184058971819,7870
3.1074606433949348,0.05991647200306331,0.45415974140021415,0.0880379106023691,7858
3.1101984941820673,0.059978341596467526,0.45440721977383103,0.08815402495039526,7854
3.1129363449691994,0.06004021118987174,0.45440721977383103,0.08827019847250628,7849
3.1156741957563314,0.06004021118987174,0.45774817781765875,0.08827019847250628,7848
3.1184120465434635,0.06004021118987174,0.46139848382850757,0.08827019847250628,7794
3.1211498973305956,0.060163950376680174,0.462945223663613,0.08850593985622379,7735
3.1238877481177276,0.060225827997798596,0.4638733879803894,0.08862420819152206,7707
3.1266255989048597,0.06041146086115387,0.4641208984648631,0.08897970518481624,7691
3.1293634496919918,0.06053531281235835,0.4641828244404653,0.08921701185186892,7678
3.132101300479124,0.060659164763562826,0.46436860236727207,0.08945434943835706,7675
3.134839151266256,0.06084494269036954,0.4648020841964877,0.08981049506439165,7670
3.137577002053388,0.060906868665971774,0.4652355660257034,0.08992931875955301,7660
3.14031485284052,0.060906868665971774,0.46535941797690783,0.08992931875955301,7652
3.143052703627652,0.06103073680909038,0.46542135204846713,0.09016727684067227,7649
3.1457905544147846,0.06109267088064969,0.46566908833470433,0.09028627144218415,7646
3.1485284052019167,0.06121653902376829,0.46566908833470433,0.09052438523057771,7641
3.1512662559890487,0.06121653902376829,0.46597928658584614,0.09052438523057771,7626
3.154004106776181,0.06121653902376829,0.46604134252158447,0.09052438523057771,7619
3.156741957563313,0.06121653902376829,0.4662895662645378,0.09052438523057771,7618
3.159479808350445,0.06127859495950663,0.4665377900074912,0.09064383303918944,7614
3.162217659137577,0.061464762766721644,0.4669721815576595,0.09100236484374757,7609
3.164955509924709,0.06152681870245998,0.46715834936487455,0.09112198553530648,7599
3.167693360711841,0.061712986509674994,0.46746862904356623,0.09148098935932147,7595
3.1704312114989732,0.06177504244541333,0.46753068497930456,0.09160073616446718,7587
3.1731690622861053,0.06177504244541333,0.46790302059373456,0.09160073616446718,7585
3.1759069130732374,0.06177504244541333,0.4679650765294729,0.09160073616446718,7579
3.1786447638603694,0.06177504244541333,0.4681512443366879,0.09160073616446718,7578
3.1813826146475015,0.061961210252628345,0.4683994680796413,0.09196049824915453,7575
3.184120465434634,0.061961210252628345,0.4684615240153796,0.09196049824915453,7568
3.186858316221766,0.061961210252628345,0.4684615240153796,0.09196049824915453,7567
3.189596167008898,0.061961210252628345,0.4685857508052558,0.09196049824915453,7560
3.19233401779603,0.062023323647566436,0.4685857508052558,0.09208064107817682,7558
3.1950718685831623,0.06208543704250453,0.46870997759513194,0.0922007839071991,7557
3.1978097193702943,0.06208543704250453,0.4688963671285121,0.0922007839071991,7552
3.2005475701574264,0.06208543704250453,0.46914488650635233,0.0922007839071991,7549
3.2032854209445585,0.062147566886964586,0.46926914619527244,0.09232110189475284,7545
3.2060232717316905,0.062271958521399884,0.4693313420124901,0.09256205726988032,7534
3.2087611225188226,0.06233415433861753,0.46964232109857834,0.09268255095501243,7531
3.2114989733059547,0.06245854597305283,0.469704516915796,0.09292369844977522,7525
3.2142368240930868,0.06252074179027048,0.4699533001846666,0.09304428822663646,7522
3.216974674880219,0.06252074179027048,0.4700155042770063,0.09304428822663646,7516
3.2197125256673513,0.06264514997494984,0.470077708369346,0.09328566033888486,7515
3.2224503764544834,0.06270735406728953,0.47020211655402533,0.09340636246077794,7512
3.2251882272416155,0.06276955815962922,0.4704509329233841,0.0935270967313252,7509
3.2279260780287475,0.06289396634430858,0.47063754520040313,0.09376869398699383,7504
3.2306639288158796,0.06308057862132763,0.4708241574774222,0.09413123484818053,7499
3.2361396303901437,0.06320498680600699,0.4711973820314603,0.094373025523518,7493
3.238877481177276,0.0632672324786223,0.4713218733766909,0.09449409864844804,7480
3.241615331964408,0.06339174047598578,0.47150863537273613,0.09473634206775028,7476
3.24435318275154,0.06339174047598578,0.4718199053661448,0.09473634206775028,7471
3.247091033538672,0.06357850247203099,0.4718821593648266,0.0951000965512484,7466
3.249828884325804,0.06357850247203099,0.4718821593648266,0.0951000965512484,7462
3.252566735112936,0.06364077316079281,0.47206897143111204,0.0952213968064024,7460
3.2553045859000687,0.06376531453831644,0.4723180541861593,0.09546409492957664,7456
3.2580424366872007,0.06382758522707825,0.47325211451758653,0.09558550914502228,7450
3.260780287474333,0.06388985591584007,0.4735011972726338,0.09570716834476067,7434
3.263518138261465,0.06395217693790817,0.4738128023829743,0.09582899143941992,7423
3.266255989048597,0.06401452317754656,0.47399984110188953,0.09595094598602905,7414
3.268993839835729,0.06413921565682337,0.47512207341538076,0.09619495382786813,7410
3.271731690622861,0.06420156189646177,0.4817931210566898,0.09631725491665999,7390
3.274469541409993,0.06420156189646177,0.48360116200620346,0.09631725491665999,7282
3.277207392197125,0.06426390813610017,0.4841622781629491,0.0964418492562551,7253
3.2799452429842573,0.06426390813610017,0.4842246933410695,0.0964418492562551,7235
3.2826830937713893,0.06426390813610017,0.4844119388754306,0.0964418492562551,7234
3.2854209445585214,0.06432632331422054,0.484474354053551,0.09656680543807561,7231
3.2881587953456535,0.06438873849234092,0.4846615995879121,0.09669177890529956,7229
3.2908966461327855,0.0644511536704613,0.4849112603003936,0.09681680426462069,7225
3.293634496919918,0.06451356884858167,0.4850360906566344,0.09694189889006877,7220
3.29637234770705,0.06451356884858167,0.4855480387634618,0.09694189889006877,7039
3.299110198494182,0.06464402358687914,0.48626553982409787,0.09720373075469901,6898
3.3018480492813143,0.0647095077566938,0.48652747650335654,0.09733537208879728,6858
3.3045859000684463,0.0647095077566938,0.48665863623322353,0.09733537208879728,6843
3.3073237508555784,0.06484066748656081,0.486855375828024,0.09759927053285844,6841
3.3100616016427105,0.06490637230213833,0.48724960472148915,0.09773152917707173,6823
3.3127994524298425,0.06503861621856424,0.48744797059612804,0.09799796014438988,6773
3.3155373032169746,0.06510488504918549,0.48771304591861303,0.09813153071152392,6753
3.3182751540041067,0.06510488504918549,0.48817713405548857,0.09813153071152392,6745
3.3210130047912387,0.06510488504918549,0.4884424454027167,0.09813153071152392,6735
3.323750855578371,0.06510488504918549,0.48864145847978124,0.09813153071152392,6730
3.326488706365503,0.06510488504918549,0.4887741338644909,0.09813153071152392,6727
3.3292265571526354,0.06517122274154033,0.48897314694155547,0.09826563754710582,6725
3.3319644079397674,0.06530431397447074,0.48963860310620755,0.09853481198365888,6700
3.3347022587268995,0.06530431397447074,0.48970520847629423,0.09853481198365888,6682
3.3374401095140316,0.06537094926610734,0.48970520847629423,0.09866980227836031,6678
3.3401779603011637,0.06543764449055009,0.489771903700737,0.09880491398540892,6671
3.3429158110882957,0.06543764449055009,0.49037216072072176,0.09880491398540892,6669
3.345653661875428,0.0655710349394356,0.49063894161849275,0.09907554314036826,6660
3.34839151266256,0.0655710349394356,0.49110580818959204,0.09907554314036826,6654
3.351129363449692,0.0655710349394356,0.49110580818959204,0.09907554314036826,6647
3.353867214236824,0.06563775023768556,0.49110580818959204,0.09921112244162622,6645
3.356605065023956,0.06563775023768556,0.4914393846808418,0.09921112244162622,6644
3.359342915811088,0.06577120093520936,0.4918397367734132,0.09948252614080022,6638
3.36208076659822,0.06577120093520936,0.4920399128196989,0.09948252614080022,6630
3.3648186173853527,0.06583792628397125,0.4920399128196989,0.09961841228443369,6627
3.3675564681724848,0.06583792628397125,0.4921733635172227,0.09961841228443369,6626
3.370294318959617,0.06590468186623961,0.49224011909949106,0.09975440104560507,6621
3.373032169746749,0.06603819303077633,0.4926406525931012,0.10002641965837267,6619
3.375770020533881,0.0661049486130447,0.4931079416689797,0.10016255240384864,6611
3.378507871321013,0.06617175478305348,0.49317474783898846,0.10029893273843427,6598
3.381245722108145,0.0662385913517442,0.4933084209763699,0.1004353958155253,6593
3.383983572895277,0.0662385913517442,0.493776276957205,0.1004353958155253,6590
3.3867214236824092,0.06637226448912566,0.49444464264411225,0.10070869510283631,6583
3.3894592744695413,0.06657280471417897,0.49457833612748114,0.10111933040187615,6570
3.3921971252566734,0.06657280471417897,0.49484572309421887,0.10111933040187615,6565
3.3949349760438055,0.0666396514558634,0.4953804970276944,0.10125633400949674,6561
3.3976728268309375,0.0666396514558634,0.49551419051106327,0.10125633400949674,6552
3.403148528405202,0.06670649819754783,0.4957147307361166,0.10139354678293044,6550
3.405886379192334,0.0668401916809167,0.4958484242194855,0.10166809809769273,6546
3.4086242299794662,0.0669071305120968,0.4963169960377462,0.10180560489424906,6533
3.4113620807665983,0.0669071305120968,0.4965848334582277,0.10180560489424906,6523
3.4140999315537304,0.06697408986721717,0.4965848334582277,0.10194338590285557,6519
3.4168377823408624,0.06704104922233754,0.49665179281334804,0.10208116691146207,6518
3.4195756331279945,0.06717496793257828,0.49685267087870916,0.10235677121873299,6516
3.4223134839151266,0.06724192728769865,0.497187467654311,0.10249463686591176,6511
3.4250513347022586,0.06724192728769865,0.4973883457196721,0.10249463686591176,6505
3.4277891854893907,0.06724192728769865,0.4975893783779725,0.10249463686591176,6497
3.430527036276523,0.06737596970086185,0.4978574632042989,0.10277109008110785,6493
3.433264887063655,0.06751003278044707,0.4979244947440915,0.10304775641164099,6486
3.436002737850787,0.06751003278044707,0.4980586405914369,0.10304775641164099,6479
3.4387405886379194,0.06757716789505502,0.4981929108206528,0.10318636748312737,6471
3.4414784394250515,0.06757716789505502,0.4982600459352608,0.10318636748312737,6468
3.4442162902121836,0.06771143812427094,0.4983271810498688,0.10346371822768186,6467
3.4469541409993156,0.06771143812427094,0.4985285863936927,0.10346371822768186,6464
3.4496919917864477,0.06771143812427094,0.499669883342028,0.10346371822768186,6461
3.4524298425735798,0.0677785732388789,0.49993842380045983,0.1036028455215634,6444
3.455167693360712,0.06791284346809481,0.5000726940296758,0.10388127296510385,6439
3.457905544147844,0.06804732267821224,0.5002071732397932,0.10416022042877227,6425
3.460643394934976,0.06811457275672969,0.5005434236323805,0.1042997593352476,6420
3.463381245722108,0.06824907291376459,0.500610673710898,0.10457905470184092,6414
3.46611909650924,0.06831633348371394,0.500812455420746,0.10471874595695763,6410
3.468856947296372,0.06845085462361264,0.5012832794103915,0.10499825930508222,6406
3.4715947980835042,0.06851815727744746,0.5015524900257308,0.10513825644894192,6393
3.4743326488706368,0.0686527625851171,0.5019563059487396,0.10541842606182583,6388
3.477070499657769,0.06872007578961092,0.5020236191532335,0.10555866459042562,6379
3.479808350444901,0.06878738899410475,0.5022255587667149,0.10569892511032675,6377
3.482546201232033,0.06885470219859857,0.5023601851757026,0.10583925165589236,6373
3.485284052019165,0.0689220154030924,0.5024948115846902,0.105979622260028,6370
3.488021902806297,0.0689220154030924,0.5026968146513103,0.105979622260028,6365
3.490759753593429,0.06898934975863241,0.5028988177179304,0.10612014731154329,6362
3.4934976043805612,0.06898934975863241,0.5029662369041547,0.10612014731154329,6350
3.4962354551676933,0.06898934975863241,0.5034381712077238,0.10612014731154329,6349
3.4989733059548254,0.06905676894485657,0.5035730095801721,0.1062610933621091,6342
3.5017111567419574,0.06905676894485657,0.5037752671388447,0.1062610933621091,6339
3.5044490075290895,0.06905676894485657,0.5038426863250689,0.1062610933621091,6336
3.5071868583162216,0.06905676894485657,0.5039775246975172,0.1062610933621091,6335
3.509924709103354,0.06905676894485657,0.5042472014424139,0.1062610933621091,6333
3.512662559890486,0.06919162862551799,0.5047192103247288,0.10654356457153957,6328
3.515400410677618,0.0693266592580801,0.5047867256410098,0.10682670715922093,6311
3.5181382614647503,0.0693266592580801,0.505056786906134,0.10682670715922093,6308
3.5208761122518824,0.0694616898906422,0.505056786906134,0.10711007432065522,6304
3.5236139630390144,0.06959672052320431,0.5057319400689445,0.10739344148208951,6302
3.5263518138261465,0.06959672052320431,0.5060021302005863,0.10739344148208951,6287
3.5290896646132786,0.06973190165054186,0.5061373113279238,0.10767775635978272,6279
3.5318275154004106,0.06973190165054186,0.5064752641462676,0.10767775635978272,6275
3.5345653661875427,0.06973190165054186,0.5065428547099364,0.10767775635978272,6270
3.5373032169746748,0.06973190165054186,0.5068808075282802,0.10767775635978272,6269
3.540041067761807,0.06993467334154817,0.506948398091949,0.10810511375616205,6264
3.542778918548939,0.07006985446888571,0.5070835792192866,0.1083900641990514,6260
3.5455167693360714,0.07020507882651661,0.5074892522921793,0.10867519689358318,6254
3.5482546201232035,0.07020507882651661,0.5077597010074412,0.10867519689358318,6246
3.5509924709103355,0.07027270183888099,0.5078949470321699,0.10881801451946149,6241
3.5537303216974676,0.07034032485124536,0.5081654390816274,0.10896087793489606,6238
3.5564681724845997,0.07040794786360974,0.5085035541434493,0.10910383303229143,6233
3.5592060232717317,0.07054319388833848,0.508638800168178,0.10938997280006646,6227
3.561943874058864,0.07061095846256447,0.508638800168178,0.10953338826338366,6210
3.564681724845996,0.07061095846256447,0.5087743948318484,0.10953338826338366,6206
3.567419575633128,0.07061095846256447,0.509317210959231,0.10953338826338366,6199
3.57015742642026,0.07061095846256447,0.5095207670069994,0.10953338826338366,6191
3.572895277207392,0.07061095846256447,0.5099278791025363,0.10953338826338366,6188
3.575633127994524,0.0706788104784873,0.5099957311184592,0.10967743009640485,6182
3.578370978781656,0.07074666249441013,0.5101992871662276,0.10982149523716589,6180
3.5811088295687883,0.07088236652625578,0.510470695229919,0.11010976547834561,6176
3.583846680355921,0.07101829085685442,0.5105386573952183,0.11039869087916432,6160
3.586584531143053,0.0710862751057168,0.5108785786395302,0.11054322399193783,6155
3.589322381930185,0.0710862751057168,0.5111505598667617,0.11054322399193783,6148
3.592060232717317,0.07115427041252466,0.5112185551735696,0.11068799234740789,6144
3.594798083504449,0.07115427041252466,0.5112865504803775,0.11068799234740789,6142
3.597535934291581,0.07122226571933252,0.511558531707609,0.11083280785101524,6141
3.600273785078713,0.07129026102614038,0.5119665035484562,0.1109777177584711,6136
3.6030116358658453,0.07142638489856415,0.5123068132295157,0.11126810556910038,6123
3.6057494866529773,0.07142638489856415,0.5124429593625891,0.11126810556910038,6115
3.6084873374401094,0.07142638489856415,0.5125110324291258,0.11126810556910038,6113
3.6112251882272415,0.07149445796510084,0.5127833246952725,0.11141351327434112,6112
3.6139630390143735,0.07149445796510084,0.5131917630944928,0.11141351327434112,6107
3.6167008898015056,0.07156253103163754,0.5137363476267863,0.1115591593137979,6101
3.619438740588638,0.07163060409817423,0.5139405668263964,0.11170499661528932,6092
3.62217659137577,0.07176675023124764,0.5152339550905938,0.11199681494754454,6088
3.6249144421629023,0.07183482329778433,0.5155062473567406,0.11214318105683285,6067
3.6276522929500343,0.07190289636432103,0.515642393489814,0.11228964374554007,6062
3.6303901437371664,0.07197105942995412,0.5157787196210802,0.11243634848132833,6051
3.6331279945242985,0.0721074081056442,0.5158468939589252,0.11272990351738543,6047
3.6358658453114305,0.0721074081056442,0.5161195913103054,0.11272990351738543,6044
3.6386036960985626,0.0721074081056442,0.5163241143238405,0.11272990351738543,6040
3.6413415468856947,0.0721074081056442,0.5164604629995306,0.11272990351738543,6037
3.6440793976728267,0.0721074081056442,0.5167332055443731,0.11272990351738543,6034
3.646817248459959,0.0721074081056442,0.5168697579808892,0.11272990351738543,6022
3.649555099247091,0.07238060374134607,0.5168697579808892,0.11331964768254499,6018
3.652292950034223,0.07244890265027154,0.5170063557987401,0.11346708372383485,6014
3.6550308008213555,0.07251720155919701,0.5181674372504731,0.11361456882053689,6011
3.6577686516084875,0.07258551186647176,0.5184406784795721,0.11376249696325702,5992
3.6605065023956196,0.07272213248102127,0.5186456094013964,0.11405855091449701,5987
3.6632443531827517,0.07272213248102127,0.5191237815523196,0.11405855091449701,5982
3.6659822039698837,0.07279044278829602,0.5193287124741439,0.1142068256340093,5975
3.668720054757016,0.07279044278829602,0.5193970342236812,0.1142068256340093,5970
3.671457905544148,0.0728587645378333,0.5196703212218303,0.11435522455750835,5969
3.67419575633128,0.07292708628737057,0.5197386429713676,0.11450372301080192,5964
3.676933607118412,0.07299541949836559,0.5198069761823626,0.1146522712874316,5961
3.679671457905544,0.07306375270936061,0.5201486422373377,0.11480084449245131,5959
3.682409308692676,0.07306375270936061,0.5203536418703227,0.11480084449245131,5953
3.685147159479808,0.07320041913135063,0.5203536418703227,0.1150983904270757,5950
3.6878850102669403,0.07320041913135063,0.5204903772577065,0.1150983904270757,5945
3.6906228610540723,0.07333715451873442,0.5206271126450903,0.11539618669481022,5943
3.693360711841205,0.07340552221242631,0.5206954803387822,0.1155451349711707,5939
3.696098562628337,0.07347388990611821,0.5209689511135498,0.1156941083356694,5937
3.698836413415469,0.073610625293502,0.5210373188072417,0.11599225597277807,5932
3.701574264202601,0.073610625293502,0.5211056980339454,0.11599225597277807,5928
3.704312114989733,0.07367901605905593,0.5213108703306071,0.1161414304149021,5926
3.707049965776865,0.07367901605905593,0.5213793304579922,0.1161414304149021,5916
3.7097878165639973,0.07388443116904052,0.5214478021613205,0.11658978613163451,5914
3.7125256673511293,0.07388443116904052,0.5215162738646487,0.11658978613163451,5910
3.7152635181382614,0.07388443116904052,0.5219271736225698,0.11658978613163451,5908
3.7180013689253935,0.07388443116904052,0.5269264540106099,0.11658978613163451,5902
3.7207392197125255,0.07395291446202737,0.52822763657736,0.11674134046580309,5829
3.7234770704996576,0.07395291446202737,0.5293920530085464,0.11674134046580309,5808
3.7262149212867897,0.07395291446202737,0.5297347059392041,0.11674134046580309,5788
3.728952772073922,0.07395291446202737,0.5298717671114672,0.11674134046580309,5783
3.7316906228610542,0.07402144504815893,0.5319962152815454,0.1168941269490299,5781
3.7344284736481863,0.07408997563429048,0.5330241740735187,0.11704773729396822,5749
3.7371663244353184,0.07422703680655358,0.5339836022793604,0.11735576180563967,5733
3.7399041752224504,0.07429560337304188,0.5359034661410325,0.11751023227084689,5714
3.7426420260095825,0.07429560337304188,0.5362464799834171,0.11751023227084689,5682
3.7453798767967146,0.07436420614151881,0.5363150827518941,0.1176656822915848,5677
3.7481177275838466,0.0745700144469496,0.5365208910573249,0.11813211453002104,5675
3.7508555783709787,0.0746386535388126,0.5370013647003659,0.11828775658534574,5666
3.753593429158111,0.0746386535388126,0.537551741999584,0.11828775658534574,5645
3.756331279945243,0.0746386535388126,0.5381709164612044,0.11828775658534574,5637
3.759069130732375,0.0747075241240136,0.5385152693872094,0.11844458907261268,5622
3.761806981519507,0.0747075241240136,0.538721917939207,0.11844458907261268,5615
3.7645448323066395,0.07477651761998662,0.5392738659069911,0.11860192539439163,5603
3.7672826830937716,0.07477651761998662,0.5397568203788022,0.11860192539439163,5594
3.7700205338809036,0.07484551111595963,0.5400327943626942,0.11875968413335802,5587
3.7727583846680357,0.07484551111595963,0.5401018744872721,0.11875968413335802,5575
3.7754962354551678,0.07505290031581427,0.5404475231536965,0.11923431985106003,5570
3.7782340862423,0.07505290031581427,0.5407242410929052,0.11923431985106003,5558
3.780971937029432,0.0751220922586544,0.5407934330357453,0.11939293063444723,5553
3.783709787816564,0.07519129666851126,0.5408626374456023,0.11955159857487341,5550
3.786447638603696,0.07519129666851126,0.5409318418554592,0.11955159857487341,5548
3.789185489390828,0.07539890989808186,0.5410010462653161,0.12002777402183129,5547
3.79192334017796,0.07553731871779559,0.5414854771343142,0.12034528159028823,5543
3.7946611909650922,0.0759526952949625,0.5416239359933698,0.12129935395298852,5532
3.7973990417522243,0.07609115415401814,0.5418316242819532,0.12161749321658266,5524
3.800136892539357,0.07609115415401814,0.541900853711481,0.12161749321658266,5519
3.802874743326489,0.07609115415401814,0.5421779723129568,0.12161749321658266,5514
3.805612594113621,0.07609115415401814,0.5424552418778982,0.12161749321658266,5507
3.808350444900753,0.07616048414383422,0.5435645217149555,0.12177714107314086,5502
3.811088295687885,0.07616048414383422,0.5455089519260501,0.12177714107314086,5476
3.813826146475017,0.0763712924075397,0.5460008378746962,0.1222664925918594,5384
3.8165639972621492,0.07644190345273749,0.546424504145883,0.12243061628434415,5348
3.8193018480492813,0.07644190345273749,0.5467074250704151,0.12243061628434415,5332
3.8220396988364134,0.07644190345273749,0.5468490716298877,0.12243061628434415,5321
3.8247775496235454,0.0765127933708627,0.5472035212205137,0.12259575918681231,5314
3.8275154004106775,0.0765836832889879,0.547274411138639,0.12276105764966327,5308
3.8302532511978096,0.07665459993785147,0.547416244436366,0.12292644960711996,5304
3.8329911019849416,0.07672552996721482,0.5476999645538194,0.1230919351826657,5300
3.8357289527720737,0.07722260342880544,0.5477709750483324,0.12425252441573842,5289
3.838466803559206,0.07736470514215249,0.5480551784750265,0.12458437264445543,5278
3.8412046543463383,0.07757866941274436,0.5481264998985571,0.12508441965170347,5252
3.8439425051334704,0.07772133944540634,0.548197834914888,0.1254179113918782,5247
3.8466803559206024,0.07772133944540634,0.5483406683725588,0.1254179113918782,5238
3.8494182067077345,0.07786425478734482,0.5485550413854665,0.12575216787519872,5233
3.8521560574948666,0.07786425478734482,0.5490552450822512,0.12575216787519872,5228
3.8548939082819986,0.07793575354168181,0.5491982425909252,0.1259197124961502,5218
3.8576317590691307,0.07793575354168181,0.549269782499572,0.1259197124961502,5212
3.8603696098562628,0.07800737591708214,0.5496278943765737,0.12608764338712108,5205
3.863107460643395,0.07800737591708214,0.5497711666850409,0.12608764338712108,5198
3.865845311430527,0.07800737591708214,0.5502727162907743,0.12608764338712108,5195
3.868583162217659,0.07800737591708214,0.5506310350759991,0.12608764338712108,5187
3.871321013004791,0.07807905350615894,0.5507743902541526,0.12625631977326524,5181
3.8740588637919235,0.07829412780956228,0.5509894645575559,0.12676264216860622,5177
3.8767967145790556,0.07850924371341116,0.5511328751601219,0.12726935630274439,5170
3.8795345653661877,0.07865265431597707,0.5515631069678196,0.1276072965326368,5165
3.8822724161533197,0.07872437352441698,0.552136860635339,0.12777649604843733,5156
3.885010266940452,0.07872437352441698,0.552638992652611,0.12777649604843733,5146
3.887748117727584,0.07872437352441698,0.553069559092739,0.12777649604843733,5137
3.890485968514716,0.07886789567112633,0.5535718866062218,0.1281164779248558,5131
3.893223819301848,0.07901141781783567,0.5539306919729952,0.1284569244387469,5122
3.89596167008898,0.07901141781783567,0.5542177362664139,0.1284569244387469,5115
3.898699520876112,0.07901141781783567,0.5546486399428373,0.1284569244387469,5107
3.9014373716632442,0.07915508054028247,0.5550796281101776,0.12879870603700616,5100
3.9041752224503763,0.07922691190150587,0.5556542789999648,0.12896979819999965,5092
3.9069130732375084,0.07922691190150587,0.5559418307299104,0.12896979819999965,5079
3.909650924024641,0.07929879983399228,0.5565888221222882,0.12914142976685683,5075
3.912388774811773,0.0793706877664787,0.556732597987261,0.12931336630589596,5065
3.915126625598905,0.07944260411316768,0.556876430680639,0.12948543876314778,5060
3.917864476386037,0.07958660766304144,0.5570924360054497,0.12983012874977884,5051
3.920602327173169,0.07958660766304144,0.5573084413302604,0.12983012874977884,5046
3.923340177960301,0.07958660766304144,0.5573804431051973,0.12983012874977884,5043
3.9260780287474333,0.07965872386272992,0.5576689079039512,0.1300029872859827,5034
3.9288158795345653,0.07965872386272992,0.5578854718181032,0.1300029872859827,5024
3.9315537303216974,0.07980315733725439,0.55810212202989,0.13034966870168863,5019
3.9342915811088295,0.07994759081177887,0.5582465555044144,0.1306965575454454,5014
3.9370294318959616,0.07994759081177887,0.5583187722416766,0.1306965575454454,5010
3.9397672826830936,0.0800198075490411,0.558463205716201,0.13087010584699343,5009
3.9425051334702257,0.08009202428630334,0.5586076391907254,0.13104372348465876,5006
3.9452429842573578,0.08009202428630334,0.5588243760452682,0.13104372348465876,5001
3.9479808350444903,0.08038106459022043,0.5592579365011439,0.13173930585529348,4997
3.9507186858316223,0.0804533536572031,0.5594748037020919,0.13191348051811091,4985
3.9534565366187544,0.08052564272418578,0.5601976943719187,0.13208776008435907,4981
3.9561943874058865,0.08059793179116845,0.560559139706832,0.13226239031371834,4970
3.9589322381930185,0.08081479899211648,0.5607037178407974,0.13278680869185266,4964
3.9616700889801506,0.08081479899211648,0.5609928741087281,0.13278680869185266,4959
3.9644079397672827,0.08088708805909915,0.5611374522426935,0.1329618264903003,4955
3.9671457905544147,0.08110413057710535,0.561643884784708,0.13348751657124802,4948
3.969883641341547,0.08110413057710535,0.5619332748087162,0.13348751657124802,4938
3.972621492128679,0.08110413057710535,0.5620780284967187,0.13348751657124802,4932
3.978097193702943,0.0811765074211066,0.5626570432487288,0.13366327975247094,4930
3.980835044490075,0.0811765074211066,0.5628017969367313,0.13366327975247094,4921
3.9835728952772076,0.08139368210327953,0.5629465800581799,0.1341917486749481,4918
3.9863107460643397,0.08139368210327953,0.5632362642266495,0.1341917486749481,4911
3.9890485968514717,0.08139368210327953,0.5635259483951192,0.1341917486749481,4907
3.991786447638604,0.08139368210327953,0.5636708200269027,0.1341917486749481,4902
3.997262149212868,0.08146611791917133,0.5637432558427945,0.134368444236443,4900
4.0,0.08146611791917133,0.5638881274745781,0.134368444236443,4898
4.002737850787132,0.08153859814696741,0.5641780483857624,0.1345453564693806,4893
4.005475701574264,0.08168358826502237,0.5643955335628448,0.13489954294105255,4887
4.008213552361396,0.08175612789981887,0.5644680731976413,0.13507685395910107,4879
4.010951403148528,0.08190120716941188,0.5644680731976413,0.13543154870834895,4877
4.016427104722792,0.08211882607380139,0.5645406128324377,0.13596359083222065,4875
4.0191649555099245,0.08211882607380139,0.5651934695456062,0.13596359083222065,4871
4.0219028062970565,0.08211882607380139,0.5655564663595014,0.13596359083222065,4858
4.024640657084189,0.08226408466277962,0.5661375007154144,0.13631982105657348,4851
4.027378507871321,0.08226408466277962,0.5668642440279853,0.13631982105657348,4838
4.030116358658453,0.08248237894190191,0.5670097735474001,0.13685715837238233,4822
4.032854209445585,0.082774104158307,0.5670827048515014,0.13757554608909273,4806
4.035592060232717,0.082774104158307,0.5673015443458702,0.13757554608909273,4800
4.03832991101985,0.08284706586629194,0.5678122763017649,0.13775536770166796,4796
4.041067761806982,0.08292002757427688,0.5681770848416896,0.13793545221133763,4788
4.043805612594114,0.08306604259314444,0.5685421223888585,0.13829622415014853,4779
4.046543463381246,0.08321208821671099,0.5687611908242083,0.1386574497950237,4771
4.049281314168378,0.0832851263533236,0.5689803052340461,0.1388382142336816,4765
4.05201916495551,0.0833582259052287,0.5691996038897614,0.1390192446700419,4757
4.054757015742642,0.08357752456094406,0.5693458029935716,0.13956267876766237,4753
4.057494866529774,0.08365062411284917,0.5696382012011921,0.13974389977044932,4748
4.060232717316906,0.08386992276856452,0.5700036989607177,0.14028802127597084,4743
4.0629705681040384,0.08401612187237474,0.5701498980645279,0.14065115199560085,4735
4.0657084188911705,0.08401612187237474,0.570296158999213,0.14065115199560085,4729
4.068446269678303,0.08401612187237474,0.5704424199338982,0.14065115199560085,4727
4.071184120465435,0.08416238280705991,0.5705886808685834,0.14101489753972973,4725
4.073921971252567,0.08445496665140259,0.5705886808685834,0.14174285101639106,4720
4.076659822039699,0.08445496665140259,0.5710275566350974,0.14174285101639106,4716
4.079397672826831,0.08452831506032606,0.5711742534529444,0.14192557555311314,4697
4.082135523613963,0.08467504313681731,0.57124761749119,0.142291258239858,4693
4.084873374401095,0.085041941557986,0.5713209971754237,0.14320585489347304,4689
4.087611225188227,0.08533621435718668,0.5716888381744246,0.14393956856943668,4671
4.090349075975359,0.08555696630792797,0.5718360061415855,0.14449056219618883,4661
4.093086926762491,0.08555696630792797,0.5719831741087463,0.14449056219618883,4656
4.095824777549623,0.08570413427508883,0.5721303420759072,0.1448582069911195,4654
4.098562628336755,0.08592488622583012,0.5724246780102289,0.14540991137370585,4650
4.101300479123887,0.08592488622583012,0.5725718459773897,0.14540991137370585,4643
4.1040383299110195,0.08592488622583012,0.5726454458195873,0.14540991137370585,4640
4.1067761806981515,0.08592488622583012,0.5726454458195873,0.14540991137370585,4637
4.1095140314852845,0.08599853369519048,0.5727190932889477,0.1455942491840222,4636
4.112251882272417,0.08607218116455083,0.5727190932889477,0.14577862677375375,4634
4.114989733059549,0.08614582863391118,0.5729400356970287,0.1459630043634853,4633
4.117727583846681,0.08621950793705989,0.5731610736064748,0.1461475811941827,4627
4.120465434633813,0.08658790445280341,0.5746346596694489,0.14707106423420624,4623
4.123203285420945,0.08666161581831205,0.5747083710349575,0.1472566449425975,4596
4.125941136208077,0.08673535928807398,0.5747821145047195,0.14744234689274072,4592
4.128678986995209,0.08673535928807398,0.5748559222949958,0.14744234689274072,4586
4.131416837782341,0.0868091670783503,0.5749297300852722,0.1476282918552505,4585
4.134154688569473,0.0868091670783503,0.5750036184869403,0.1476282918552505,4578
4.136892539356605,0.08688307162695928,0.5751514275841583,0.147814561896366,4576
4.139630390143737,0.08695700851183981,0.5754471751236804,0.14800099493904895,4571
4.142368240930869,0.08703099400742703,0.5755211606192676,0.14818771398464636,4563
4.145106091718001,0.0871790948831669,0.5755952110571375,0.14856156181699887,4557
4.147843942505133,0.0871790948831669,0.5758914778650089,0.14856156181699887,4553
4.153319644079398,0.0871790948831669,0.5761136779709125,0.14856156181699887,4549
4.15605749486653,0.08725316158513477,0.5764840114807518,0.14874885579812136,4546
4.158795345653662,0.08725316158513477,0.5767803435600064,0.14874885579812136,4539
4.161533196440794,0.08732735913258505,0.5767803435600064,0.14893685295894332,4528
4.164271047227926,0.0876985928829248,0.5769288370601423,0.14987746209581454,4524
4.16974674880219,0.0876985928829248,0.5769288370601423,0.14987746209581454,4516
4.172484599589322,0.08777287252191858,0.5773002352551112,0.15006575058704474,4515
4.175222450376454,0.08784723462054712,0.5774489594523683,0.15025445712554675,4504
4.177960301163586,0.08784723462054712,0.5775976836496254,0.15025445712554675,4501
4.180698151950718,0.08784723462054712,0.5778952643316176,0.15025445712554675,4497
4.183436002737851,0.08799605808494955,0.5781184995282213,0.15063279441088706,4492
4.186173853524983,0.08807046981715076,0.5781929112604225,0.150822089531366,4487
4.188911704312115,0.08807046981715076,0.5782673229926237,0.150822089531366,4485
4.191649555099247,0.08807046981715076,0.5786393816536298,0.150822089531366,4484
4.1943874058863795,0.08821932651591326,0.579309236798061,0.15120135612827024,4478
4.1971252566735116,0.0882937548652945,0.5796813785449673,0.15139137149515447,4467
4.199863107460644,0.0884427117368018,0.58035168446675,0.15177208420421906,4458
4.202600958247776,0.0884427117368018,0.5804261964136108,0.15177208420421906,4445
4.205338809034908,0.0884427117368018,0.5806499336378335,0.15177208420421906,4440
4.20807665982204,0.08851729081154269,0.5807245127125743,0.15196325569752445,4437
4.210814510609172,0.08851729081154269,0.5816194616094651,0.15196325569752445,4435
4.213552361396304,0.08851729081154269,0.5820673411038018,0.15196325569752445,4419
4.216290212183436,0.08851729081154269,0.5823659274333596,0.15196325569752445,4413
4.219028062970568,0.0886665839763216,0.5825152205981384,0.15234794009049446,4409
4.2217659137577,0.08903990163688646,0.5828138747265903,0.15331030618939256,4404
4.224503764544832,0.08918929668520721,0.5830379672990714,0.1536957783923566,4393
4.227241615331964,0.08926399420936759,0.5831873623473922,0.15388864626419063,4388
4.229979466119096,0.08956278430600909,0.583336757395713,0.15466046961993596,4385
4.232717316906228,0.08971224761800281,0.5836356840197005,0.15504673397012103,4377
4.2354551676933605,0.08971224761800281,0.5840095989331189,0.15504673397012103,4368
4.238193018480493,0.08978703060068649,0.5840095989331189,0.15524039733616046,4363
4.240930869267625,0.09008650580882621,0.5841593365371888,0.15601593977606298,4357
4.243668720054757,0.09008650580882621,0.5843841496204558,0.15601593977606298,4347
4.246406570841889,0.09016144350324856,0.5846839003981452,0.15621022708274435,4344
4.249144421629021,0.09023639847238148,0.5847588553672781,0.15640473832592494,4338
4.251882272416153,0.09031138803079411,0.5850588136009286,0.1565993842100214,4334
4.254620123203286,0.09031138803079411,0.5853587718345791,0.1565993842100214,4329
4.257357973990418,0.09038639493184282,0.5861088408450662,0.15679443523124936,4324
4.26009582477755,0.09038639493184282,0.5862589242429892,0.15679443523124936,4311
4.262833675564682,0.09046145404995451,0.5866342198335477,0.1569901653994873,4308
4.265571526351814,0.0905365131680662,0.5867092789516594,0.1571861230551359,4302
4.268309377138946,0.0905365131680662,0.5873848110146646,0.1571861230551359,4300
4.271047227926078,0.09083674964051297,0.587760106605223,0.15797178036293813,4291
4.27378507871321,0.09083674964051297,0.5880603430776699,0.15797178036293813,4282
4.276522929500342,0.09098690297569269,0.5880603430776699,0.15836552748458277,4277
4.2792607802874745,0.09106206755507129,0.5880603430776699,0.15856263157650674,4270
4.2819986310746065,0.09106206755507129,0.5882858368158057,0.15856263157650674,4269
4.284736481861739,0.0912875612932071,0.5885113305539416,0.1591543596836963,4266
4.287474332648871,0.0913627258725857,0.588811988871456,0.15935174128940433,4260
4.290212183436003,0.09143789045196431,0.5891126471889705,0.15954930844773818,4255
4.292950034223135,0.09151309041956296,0.5892630471241678,0.15974715465573064,4248
4.295687885010267,0.09158832583376429,0.5897896950235771,0.15994518737912078,4243
4.298425735797399,0.09158832583376429,0.5898650015655631,0.15994518737912078,4231
4.301163586584531,0.09166365018292501,0.5898650015655631,0.16014382885763123,4229
4.303901437371663,0.09173897453208572,0.5900909746130453,0.16034247033614168,4228
4.306639288158795,0.09173897453208572,0.5900909746130453,0.16034247033614168,4224
4.309377138945927,0.09173897453208572,0.5903923433564551,0.16034247033614168,4223
4.312114989733059,0.09181437032955049,0.5926542172803981,0.1605416300917546,4216
4.314852840520191,0.09181437032955049,0.5930312863678623,0.1605416300917546,4184
4.317590691307323,0.0918898202561252,0.5935594358538853,0.16074260169096655,4177
4.3203285420944555,0.09204075631365399,0.5935594358538853,0.16114531637345642,4168
4.323066392881588,0.09226716039994717,0.5936349038826496,0.16174938839719133,4166
4.32580424366872,0.09234262842871156,0.5937858399401784,0.16195079411838376,4162
4.328542094455853,0.09249356448624035,0.594087712055236,0.1623537992666798,4159
4.331279945242985,0.09249356448624035,0.5943898023910996,0.1623537992666798,4150
4.334017796030117,0.0925691235193298,0.5945409204572785,0.16255593396762902,4144
4.336755646817249,0.0925691235193298,0.5946920750254057,0.16255593396762902,4140
4.339493497604381,0.09272031462469855,0.59476767057809,0.16296078969208272,4137
4.342231348391513,0.09272031462469855,0.5950700527888275,0.16296078969208272,4134
4.344969199178645,0.09279591017738294,0.5951456483415118,0.16316346262436066,4130
4.347707049965777,0.09279591017738294,0.595448177126273,0.16316346262436066,4126
4.350444900752909,0.09287161583855252,0.5961295280767992,0.16336667693649654,4118
4.353182751540041,0.09287161583855252,0.5963570327264588,0.16336667693649654,4101
4.355920602327173,0.0929476362278468,0.596433053115753,0.16357133283744163,4088
4.358658453114305,0.0929476362278468,0.596433053115753,0.16357133283744163,4080
4.361396303901437,0.0929476362278468,0.5965092039641611,0.16357133283744163,4079
4.3641341546885695,0.09302378707625483,0.5965853548125691,0.16377644040663308,4078
4.3668720054757015,0.09309993792466287,0.5966615056609772,0.16398159829662162,4076
4.369609856262834,0.09325238930373626,0.5968901827295873,0.16439241815003858,4070
4.372347707049966,0.09340499084422711,0.5972716865808144,0.16480394613912985,4061
4.375085557837098,0.09363423243704452,0.5975009281736319,0.16542291554663546,4048
4.37782340862423,0.0937874012143266,0.597654096950914,0.16583678962769344,4033
4.380561259411362,0.09394060801762093,0.5978839071558555,0.16625097195657745,4028
4.383299110198494,0.09401721141926808,0.5979605105575027,0.166458217551418,4023
4.386036960985626,0.09409398666304257,0.5981140610450516,0.16666597971055275,4012
4.388774811772758,0.09409398666304257,0.5983448473127037,0.16666597971055275,4001
4.39151266255989,0.09440185569810187,0.5984218145714685,0.16750014789903067,3996
4.394250513347022,0.09440185569810187,0.5987297607666869,0.16750014789903067,3990
4.396988364134154,0.09470995648478381,0.5988067859633575,0.16833599112403164,3984
4.399726214921286,0.09478698168145429,0.5990378615533689,0.16854500444619203,3979
4.402464065708419,0.09478698168145429,0.5991148867500394,0.16854500444619203,3975
4.405201916495551,0.09486408448537582,0.599191989553961,0.1687544389538882,3970
4.407939767282683,0.09486408448537582,0.599191989553961,0.1687544389538882,3968
4.4106776180698155,0.09494126509232856,0.5993463507678665,0.16896413763225504,3964
4.413415468856948,0.09501846518933356,0.5994235508648714,0.16917399517325704,3960
4.41615331964408,0.09517290440285178,0.5994235508648714,0.16959392239328575,3957
4.418891170431212,0.09525012400961089,0.5995779900783896,0.1698038860033001,3955
4.421629021218344,0.09525012400961089,0.599886868505426,0.1698038860033001,3952
4.424366872005476,0.09532734361636999,0.6003501861459807,0.17001416870694674,3948
4.427104722792608,0.0954045632231291,0.6004274057527398,0.17022477155680538,3941
4.42984257357974,0.09555900243664732,0.6004274057527398,0.17064608418866278,3939
4.432580424366872,0.09579077899965414,0.6005046646070754,0.17127837434048854,3935
4.435318275154004,0.09586803785398976,0.6006591823157467,0.1714891913401475,3931
4.440793976728268,0.09586803785398976,0.6008909588787534,0.1714891913401475,3928
4.4435318275154,0.09586803785398976,0.6011999942960958,0.1714891913401475,3925
4.4517453798767965,0.09609999188756549,0.6013546303184797,0.17212357940190848,3918
4.454483230663929,0.09609999188756549,0.6014319680939894,0.17212357940190848,3912
4.457221081451061,0.09617732966307518,0.6015866436450088,0.17233525836396368,3911
4.459958932238193,0.09625466743858488,0.6018959947470476,0.1725470456571152,3908
4.462696783025325,0.09640934298960428,0.6018959947470476,0.17297105434496707,3903
4.465434633812457,0.09648670059531284,0.6022054251698817,0.17318311304898115,3900
4.468172484599589,0.09664149529052722,0.6022054251698817,0.1736078841185682,3893
4.470910335386721,0.09671893244134738,0.6024377366223422,0.17382037887708746,3889
4.476386036960986,0.09671893244134738,0.6025926109239825,0.17382037887708746,3885
4.479123887748118,0.09687380674298769,0.6027474852256228,0.1742459156379027,3883
4.48186173853525,0.09695124389380785,0.602824922376443,0.17445879372100714,3879
4.484599589322382,0.0971061981305716,0.6029023994948249,0.17488487950489306,3875
4.487337440109514,0.09718367524895347,0.6030573537315886,0.17509797741824407,3872
4.4955509924709105,0.09718367524895347,0.6035996935602618,0.17509797741824407,3869
4.498288843258043,0.09718367524895347,0.6036771706786437,0.17509797741824407,3862
4.501026694045175,0.09733866962930186,0.6036771706786437,0.17552538779263882,3860
4.503764544832307,0.09741618691208435,0.6037546879614262,0.17573914838693683,3857
4.506502395619439,0.09749372430832891,0.6039097627539153,0.1759530199104482,3854
4.509240246406571,0.09757126170457346,0.6039873001501598,0.17616700250719963,3851
4.511978097193703,0.09757126170457346,0.6042199123388934,0.17616700250719963,3849
4.514715947980835,0.09757126170457346,0.6042974497351379,0.17616700250719963,3846
4.517453798767967,0.09764879910081802,0.604452524527627,0.17638126336480497,3845
4.520191649555099,0.09764879910081802,0.6046075993201161,0.17638126336480497,3842
4.522929500342231,0.09764879910081802,0.6046851569136507,0.17638126336480497,3839
4.525667351129363,0.09772635669435255,0.6046851569136507,0.1765958591794572,3838
4.528405201916495,0.09780391428788708,0.6049953872877888,0.1768104549941094,3837
4.531143052703627,0.09780391428788708,0.6053056986408812,0.1768104549941094,3831
4.5338809034907595,0.09788149212616021,0.6053056986408812,0.1770255554762118,3827
4.5366187542778915,0.09811422564097957,0.6056160099939737,0.17767085692251905,3826
4.539356605065024,0.0981918034792527,0.6057711656705199,0.17788618269970613,3819
4.542094455852156,0.09826944235437733,0.6061593600461431,0.17810179083432465,3813
4.544832306639288,0.09826944235437733,0.6063146785945401,0.17810179083432465,3806
4.547570157426421,0.09834710162857582,0.6063923378687386,0.17831785240350595,3804
4.550308008213553,0.09842476090277431,0.6065476564171356,0.17853397080108524,3802
4.553045859000685,0.0985024201769728,0.606625315691334,0.17875020297513078,3799
4.555783709787817,0.0985024201769728,0.6067029749655325,0.17875020297513078,3797
4.558521560574949,0.09889071654796529,0.6067806342397309,0.17983193347700765,3796
4.561259411362081,0.09889071654796529,0.6069359937800911,0.17983193347700765,3789
4.563997262149213,0.09896839631814536,0.6071690330906313,0.18004850809188033,3787
4.566735112936345,0.09912375585850551,0.6073243926309915,0.1804820008182394,3783
4.569472963723477,0.09912375585850551,0.6077129971471558,0.1804820008182394,3777
4.574948665297741,0.09920147676173836,0.6077907180503886,0.1806992643387012,3772
4.577686516084873,0.09920147676173836,0.6079461598568544,0.1806992643387012,3770
4.5804243668720055,0.09935700111828717,0.608257208569952,0.18113436828753893,3766
4.583162217659138,0.09951256684870045,0.6085683400307785,0.181570050985976,3759
4.58590006844627,0.0995903497139071,0.6086461228959852,0.18178812451355764,3753
4.588637919233402,0.0995903497139071,0.6087239887960092,0.18178812451355764,3747
4.591375770020534,0.09966821561393115,0.6087239887960092,0.18200654733135968,3746
4.594113620807666,0.09990181331400329,0.6088797205960573,0.1826618157847658,3745
4.596851471594798,0.09990181331400329,0.6091133807721124,0.1826618157847658,3739
4.59958932238193,0.09997970003935497,0.6092691542228158,0.1828805893886778,3736
4.602327173169062,0.10013547349005833,0.6093470409481675,0.1833183710177222,3733
4.605065023956194,0.10036925902028508,0.6093470409481675,0.18397557189941394,3728
4.607802874743326,0.10036925902028508,0.6094249903842662,0.18397557189941394,3724
4.610540725530458,0.10044720845638377,0.609502939820365,0.184194756543008,3723
4.61327857631759,0.10044720845638377,0.6095808892564637,0.184194756543008,3721
4.616016427104722,0.10060310732858117,0.6097367881286611,0.18463336151260845,3720
4.618754277891855,0.10068109874068208,0.6097367881286611,0.1848529001874839,3714
4.621492128678987,0.1009150729769848,0.6097367881286611,0.18551151621211026,3713
4.6242299794661195,0.1009930643890857,0.6098147795407619,0.1857310548869857,3710
4.629705681040384,0.10107105580118661,0.6098147795407619,0.18595065276862344,3708
4.632443531827516,0.10130503003748932,0.6099707623649637,0.18660944641353694,3707
4.635181382614648,0.10138319035356878,0.6100489226810432,0.18682963876697134,3694
4.63791923340178,0.1014613930329632,0.6101271253604376,0.18705001013857925,3690
4.640657084188912,0.10161779839175203,0.6101271253604376,0.18749087238904638,3688
4.643394934976044,0.10169602229304045,0.610205349261726,0.18771136333276717,3685
4.646132785763176,0.10169602229304045,0.6102835944079631,0.18771136333276717,3682
4.648870636550308,0.10177426743927762,0.6102835944079631,0.18793203397570857,3681
4.65160848733744,0.10193075773175195,0.6102835944079631,0.18837337526159126,3680
4.654346338124572,0.10216562088288929,0.6103618821250089,0.1890357473710078,3676
4.657084188911704,0.10216562088288929,0.6105184575591004,0.1890357473710078,3672
4.659822039698836,0.10216562088288929,0.6105967666137633,0.1890357473710078,3669
4.662559890485968,0.10224399403773331,0.6107535129234514,0.18925702001838274,3665
4.6652977412731005,0.10232236719257733,0.6107535129234514,0.1894784135137355,3662
4.6680355920602326,0.10240074034742135,0.6109886323879834,0.18969980700908817,3661
4.670773442847365,0.10263585981195342,0.6110670055428274,0.1903645323519848,3657
4.673511293634497,0.10287201362111911,0.6112244414156046,0.19103236474212615,3637
4.676249144421629,0.10295090532778668,0.61169779165561,0.19125558980704283,3624
4.678986995208761,0.1031877769130246,0.6118557060457686,0.19192693270426997,3614
4.681724845995893,0.1032667341081039,0.6119346632408479,0.19215083768273933,3609
4.684462696783025,0.1033458009050642,0.6119346632408479,0.19237511562896847,3602
4.687200547570157,0.10342486770202451,0.6120137300378082,0.19259939357519762,3601
4.689938398357289,0.10350393449898482,0.6120137300378082,0.19282373383816642,3599
4.692676249144422,0.10358300129594512,0.6120927968347686,0.19304807410113523,3598
4.695414099931554,0.1037412228885268,0.6122510184273503,0.1934971291517189,3594
4.698151950718686,0.10389948856625549,0.6122510184273503,0.19394655956177642,3589
4.700889801505818,0.10397866555175239,0.6123301954128472,0.19417140013093626,3585
4.706365503080082,0.1040578425372493,0.6123301954128472,0.19439630345213887,3583
4.7091033538672145,0.1041370195227462,0.6125677263693379,0.1946212067733415,3582
4.7118412046543465,0.1042955063781912,0.6126469697970603,0.19507176833598583,3575
4.714579055441479,0.10446041026623358,0.6130592295171663,0.19554070409576674,3433
4.717316906228611,0.10462531415427596,0.6132241334052086,0.19601032423348086,3426
4.720054757015743,0.10470781431580828,0.6133891337282733,0.19624540893399733,3420
4.722792607802875,0.10487281463887291,0.613554134051338,0.19671585352929488,3417
4.725530458590007,0.10487281463887291,0.6140491350205318,0.19671585352929488,3413
4.728268309377139,0.10487281463887291,0.6141316351820642,0.19671585352929488,3407
4.731006160164271,0.10495531480040522,0.6142141353435965,0.19695169737734852,3406
4.733744010951403,0.10495531480040522,0.6149566367973873,0.19695169737734852,3404
4.736481861738535,0.10495531480040522,0.6152041372819843,0.19695169737734852,3395
4.739219712525667,0.10512036378177804,0.6153691862633571,0.19742533247178828,3391
4.741957563312799,0.10520288827246445,0.6154517107540435,0.19766228985812662,3387
4.744695414099931,0.10520288827246445,0.6156993573861121,0.19766228985812662,3384
4.747433264887063,0.10545053490453314,0.6156993573861121,0.19837421329214788,3381
4.7501711156741955,0.1055331082263304,0.6159470773515039,0.1986115913752713,3377
4.7529089664613275,0.1055331082263304,0.6161948707807051,0.1986115913752713,3372
4.75564681724846,0.1055331082263304,0.6163601154487532,0.1986115913752713,3368
4.761122518822724,0.10569840200126349,0.6164427623362198,0.19908789949332462,3365
4.763860369609857,0.10569840200126349,0.6165254092236863,0.19908789949332462,3362
4.766598220396989,0.10578104888873002,0.6165254092236863,0.19932619526854234,3361
4.769336071184121,0.1058637203808073,0.6166080807157636,0.1995645619862355,3359
4.772073921971253,0.10602906336496186,0.6169387666840727,0.2000414374333691,3357
4.774811772758385,0.10611173485703913,0.6169387666840727,0.20028015977373514,3351
4.777549623545517,0.1062770778411937,0.61702143817615,0.20075760445446722,3350
4.783025325119781,0.1062770778411937,0.6173521241444591,0.20075760445446722,3347
4.785763175906913,0.10635974933327097,0.6173521241444591,0.20099668384290437,3343
4.788501026694045,0.10635974933327097,0.6177656053275214,0.20099668384290437,3341
4.791238877481177,0.1065251913994414,0.6180137684267771,0.20147584625139436,3335
4.7939767282683095,0.1065251913994414,0.6180965143084755,0.20147584625139436,3329
4.7967145790554415,0.1065251913994414,0.6181794595778405,0.20147584625139436,3320
4.799452429842574,0.10669108193817158,0.6182624048472055,0.20195702983304464,3319
4.804928131416838,0.10669108193817158,0.6184282953859357,0.20195702983304464,3316
4.80766598220397,0.10677402720753666,0.6188430217327611,0.20219783941969727,3314
4.810403832991102,0.10685697247690175,0.6190918575408563,0.20243901298698275,3308
4.813141683778234,0.10693994285836776,0.6199215613555163,0.20268047862035032,3303
4.815879534565366,0.10702291323983378,0.6205023540257785,0.20292267774592132,3292
4.818617385352498,0.10702291323983378,0.6207514168527751,0.20292267774592132,3282
4.82135523613963,0.107105934182166,0.6207514168527751,0.20316576323608726,3279
4.824093086926762,0.107105934182166,0.6208344377951074,0.20316576323608726,3278
4.826830937713894,0.10718895512449823,0.6208344377951074,0.20340892290553003,3277
4.829568788501026,0.10718895512449823,0.6210004796797719,0.20340892290553003,3276
4.832306639288158,0.10718895512449823,0.6212495425067686,0.20340892290553003,3274
4.8350444900752905,0.10735499700916269,0.6213325634491008,0.20389598562463396,3271
4.837782340862423,0.10735499700916269,0.6214157116070971,0.20389598562463396,3263
4.8405201916495555,0.10743817066490748,0.6215820589185866,0.20414011442389035,3261
4.843258042436688,0.10752134432065226,0.6215820589185866,0.20438439308735756,3258
4.84599589322382,0.10760451797639704,0.6218315798858209,0.20462867175082478,3257
4.848733744010952,0.10760451797639704,0.6219147535415657,0.20462867175082478,3253
4.851471594798084,0.10777086528788661,0.6228296637547582,0.20511783000928063,3252
4.85968514715948,0.10777086528788661,0.6232455320334821,0.20511783000928063,3239
4.862422997946612,0.1078540389436314,0.6234950530007164,0.20536361917749046,3234
4.865160848733744,0.10793721259937618,0.623661400312206,0.20560963663285348,3230
4.867898699520876,0.10802038625512096,0.6239109212794403,0.20585580656262326,3227
4.870636550308008,0.10818673356661053,0.6240772685909298,0.20634860469693128,3223
4.87337440109514,0.10826990722235531,0.6242436159024194,0.20659515685452778,3219
4.876112251882272,0.10876894915682402,0.624409963213909,0.20807538977084394,3216
4.878850102669404,0.10893529646831358,0.6244931368696537,0.2085691083557748,3208
4.8815879534565365,0.10893529646831358,0.6246594841811433,0.2085691083557748,3205
4.887063655030801,0.10901847012405837,0.624742657836888,0.20881619886206393,3203
4.889801505817933,0.10901847012405837,0.6249922567794246,0.20881619886206393,3200
4.892539356605065,0.10918523455860164,0.6253257856485112,0.2093122388627774,3190
4.895277207392197,0.10926866918455792,0.6253257856485112,0.209560726531268,3182
4.898015058179329,0.10951897306242676,0.6253257856485112,0.21030618953673996,3181
4.900752908966461,0.10968584231433932,0.6253257856485112,0.2108031648737213,3178
4.903490759753593,0.1097692769402956,0.6256595241523363,0.21105165254221192,3176
4.906228610540725,0.10985279057631435,0.625743037788355,0.2113006892680509,3168
4.908966461327857,0.10985279057631435,0.6258265514243738,0.2113006892680509,3166
4.91170431211499,0.10985279057631435,0.6264113316411865,0.2113006892680509,3164
4.914442162902122,0.11018695070020729,0.6266619517341061,0.21229999153061907,3157
4.917180013689254,0.11027049073118052,0.6266619517341061,0.21255005502537117,3150
4.919917864476386,0.11027049073118052,0.6267454917650793,0.21255005502537117,3149
4.922655715263518,0.11027049073118052,0.6268290317960525,0.21255005502537117,3148
4.9253935660506505,0.11043757079312698,0.6270796518889722,0.21305049985852953,3147
4.9281314168377826,0.11052111082410021,0.6271631919199454,0.21330096118893738,3142
4.930869267624915,0.1106047040991977,0.6274139717452379,0.21355166196612385,3138
4.933607118412047,0.11077247952292846,0.6274978594571033,0.21405531123799948,3123
4.936344969199179,0.11077247952292846,0.6275818009776357,0.21405531123799948,3118
4.939082819986311,0.11077247952292846,0.6276657424981681,0.21405531123799948,3117
4.941820670773443,0.11077247952292846,0.6278336255392328,0.21405531123799948,3116
4.944558521560575,0.11094041649365627,0.6280855309953245,0.21456025482217045,3113
4.947296372347707,0.11102438497902017,0.6285893419075079,0.21481297031289692,3108
4.950034223134839,0.11110835346438408,0.6288412473635996,0.21506617477264767,3101
4.952772073921971,0.11110835346438408,0.6289252158489634,0.21506617477264767,3097
4.955509924709103,0.11119232194974799,0.6290931528196912,0.21531970636994335,3096
4.958247775496235,0.1113602589204758,0.6291771213050551,0.215827097442449,3093
4.960985626283367,0.1114442274058397,0.6294290267611468,0.2160808750808172,3090
4.963723477070499,0.1114442274058397,0.6295129952465106,0.2160808750808172,3086
4.9664613278576315,0.11152819589120361,0.6297649007026023,0.21633498176636634,3085
4.969199178644764,0.11152819589120361,0.6298488691879661,0.21633498176636634,3081
4.974674880219028,0.11161216437656751,0.62993283767333,0.21658941846059798,3080
4.97741273100616,0.11161216437656751,0.6300168061586938,0.21658941846059798,3078
4.980150581793292,0.11169613286193142,0.6301007746440577,0.21684402053454643,3077
4.982888432580425,0.11186406983265923,0.630688554041605,0.21735339027728817,3075
4.985626283367557,0.11211597528875095,0.6307725225269688,0.21811918930832797,3066
4.988364134154689,0.11211597528875095,0.6308564910123327,0.21811918930832797,3062
4.991101984941821,0.11219994377411485,0.6308564910123327,0.21837462243825012,3061
4.993839835728953,0.11219994377411485,0.6313603019245161,0.21837462243825012,3060
4.996577686516085,0.11219994377411485,0.6314442704098799,0.21837462243825012,3054
4.999315537303217,0.11245184923020657,0.6315282388952438,0.21914267881973892,3053
5.002053388090349,0.11253587283108434,0.6317803096978771,0.21939894968327034,3047
5.004791238877481,0.11261992405313268,0.6319484121419738,0.2196555575236111,3042
5.007529089664613,0.11261992405313268,0.6320324910306522,0.2196555575236111,3038
5.0102669404517455,0.11261992405313268,0.632200648808009,0.2196555575236111,3037
5.0130047912388775,0.11270400294181104,0.6323688065853658,0.2199126726611651,3035
5.018480492813142,0.11278808183048941,0.6325369643627226,0.22016995739973333,3032
5.021218343600274,0.11278808183048941,0.6327051221400793,0.22016995739973333,3029
5.023956194387406,0.11287216071916778,0.6327051221400793,0.22042758212474167,3027
5.026694045174538,0.11304059681128346,0.6327893401861372,0.22094368435438427,3021
5.02943189596167,0.11304059681128346,0.6329578321072525,0.22094368435438427,3017
5.032169746748802,0.11312484277184116,0.6329578321072525,0.22120207782557677,3015
5.037645448323066,0.11312484277184116,0.633379061910041,0.22120207782557677,3014
5.040383299110198,0.11337758065351426,0.6334633078705987,0.22197854634220127,3009
5.04312114989733,0.11346182661407196,0.6338002917128295,0.2222374553118045,3005
5.045859000684462,0.11354607257462966,0.6338002917128295,0.2224967094933672,3000
5.048596851471594,0.11354607257462966,0.6338845376733871,0.2224967094933672,2999
5.0513347022587265,0.11363031853518736,0.6338845376733871,0.22275605015064093,2998
5.054072553045859,0.11371456449574506,0.6339687836339448,0.22301539080791466,2997
5.0568104038329915,0.11379881045630276,0.6339687836339448,0.22327481805639282,2995
5.062286105407256,0.11388305641686046,0.6339687836339448,0.22353424530487098,2994
5.06776180698152,0.11396730237741816,0.6339687836339448,0.22379367255334914,2993
5.073237508555784,0.11405154833797586,0.6340530295945025,0.2240530998018273,2992
5.075975359342916,0.11405154833797586,0.6340530295945025,0.2240530998018273,2990
5.078713210130048,0.11405154833797586,0.6341375866344714,0.2240530998018273,2979
5.08145106091718,0.11413616220391254,0.6341375866344714,0.22431383464732402,2976
5.084188911704312,0.11439000380172257,0.6342222005004081,0.22509603918381416,2975
5.086926762491444,0.11447461766765925,0.6342222005004081,0.2253568617892724,2971
5.089664613278576,0.11447461766765925,0.6343068143663448,0.2253568617892724,2970
5.092402464065708,0.11455923153359593,0.6351529530257116,0.22561777224336832,2969
5.0951403148528405,0.11464384539953261,0.6352375668916483,0.2258795647476809,2958
5.0978781656399725,0.11481307313140596,0.6352375668916483,0.2264033268824931,2956
5.100616016427105,0.11489768699734264,0.6354067946235217,0.2266652079498992,2954
5.103353867214237,0.11489768699734264,0.6354914084894584,0.2266652079498992,2951
5.106091718001369,0.11515152859515267,0.6358298639532051,0.22745165011130608,2950
5.108829568788501,0.11523614246108935,0.6359990916850784,0.22771415379798254,2943
5.111567419575633,0.1154053701929627,0.6360837055510151,0.2282395183192084,2940
5.114305270362765,0.11548998405889938,0.6365067748806985,0.2285022900187933,2937
5.117043121149897,0.11548998405889938,0.6367606164785086,0.2285022900187933,2931
5.119780971937029,0.11565926960687518,0.6367606164785086,0.22902944936965164,2927
5.122518822724161,0.11565926960687518,0.6368452882000936,0.22902944936965164,2924
5.127994524298426,0.1157439413284602,0.6368452882000936,0.22929320939381526,2923
5.130732375085558,0.11591328477163025,0.6371839750864337,0.2298207294421426,2922
5.13347022587269,0.11625197165797035,0.6371839750864337,0.23087721678172812,2916
5.136208076659822,0.1164213151011404,0.6372686468080186,0.23140546045152088,2912
5.138945927446954,0.1164213151011404,0.6374379902511887,0.23140546045152088,2909
5.147159479808351,0.1164213151011404,0.6375226619727737,0.23140546045152088,2907
5.149897330595483,0.1164213151011404,0.6377766771375288,0.23140546045152088,2906
5.152635181382615,0.11650598682272542,0.6378613488591138,0.23167021916304287,2903
5.155373032169747,0.11676017723078147,0.6378613488591138,0.23246531724600628,2899
5.158110882956879,0.11692963750281883,0.6380308091311512,0.23299538263464858,2896
5.160848733744011,0.11701436763883752,0.6380308091311512,0.233260598615757,2892
5.163586584531143,0.11718382791087488,0.6381155392671699,0.23379103057797368,2891
5.166324435318275,0.11735328818291224,0.6381155392671699,0.2343216462077674,2888
5.169062286105407,0.1175227484549496,0.6382849995392073,0.23485226183756103,2886
5.171800136892539,0.1175227484549496,0.638369729675226,0.23485226183756103,2882
5.174537987679671,0.11769220872698696,0.6385391899472633,0.2353834300001174,2881
5.177275838466803,0.11786172792123296,0.6385391899472633,0.23591515223238435,2876
5.1827515400410675,0.11803124711547897,0.6386239495443863,0.2364468744646513,2874
5.1854893908282,0.11803124711547897,0.6387934687386323,0.2364468744646513,2871
5.188227241615332,0.11803124711547897,0.6388782283357552,0.2364468744646513,2869
5.190965092402464,0.11803124711547897,0.6390482217095655,0.2364468744646513,2860
5.193702943189596,0.11811624380238413,0.6392182150833758,0.23671403790955514,2858
5.196440793976728,0.11820124048928929,0.6393882084571861,0.23698138850923656,2855
5.19917864476386,0.11828623717619445,0.6393882084571861,0.23724892659180696,2852
5.201916495550993,0.11828623717619445,0.6398131918917119,0.23724892659180696,2851
5.204654346338125,0.11837123386309961,0.6398131918917119,0.2375169346991184,2846
5.207392197125257,0.11837123386309961,0.6398981885786171,0.2375169346991184,2845
5.210130047912389,0.11854122723690994,0.6400681819524274,0.2380531393863905,2844
5.212867898699521,0.11854122723690994,0.6402381753262377,0.2380531393863905,2840
5.215605749486653,0.1186262239238151,0.6403231720131429,0.23832161960507048,2838
5.218343600273785,0.1186262239238151,0.6403231720131429,0.23832161960507048,2836
5.221081451060917,0.11871125059191494,0.6403231720131429,0.2385902892277848,2835
5.223819301848049,0.11871125059191494,0.6404932253493426,0.2385902892277848,2834
5.2265571526351815,0.1188813039281146,0.6405782520174425,0.2391280079500816,2832
5.229295003422314,0.11896633059621445,0.6407483053536421,0.2393969623481197,2829
5.232032854209446,0.11905135726431429,0.640833332021742,0.23966610708897318,2826
5.234770704996578,0.11913656496861307,0.6410037474303395,0.23993592039376777,2818
5.23750855578371,0.11922180295283519,0.6413446993672279,0.24020602134600877,2814
5.240246406570842,0.11939227892127943,0.64142993735145,0.24074699249492582,2809
5.242984257357974,0.11956275488972368,0.6415151753356721,0.24128815643470136,2806
5.245722108145106,0.1196479928739458,0.6416856513041164,0.24155883493757868,2803
5.248459958932238,0.11973323085816792,0.6417708892883385,0.2418297067822438,2800
5.25119780971937,0.11981856033217633,0.6418562187623469,0.24210096627892286,2795
5.253935660506502,0.11981856033217633,0.6419428509764165,0.24210096627892286,2751
5.256673511293634,0.11981856033217633,0.642029546241588,0.24210096627892286,2748
5.259411362080766,0.11990535038080105,0.6421163362902128,0.24237716855068714,2744
5.262149212867898,0.11990535038080105,0.6422899163874622,0.24237716855068714,2742
5.2648870636550305,0.12007893047805049,0.6422899163874622,0.24293017791670846,2740
5.2676249144421625,0.12016607061488015,0.6424641966611215,0.2432077979468087,2727
5.270362765229295,0.12016607061488015,0.6425513687994704,0.2432077979468087,2723
5.2731006160164275,0.12025330685038957,0.6426386050349798,0.24348603037403416,2720
5.27583846680356,0.12042784353652473,0.6426386050349798,0.24404290484560276,2717
5.278576317590692,0.12042784353652473,0.6427258733780474,0.24404290484560276,2715
5.281314168377824,0.12051511187959232,0.6429004100641826,0.24432144467432582,2714
5.284052019164956,0.12051511187959232,0.6429004100641826,0.24432144467432582,2710
5.286789869952088,0.12068977742263863,0.6429004100641826,0.2448793468930971,2709
5.28952772073922,0.12077723943244742,0.6429004100641826,0.2451587108047163,2703
5.292265571526352,0.12086473382360009,0.6429004100641826,0.24543817814614366,2701
5.295003422313484,0.12103972260590544,0.6429004100641826,0.2459971128289984,2700
5.297741273100616,0.12112721699705811,0.6429004100641826,0.24627658017042575,2698
5.300479123887748,0.12112721699705811,0.6429879044553353,0.24627658017042575,2697
5.30321697467488,0.12112721699705811,0.6430753988464879,0.24627658017042575,2696
5.305954825462012,0.12121484144304713,0.643425896630444,0.24655667062744158,2691
5.3114305270362765,0.12139028628980561,0.6436013414772025,0.2471183130645438,2683
5.314168377823409,0.12139028628980561,0.643776786323961,0.2471183130645438,2679
5.319644079397673,0.12156573113656409,0.6440399535940987,0.24768079471335624,2677
5.322381930184805,0.12165345355994334,0.644127676017478,0.24796235130216115,2672
5.325119780971937,0.12165345355994334,0.6442153984408573,0.24796235130216115,2670
5.327857631759069,0.12165345355994334,0.6450054923036217,0.24796235130216115,2667
5.330595482546201,0.12182916218504607,0.6452690552412758,0.24852864471232516,2656
5.333333333333333,0.12182916218504607,0.6453569427063979,0.24852864471232516,2650
5.338809034907597,0.12182916218504607,0.645533183353717,0.24852864471232516,2642
5.341546885694729,0.12191728250870562,0.645533183353717,0.2488132929529644,2640
5.344284736481861,0.12200540283236518,0.6458856646483553,0.24909794119360362,2639
5.347022587268994,0.12218171041498521,0.6459738184396653,0.24966831875441364,2633
5.349760438056126,0.12218171041498521,0.6461501260222853,0.24966831875441364,2630
5.352498288843258,0.12235801799760525,0.6461501260222853,0.2502393474311607,2628
5.3552361396303905,0.12235801799760525,0.6464145873962154,0.2502393474311607,2626
5.3579739904175225,0.12244617178891526,0.6465027411875254,0.2505251883204359,2623
5.360711841204655,0.12244617178891526,0.6466790487701454,0.2505251883204359,2621
5.363449691991787,0.12253442667402265,0.6466790487701454,0.250811684808081,2616
5.366187542778919,0.12253442667402265,0.6467673374176418,0.250811684808081,2614
5.368925393566051,0.12253442667402265,0.6467673374176418,0.250811684808081,2613
5.371663244353183,0.12253442667402265,0.6470323047636315,0.250811684808081,2612
5.374401095140315,0.12253442667402265,0.647208949660958,0.250811684808081,2609
5.377138945927447,0.12262274912268586,0.6473855945582845,0.2510990604564093,2607
5.379876796714579,0.12271107157134908,0.6474739170069477,0.2513866568233615,2604
5.385352498288843,0.12271107157134908,0.6476505619042742,0.2513866568233615,2602
5.390828199863107,0.1227993940200123,0.6476505619042742,0.2516745850322756,2600
5.393566050650239,0.1227993940200123,0.6478272068016007,0.2516745850322756,2599
5.3963039014373715,0.12306436136600196,0.6478272068016007,0.25253903487628915,2597
5.401779603011636,0.12315268381466518,0.6480038516989272,0.25282718482429367,2594
5.404517453798768,0.12315268381466518,0.6482688190449168,0.25282718482429367,2591
5.4072553045859,0.12315268381466518,0.6482688190449168,0.25282718482429367,2587
5.409993155373032,0.12315268381466518,0.6482688190449168,0.25282718482429367,2578
5.412731006160164,0.12324141770330664,0.6483575529335583,0.2531172363829799,2576
5.415468856947296,0.12324141770330664,0.6483575529335583,0.2531172363829799,2574
5.418206707734429,0.12333018607849636,0.648446321308748,0.25340751339954304,2573
5.420944558521561,0.12333018607849636,0.6486239271395751,0.25340751339954304,2570
5.423682409308693,0.12341902358795562,0.6489792771774121,0.2536983558173851,2567
5.426420260095825,0.12341902358795562,0.6490681146868714,0.2536983558173851,2562
5.429158110882957,0.12350786109741488,0.6494234647247085,0.253989766065016,2561
5.431895961670089,0.12359669860687414,0.6495123022341678,0.2542816323537229,2556
5.434633812457221,0.1236855361163334,0.6495123022341678,0.25457361292053815,2554
5.437371663244353,0.12377437362579266,0.6501341648003827,0.2548655934873534,2553
5.4401095140314855,0.12386338601223905,0.6501341648003827,0.25515895348991735,2540
5.4428473648186175,0.12386338601223905,0.6503121895732754,0.25515895348991735,2539
5.44558521560575,0.12404141078513183,0.6504012019597218,0.25574613602559737,2537
5.451060917180014,0.12413045831267037,0.6508464395974146,0.2560399591065189,2533
5.453798767967146,0.12413045831267037,0.6512916772351074,0.2560399591065189,2527
5.456536618754278,0.12421950584020892,0.6512916772351074,0.25633494722741246,2522
5.45927446954141,0.12430858870406793,0.6512916772351074,0.25663005240708414,2520
5.462012320328542,0.12439767156792693,0.6513807600989664,0.2569251575867558,2519
5.464750171115674,0.12448675443178593,0.6515589258266844,0.2572203800112347,2517
5.467488021902806,0.12457583729564493,0.6515589258266844,0.257515837298422,2514
5.470225872689938,0.12466495562242745,0.6515589258266844,0.257811412203956,2512
5.47296372347707,0.12466495562242745,0.652004517460597,0.257811412203956,2511
5.475701574264202,0.12475407394920997,0.6521827541141619,0.2581075768439385,2506
5.478439425051334,0.12484326354214745,0.6521827541141619,0.25840421515787537,2501
5.4811772758384665,0.12493245313508493,0.6521827541141619,0.25870085347181215,2500
5.4839151266255985,0.12493245313508493,0.6522719437070994,0.25870085347181215,2499
5.486652977412731,0.12493245313508493,0.6524503228929743,0.25870085347181215,2498
5.489390828199863,0.12493245313508493,0.6525395124859118,0.25870085347181215,2496
5.492128678986996,0.12493245313508493,0.6526287020788493,0.25870085347181215,2495
5.494866529774128,0.12493245313508493,0.6526287020788493,0.25870085347181215,2494
5.49760438056126,0.1250216785040324,0.6526287020788493,0.2589982057167092,2493
5.500342231348392,0.12511090387297988,0.6528963781856917,0.2592955579616062,2492
5.503080082135524,0.12528935461087484,0.6528963781856917,0.25989097953880747,2488
5.505817932922656,0.12537857997982232,0.6529856035546392,0.2601886903274081,2486
5.508555783709788,0.12537857997982232,0.6530748289235867,0.2601886903274081,2484
5.514031485284052,0.1255570307177173,0.6532532796614816,0.26078459150314115,2483
5.516769336071184,0.1255570307177173,0.6535211718975988,0.26078459150314115,2477
5.519507186858316,0.1255570307177173,0.6536110871590497,0.26078459150314115,2457
5.522245037645448,0.1255570307177173,0.6536110871590497,0.26078459150314115,2444
5.5249828884325805,0.12564820820827188,0.6536110871590497,0.26108980017716954,2422
5.530458590006845,0.12573999228504223,0.6536110871590497,0.26139703934549496,2405
5.533196440793977,0.12592371328467247,0.6536110871590497,0.2620120293210607,2402
5.535934291581109,0.12629161516127868,0.6537030626282012,0.2632435486713802,2397
5.538672142368241,0.12629161516127868,0.6537952693852048,0.2632435486713802,2386
5.541409993155373,0.1263838605956132,0.6538875148195393,0.26355259080700466,2384
5.544147843942505,0.12656858411354918,0.6540722383374753,0.2641717143120008,2379
5.546885694729637,0.12666098477806012,0.6540722383374753,0.2644816672545821,2374
5.552361396303901,0.1267534633849283,0.6540722383374753,0.26479188165051015,2371
5.555099247091033,0.12693865501845394,0.6540722383374753,0.26541309679064495,2367
5.557837097878165,0.12693865501845394,0.6543502609019832,0.26541309679064495,2363
5.560574948665297,0.12693865501845394,0.6543502609019832,0.26541309679064495,2358
5.563312799452429,0.1271242393070238,0.6543502609019832,0.26603642042510345,2357
5.5715263518138265,0.1272171103226596,0.6545360029332548,0.2663483471482547,2353
5.574264202600959,0.12730998133829538,0.6546288739488906,0.26666053934095757,2350
5.577002053388091,0.12730998133829538,0.6547217449645264,0.26666053934095757,2348
5.579739904175223,0.12740297121615254,0.6548147348423835,0.26697339747263804,2344
5.582477754962355,0.12740297121615254,0.6550007145980978,0.26697339747263804,2342
5.585215605749487,0.1274960008502636,0.6550007145980978,0.2672867906331884,2339
5.587953456536619,0.12758903048437467,0.6550007145980978,0.26760018379373884,2338
5.590691307323751,0.12758903048437467,0.65518677386632,0.26760018379373884,2337
5.593429158110883,0.12758903048437467,0.6554658627686532,0.26760018379373884,2335
5.596167008898015,0.12758903048437467,0.6555588924027642,0.26760018379373884,2332
5.598904859685147,0.12768206011848574,0.6557449516709863,0.26791438362909115,2331
5.601642710472279,0.12777512973095265,0.6558380212834533,0.2682289885351379,2327
5.607118412046543,0.12777512973095265,0.6560241605083871,0.2682289885351379,2325
5.6125941136208075,0.12777512973095265,0.6563033693457878,0.2682289885351379,2323
5.61533196440794,0.12786819934341956,0.6563033693457878,0.2685444070745624,2320
5.626283367556468,0.12786819934341956,0.6563965192945624,0.2685444070745624,2317
5.6290212183436,0.1279613492921942,0.6565828191921117,0.2688602341872245,2316
5.631759069130732,0.12814772976928387,0.6565828191921117,0.26949270803308323,2312
5.634496919917864,0.12814772976928387,0.6566760094306565,0.26949270803308323,2310
5.642710472279261,0.12824092000782872,0.6566760094306565,0.2698090819144028,2309
5.645448323066393,0.1284273004849184,0.6566760094306565,0.2704418296770419,2308
5.648186173853525,0.12852049072346325,0.6566760094306565,0.27075820355836144,2306
5.650924024640657,0.1286136809620081,0.6569555801462911,0.271074577439681,2305
5.653661875427789,0.1286136809620081,0.6569555801462911,0.271074577439681,2301
5.6563997262149215,0.1286136809620081,0.6571420416583708,0.271074577439681,2300
5.661875427789186,0.12880014247408783,0.6572352724144106,0.27170897728525134,2298
5.664613278576318,0.12880014247408783,0.6574217339264903,0.27170897728525134,2295
5.66735112936345,0.12898660398616757,0.6574217339264903,0.27234420713498075,2293
5.670088980150582,0.1290800795494443,0.6574217339264903,0.27266265605964823,2285
5.672826830937714,0.12917425607636274,0.6577042635072455,0.27298349300007185,2267
5.675564681724846,0.12926851590847968,0.6577042635072455,0.27330503944279627,2261
5.678302532511978,0.12926851590847968,0.6577042635072455,0.27330503944279627,2258
5.68104038329911,0.12936294286795852,0.6577042635072455,0.273627156003327,2256
5.683778234086242,0.12936294286795852,0.6580819713451609,0.273627156003327,2255
5.686516084873374,0.12936294286795852,0.6581763983046397,0.273627156003327,2251
5.689253935660506,0.1294574538371878,0.658270909273869,0.27395027559585217,2248
5.691991786447638,0.12964655997250088,0.658270909273869,0.2745970904950986,2245
5.69472963723477,0.12974128196033188,0.6583656312617,0.27492107571595836,2239
5.6974674880219025,0.12974128196033188,0.658460353249531,0.27492107571595836,2237
5.700205338809035,0.12974128196033188,0.658555075237362,0.27492107571595836,2236
5.702943189596167,0.1298360039481629,0.658744519213024,0.2752454958163092,2235
5.708418891170431,0.1299307259359939,0.658933963188686,0.27557020661567466,2232
5.711156741957564,0.1299307259359939,0.659028685176517,0.27557020661567466,2229
5.713894592744696,0.1299307259359939,0.6591252270744528,0.27557020661567466,2186
5.716632443531828,0.1299307259359939,0.6592217689723885,0.27557020661567466,2185
5.722108145106092,0.1299307259359939,0.6593183108703242,0.27557020661567466,2184
5.724845995893224,0.13012380973186533,0.65941485276826,0.2762339077548266,2183
5.730321697467488,0.13022044028168162,0.6595114833180762,0.27656621541885107,2178
5.73305954825462,0.13031715972804786,0.6595114833180762,0.2768989816491092,2174
5.735797399041752,0.1304138791744141,0.6597049222108087,0.27723174787936733,2173
5.738535249828884,0.1304138791744141,0.6598016416571749,0.27723174787936733,2170
5.7412731006160165,0.13051059862078035,0.6598983611035412,0.2775649743672053,2169
5.7440109514031485,0.13051059862078035,0.6599950805499074,0.2775649743672053,2167
5.746748802190281,0.1306073180671466,0.6603819583353724,0.2778985085433977,2166
5.749486652977413,0.1306073180671466,0.6603819583353724,0.2778985085433977,2161
5.752224503764545,0.1306073180671466,0.6603819583353724,0.2778985085433977,2157
5.754962354551677,0.13070539911998447,0.6603819583353724,0.27823736424093715,2131
5.757700205338809,0.13070539911998447,0.660578859977733,0.27823736424093715,2122
5.760438056125941,0.13090239368430942,0.6606773572598955,0.2789185937225408,2119
5.763175906913073,0.1310009841521693,0.6606773572598955,0.27925969183336263,2114
5.765913757700205,0.1310009841521693,0.6609734088827112,0.27925969183336263,2111
5.768651608487337,0.1310009841521693,0.6611717173736217,0.27925969183336263,2098
5.771389459274469,0.1310009841521693,0.6612710137417412,0.27925969183336263,2093
5.774127310061601,0.1310009841521693,0.6612710137417412,0.27925969183336263,2090
5.776865160848733,0.1310009841521693,0.6613704527087618,0.27925969183336263,2089
5.779603011635865,0.13119995737990198,0.6613704527087618,0.27995038690587504,2087
5.782340862422998,0.13129949173206673,0.6613704527087618,0.2802959001559202,2084
5.7850787132101305,0.13139907389131705,0.6614700348680121,0.28064157935853506,2082
5.790554414784395,0.13149865605056738,0.6614700348680121,0.28098742475307426,2080
5.793292265571527,0.13149865605056738,0.6615696170272625,0.28098742475307426,2079
5.796030116358659,0.13169791625944766,0.6615696170272625,0.2816797815900959,2077
5.798767967145791,0.13189717646832794,0.6616692471317026,0.2823721384271175,2075
5.801505817932923,0.13199680657276808,0.6617688772361427,0.28271848392015464,2072
5.804243668720055,0.13199680657276808,0.6617688772361427,0.28271848392015464,2069
5.806981519507187,0.13199680657276808,0.6618687002352672,0.28271848392015464,2066
5.809719370294319,0.13199680657276808,0.6619685232343917,0.28271848392015464,2065
5.812457221081451,0.13199680657276808,0.6621681692326405,0.28271848392015464,2064
5.815195071868583,0.13199680657276808,0.6623678152308894,0.28271848392015464,2062
5.820670773442847,0.13209662957189253,0.6625674612291382,0.283066678830873,2060
5.823408624229979,0.13209662957189253,0.6626673327803051,0.283066678830873,2056
5.8261464750171115,0.13229637267422614,0.6628670758826387,0.28376442415561176,2055
5.8288843258042435,0.13249631074298468,0.6630670139513972,0.2844635315990909,2049
5.831622176591376,0.13259627977736396,0.6630670139513972,0.284813427182661,2045
5.83709787816564,0.13269624881174324,0.6630670139513972,0.28516332276623113,2044
5.839835728952772,0.13269624881174324,0.6630670139513972,0.28516332276623113,2042
5.842573579739904,0.1329968917026709,0.6631672282483732,0.28621558480337606,2038
5.845311430527036,0.13309715529344757,0.6633677554299264,0.2865666838762716,2033
5.848049281314168,0.13309715529344757,0.6635682826114797,0.2865666838762716,2030
5.8507871321013,0.13319741888422423,0.6635682826114797,0.28691847545226945,2028
5.853524982888432,0.13319741888422423,0.6636685956907019,0.28691847545226945,2026
5.856262833675565,0.1332977319634465,0.6638692218491464,0.2872706144767375,2025
5.859000684462697,0.13339804504266875,0.6638692218491464,0.287623101808846,2022
5.861738535249829,0.133498358121891,0.664069848007591,0.28797558914095445,2021
5.864476386036961,0.133498358121891,0.6643707872452577,0.28797558914095445,2018
5.867214236824093,0.13379929735955778,0.6643707872452577,0.28903567511245676,2015
5.8699520876112254,0.13410023659722456,0.6643707872452577,0.29009576108395907,2012
5.8726899383983575,0.13410023659722456,0.6644711003244799,0.29009576108395907,2009
5.87542778918549,0.13420054967644682,0.6647720395621466,0.2904492990515467,2008
5.878165639972622,0.13420054967644682,0.6648723526413688,0.2904492990515467,2004
5.880903490759754,0.13440117583489133,0.6648723526413688,0.2911577870205416,2003
5.883641341546886,0.1345015390706532,0.6650730791128925,0.29151220812703127,2000
5.886379192334018,0.13470226554217696,0.6650730791128925,0.29222176024708424,1997
5.88911704312115,0.13470226554217696,0.6651734423486544,0.29222176024708424,1995
5.894592744695414,0.1349029920137007,0.6651734423486544,0.29293166821072814,1994
5.897330595482546,0.1349029920137007,0.6651734423486544,0.29293166821072814,1992
5.90280629705681,0.1349029920137007,0.6652739064519899,0.29293166821072814,1990
5.905544147843942,0.13500350665229946,0.6653744210905886,0.2932873363856725,1988
5.908281998631074,0.13510407192799573,0.6653744210905886,0.29364336291646054,1985
5.9110198494182065,0.13510407192799573,0.6656762690587905,0.29364336291646054,1983
5.9137577002053385,0.13520468791739634,0.6656762690587905,0.29400010869276527,1980
5.916495550992471,0.13520468791739634,0.6656762690587905,0.29400010869276527,1978
5.919233401779603,0.13540632745463566,0.6656762690587905,0.29471504529155745,1975
5.921971252566735,0.13560817159820396,0.6656762690587905,0.29543070734605614,1971
5.924709103353867,0.13560817159820396,0.6657772424121152,0.29543070734605614,1968
5.927446954141,0.13581022102443965,0.665878267125233,0.2961474614586238,1966
5.932922655715264,0.13581022102443965,0.665878267125233,0.2961474614586238,1963
5.935660506502396,0.13591129722823697,0.6660804195328276,0.29650620383300785,1962
5.938398357289528,0.1361134496358316,0.6660804195328276,0.29722442108279556,1959
5.94113620807666,0.1361134496358316,0.6660804195328276,0.29722442108279556,1957
5.943874058863792,0.13631591241047986,0.6662828823074758,0.29794374102027477,1954
5.952087611225188,0.13631591241047986,0.6663841136947999,0.29794374102027477,1950
5.9575633127994525,0.13641714379780398,0.666485345082124,0.29830395459594417,1949
5.960301163586585,0.13641714379780398,0.6665865764694481,0.29830395459594417,1947
5.963039014373717,0.13661960657245223,0.6667890392440963,0.2990251221657325,1946
5.965776865160849,0.13661960657245223,0.6667890392440963,0.2990251221657325,1942
5.968514715947981,0.1367209945838929,0.6667890392440963,0.2993866357695666,1939
5.971252566735113,0.13682238259533355,0.6668904272555369,0.29974814937340066,1938
5.973990417522245,0.13692377060677421,0.6670932032784183,0.3001098497094681,1936
5.976728268309377,0.13702515861821488,0.6670932032784183,0.30047192428282066,1933
5.979466119096509,0.13712659913509906,0.6671946437953025,0.30083418636242565,1931
5.984941820670773,0.13732948016886742,0.6672960843121867,0.3015590861173635,1929
5.990417522245037,0.1374309206857516,0.6673975248290709,0.3019217241827231,1926
5.993155373032169,0.1375323612026358,0.6673975248290709,0.30228455072940563,1924
5.9958932238193015,0.1375323612026358,0.6673975248290709,0.30228455072940563,1923
5.9986310746064335,0.1375323612026358,0.6676007228644545,0.30228455072940563,1920
6.0013689253935665,0.1375323612026358,0.6677023218821463,0.30228455072940563,1918
6.0041067761806985,0.1375323612026358,0.6679055199175299,0.30228455072940563,1917
6.017796030116359,0.1375323612026358,0.6682103169706053,0.30228455072940563,1915
6.020533880903491,0.13773555923801942,0.6684135150059889,0.30301437860521163,1912
6.023271731690623,0.13773555923801942,0.6684135150059889,0.30301437860521163,1908
6.031485284052019,0.13773555923801942,0.6684135150059889,0.30301437860521163,1907
6.034223134839151,0.13783726486538353,0.6684135150059889,0.30338005836460025,1906
6.036960985626283,0.13783726486538353,0.6687189525574265,0.30338005836460025,1903
6.039698836413415,0.1379392921768694,0.6688209798689124,0.3037474739456315,1896
6.0424366872005475,0.1379392921768694,0.6688209798689124,0.3037474739456315,1893
6.047912388774812,0.1379392921768694,0.6690252501944455,0.3037474739456315,1892
6.053388090349076,0.1380414273396359,0.6690252501944455,0.3041158615255545,1890
6.056125941136208,0.1380414273396359,0.6690252501944455,0.3041158615255545,1889
6.05886379192334,0.1380414273396359,0.6691274394542261,0.3041158615255545,1888
6.061601642710472,0.1380414273396359,0.6691274394542261,0.3041158615255545,1885
6.064339493497604,0.1381438336769732,0.6691274394542261,0.3044854229373838,1883
6.067077344284736,0.1382462400143105,0.6691274394542261,0.304854984349213,1882
6.072553045859,0.13834864635164779,0.6691274394542261,0.3052245457610422,1881
6.075290896646133,0.13834864635164779,0.6692298457915634,0.3052245457610422,1880
6.078028747433265,0.13834864635164779,0.6694346584662381,0.3052245457610422,1879
6.080766598220397,0.13834864635164779,0.6694346584662381,0.3052245457610422,1875
6.083504449007529,0.13834864635164779,0.6695372287411485,0.3052245457610422,1874
6.0889801505817935,0.1384512166265582,0.6695372287411485,0.3055954883420561,1873
6.091718001368926,0.1385538417225669,0.6696398538371572,0.30596662918206574,1871
6.094455852156058,0.1385538417225669,0.6697424789331659,0.30596662918206574,1869
6.09719370294319,0.1385538417225669,0.6697424789331659,0.30596662918206574,1868
6.099931553730322,0.1386565217864899,0.6697424789331659,0.3063383663919307,1867
6.108145106091718,0.1386565217864899,0.6698451589970889,0.3063383663919307,1866
6.11088295687885,0.1387592018504129,0.6698451589970889,0.30671030292469637,1865
6.113620807665982,0.13896456197825893,0.6698451589970889,0.30745417599022773,1864
6.116358658453114,0.13916992210610496,0.6699478390610119,0.3081980490557591,1862
6.12457221081451,0.13916992210610496,0.6700505191249349,0.3081980490557591,1859
6.1273100616016425,0.13916992210610496,0.6700505191249349,0.3081980490557591,1858
6.1300479123887746,0.13927276822943055,0.6700505191249349,0.30857098811287187,1855
6.132785763175907,0.13937561435275614,0.6700505191249349,0.30894392716998464,1854
6.135523613963039,0.13947846047608173,0.6701533652482604,0.30931686622709753,1853
6.138261464750171,0.13947846047608173,0.6701533652482604,0.30931686622709753,1851
6.140999315537303,0.1395813621919064,0.6701533652482604,0.30969020846156936,1850
6.151950718685832,0.1395813621919064,0.6702562669640851,0.30969020846156936,1849
6.154688569472964,0.13968426390773106,0.6702562669640851,0.3100637527210598,1848
6.160164271047228,0.13968426390773106,0.6703591686799099,0.3100637527210598,1847
6.165639972621492,0.13978716562355573,0.6706678738273839,0.31043749933388687,1846
6.168377823408624,0.13989023520514848,0.6707709434089767,0.31081246534838713,1839
6.1711156741957565,0.13999341712415986,0.6707709434089767,0.3111880443863444,1835
6.1738535249828885,0.13999341712415986,0.6708741816192696,0.3111880443863444,1833
6.176591375770021,0.13999341712415986,0.6708741816192696,0.3111880443863444,1832
6.179329226557153,0.14009688123863281,0.6708741816192696,0.3115648561782556,1828
6.195756331279945,0.14020034535310577,0.6708741816192696,0.31194166797016676,1827
6.198494182067077,0.14020034535310577,0.6709776457337425,0.31194166797016676,1826
6.203969883641341,0.14030380946757873,0.6710811098482155,0.3123186862342927,1825
6.206707734428473,0.14040733036806402,0.671288151649186,0.3126961183494221,1822
6.209445585215605,0.14040733036806402,0.6713916725496712,0.3126961183494221,1819
6.2121834360027375,0.1405108512685493,0.6714951934501565,0.313074173289824,1818
6.2149212867898695,0.1405108512685493,0.6718059272605388,0.313074173289824,1815
6.217659137577002,0.1405108512685493,0.6719095051973328,0.313074173289824,1812
6.228610540725531,0.14061442920534342,0.672116661070921,0.3134534807590179,1811
6.239561943874059,0.14092516301572572,0.672116661070921,0.31459266193032487,1808
6.242299794661191,0.14092516301572572,0.6722202390077151,0.31459266193032487,1805
6.247775496235455,0.14123589682610801,0.6725309728180974,0.3157324745767822,1804
6.250513347022587,0.14123589682610801,0.6725309728180974,0.3157324745767822,1797
6.253251197809719,0.14123589682610801,0.6726349555821152,0.3157324745767822,1791
6.2587268993839835,0.14123589682610801,0.6727398170737162,0.3157324745767822,1775
6.261464750171116,0.14123589682610801,0.6730552907075774,0.3157324745767822,1769
6.264202600958248,0.14123589682610801,0.6733727416690583,0.3157324745767822,1755
6.26694045174538,0.14134177424558536,0.6733727416690583,0.31612326128461965,1751
6.269678302532512,0.14134177424558536,0.6734788009043675,0.31612326128461965,1747
6.272416153319644,0.14134177424558536,0.6734788009043675,0.31612326128461965,1745
6.28062970568104,0.14134177424558536,0.6739037680296688,0.31612326128461965,1743
6.283367556468172,0.14134177424558536,0.6739037680296688,0.31612326128461965,1735
6.286105407255304,0.14134177424558536,0.6742239663966094,0.31612326128461965,1731
6.288843258042436,0.14134177424558536,0.6743308848078313,0.31612326128461965,1725
6.291581108829569,0.14134177424558536,0.6747595530425908,0.31612326128461965,1720
6.294318959616701,0.14144894130427524,0.6748667201012807,0.31652179085263565,1716
6.297056810403833,0.14155610836296512,0.6749738871599705,0.31692055293498533,1714
6.299794661190965,0.14155610836296512,0.6750810542186604,0.31692055293498533,1712
6.3025325119780975,0.14155610836296512,0.6750810542186604,0.31692055293498533,1710
6.30527036276523,0.14155610836296512,0.6752956391659025,0.31692055293498533,1709
6.308008213552362,0.14155610836296512,0.6752956391659025,0.31692055293498533,1707
6.310746064339494,0.14155610836296512,0.6752956391659025,0.31692055293498533,1706
6.316221765913758,0.14155610836296512,0.6754030574957977,0.31692055293498533,1705
6.321697467488022,0.14155610836296512,0.6755104758256928,0.31692055293498533,1704
6.327173169062286,0.14155610836296512,0.675725312485483,0.31692055293498533,1703
6.33264887063655,0.1417709450227553,0.675725312485483,0.3177237033724515,1701
6.335386721423682,0.1417709450227553,0.675725312485483,0.3177237033724515,1699
6.338124572210814,0.14187848995056423,0.675725312485483,0.31812575186781245,1697
6.3436002737850785,0.14187848995056423,0.6758333031293929,0.31812575186781245,1689
6.346338124572211,0.1419865446078968,0.6759413577867255,0.3185299452573396,1687
6.349075975359343,0.1419865446078968,0.6759413577867255,0.3185299452573396,1684
6.351813826146475,0.14209472767242762,0.6759413577867255,0.31893485913419195,1683
6.365503080082136,0.14209472767242762,0.6760495408512563,0.31893485913419195,1682
6.3709787816564,0.14220291073695843,0.6761577239157872,0.31934001388783007,1681
6.373716632443532,0.14231109380148924,0.6761577239157872,0.3197454099486473,1679
6.376454483230664,0.14231109380148924,0.6761577239157872,0.3197454099486473,1678
6.379192334017796,0.14231109380148924,0.6762659714901955,0.3197454099486473,1677
6.381930184804928,0.14231109380148924,0.6763742190646038,0.3197454099486473,1676
6.38466803559206,0.14231109380148924,0.6763742190646038,0.3197454099486473,1675
6.3874058863791925,0.14252771827835173,0.6763742190646038,0.3205581394469166,1674
6.3901437371663246,0.14252771827835173,0.676482531303035,0.3205581394469166,1672
6.395619438740589,0.14263603051678297,0.6765908435414663,0.3209647473826156,1671
6.398357289527721,0.14274440769060895,0.6765908435414663,0.32137184285780585,1668
6.401095140314853,0.14285278486443492,0.6765908435414663,0.3217789383329962,1667
6.406570841889117,0.14285278486443492,0.6765908435414663,0.3217789383329962,1666
6.409308692676249,0.14296129229928714,0.6765908435414663,0.32218652310563267,1664
6.412046543463381,0.14306979973413936,0.6765908435414663,0.32259410787826914,1663
6.417522245037645,0.14306979973413936,0.6765908435414663,0.32259410787826914,1662
6.420260095824777,0.14306979973413936,0.6765908435414663,0.32259410787826914,1661
6.425735797399041,0.14306979973413936,0.6765908435414663,0.32259410787826914,1656
6.436687200547571,0.14306979973413936,0.6766998099201517,0.32259410787826914,1655
6.439425051334703,0.1432878643322588,0.6768088422192113,0.32341371573322586,1653
6.442162902121835,0.1432878643322588,0.676917874518271,0.32341371573322586,1650
6.447638603696099,0.1433968966313185,0.6770269068173307,0.32382401669396976,1649
6.450376454483231,0.14372399352849763,0.6771359391163904,0.3250556669367859,1647
6.453114305270363,0.14383302582755733,0.6771359391163904,0.3254664668960453,1643
6.458590006844627,0.14383302582755733,0.67724497141545,0.3254664668960453,1642
6.461327857631759,0.14394205812661703,0.67724497141545,0.32587751719044133,1641
6.464065708418891,0.14394205812661703,0.6773540037145097,0.32587751719044133,1640
6.466803559206023,0.14394205812661703,0.6774630360135694,0.32587751719044133,1639
6.469541409993155,0.14405115703062424,0.6774630360135694,0.3262893207840941,1637
6.4722792607802875,0.14405115703062424,0.6775721349175766,0.3262893207840941,1636
6.4750171115674195,0.14416032270262655,0.677681300589579,0.32670162842131323,1634
6.480492813141684,0.1444878197186335,0.6777904662615813,0.3279393092514211,1632
6.48870636550308,0.1444878197186335,0.6778996319335837,0.3279393092514211,1628
6.494182067077344,0.1445969853906358,0.6778996319335837,0.32835237667044304,1627
6.499657768651608,0.14492448240664277,0.6780087976055861,0.3295915789275087,1626
6.50239561943874,0.14492448240664277,0.6781179632775884,0.3295915789275087,1622
6.505133470225872,0.14492448240664277,0.6782271289495908,0.3295915789275087,1621
6.507871321013004,0.14503364807864508,0.6782271289495908,0.3300054112861954,1620
6.510609171800137,0.1451428812201604,0.6783363620911061,0.3304194994127182,1618
6.513347022587269,0.1452521143616757,0.6784455952326215,0.3308338437818935,1616
6.5188227241615335,0.1452521143616757,0.6785548283741368,0.3308338437818935,1614
6.521560574948666,0.14536134750319102,0.6785548283741368,0.3312487019072612,1613
6.52703627652293,0.14547085236893895,0.6785548283741368,0.33166459201801535,1608
6.529774127310062,0.14547085236893895,0.6786643332398847,0.33166459201801535,1607
6.532511978097194,0.14547085236893895,0.6787739063329633,0.33166459201801535,1605
6.535249828884326,0.14558042546201755,0.6787739063329633,0.3320812599781039,1604
6.537987679671458,0.14568999855509615,0.6787739063329633,0.33249792793819244,1603
6.54072553045859,0.14579957164817475,0.6787739063329633,0.332914595898281,1602
6.543463381245722,0.14590921322443653,0.6788835479092251,0.33333152427584456,1600
6.546201232032854,0.14590921322443653,0.6788835479092251,0.33333152427584456,1598
6.551676933607118,0.14601892345541106,0.6789932581401996,0.33374897479289156,1597
6.55441478439425,0.1461286336863856,0.6791029683711741,0.33416668703440067,1595
6.5571526351813825,0.14634805414833466,0.6792126786021486,0.33500263595212276,1593
6.5598904859685145,0.14645776437930919,0.6792126786021486,0.33542087328800196,1590
6.562628336755647,0.14656747461028372,0.6794320990640977,0.33583911062388117,1589
6.565366187542779,0.14656747461028372,0.6795418092950722,0.33583911062388117,1586
6.568104038329911,0.14656747461028372,0.6796515887875563,0.33583911062388117,1584
6.581793292265571,0.14667725410276772,0.6797613682800403,0.3362586689873531,1583
6.587268993839836,0.14678703359525172,0.6798711477725243,0.33667849272613404,1581
6.590006844626968,0.14678703359525172,0.6798711477725243,0.33667849272613404,1578
6.5927446954141,0.14678703359525172,0.6798711477725243,0.33667849272613404,1577
6.595482546201232,0.14689702205885086,0.6798711477725243,0.3370993820073992,1576
6.598220396988364,0.14689702205885086,0.6799811362361234,0.3370993820073992,1575
6.6036960985626285,0.14700701052245,0.6800911246997225,0.33752053868973253,1574
6.606433949349761,0.14700701052245,0.6800911246997225,0.33752053868973253,1572
6.609171800136893,0.14711763231693356,0.6800911246997225,0.3379443899125798,1563
6.611909650924025,0.14722839593423057,0.6800911246997225,0.33836878453443076,1560
6.614647501711157,0.14722839593423057,0.6800911246997225,0.33836878453443076,1558
6.617385352498289,0.14722839593423057,0.6802020305952692,0.33836878453443076,1557
6.620123203285421,0.14745020772532375,0.6802020305952692,0.33921921026125024,1556
6.625598904859685,0.14767201951641692,0.6802020305952692,0.3400696359880697,1554
6.628336755646817,0.14778306851634487,0.6802020305952692,0.34049539751323865,1550
6.631074606433949,0.14800516651620077,0.680535177595053,0.34134692056357663,1549
6.633812457221081,0.14811621551612872,0.680646226594981,0.34177350934559503,1544
6.636550308008213,0.14811621551612872,0.680646226594981,0.34177350934559503,1541
6.639288158795345,0.14811621551612872,0.6807574198143893,0.34177350934559503,1540
6.6447638603696095,0.14811621551612872,0.6807574198143893,0.34177350934559503,1539
6.650239561943874,0.14811621551612872,0.6807574198143893,0.34177350934559503,1538
6.652977412731006,0.1482275534241765,0.6808687577224372,0.3422017634058776,1537
6.655715263518139,0.1482275534241765,0.6808687577224372,0.3422017634058776,1533
6.661190965092403,0.1482275534241765,0.680980313655109,0.3422017634058776,1532
6.663928815879535,0.14833910935684844,0.680980313655109,0.3426314160751095,1531
6.666666666666667,0.14845066528952036,0.680980313655109,0.3430610687443415,1530
6.669404517453799,0.1485622212221923,0.6812034255204529,0.3434907214135734,1529
6.672142368240931,0.14878533308753614,0.6812034255204529,0.34435115297135377,1526
6.674880219028063,0.14878533308753614,0.6812034255204529,0.34435115297135377,1523
6.677618069815195,0.14890539752354745,0.6812034255204529,0.3448141818181254,1416
6.680355920602327,0.14902546195955876,0.6812034255204529,0.345277210664897,1415
6.683093771389459,0.1491465540512278,0.6813245176121219,0.3457442026687023,1402
6.685831622176591,0.1491465540512278,0.6813245176121219,0.3457442026687023,1400
6.6885694729637235,0.1491465540512278,0.681446480869918,0.3457442026687023,1390
6.691307323750856,0.1491465540512278,0.681446480869918,0.3457442026687023,1386
6.694045174537988,0.1491465540512278,0.681446480869918,0.3457442026687023,1385
6.702258726899384,0.1491465540512278,0.6815688847464201,0.3457442026687023,1384
6.707734428473648,0.1491465540512278,0.6819363620862225,0.3457442026687023,1382
6.71047227926078,0.1491465540512278,0.6820588545328233,0.3457442026687023,1379
6.713210130047912,0.1491465540512278,0.6820588545328233,0.3457442026687023,1376
6.721423682409308,0.1491465540512278,0.6820588545328233,0.3457442026687023,1342
6.7268993839835725,0.14927242622976317,0.6820588545328233,0.34623208916932224,1341
6.729637234770705,0.14927242622976317,0.6821847267113588,0.34623208916932224,1340
6.7323750855578375,0.14952417058683393,0.6823105988898942,0.34720859090319933,1339
6.7351129363449695,0.14965013705164537,0.6824365653547056,0.3476975732321108,1335
6.743326488706366,0.14965013705164537,0.6826884982843285,0.3476975732321108,1333
6.746064339493498,0.14965013705164537,0.6828145594607676,0.3476975732321108,1330
6.74880219028063,0.14965013705164537,0.6829408106314441,0.3476975732321108,1327
6.751540041067762,0.14977648350622416,0.6831935035406017,0.34818987695042614,1325
6.754277891854894,0.1499032134098305,0.6831935035406017,0.34868442180858206,1318
6.757015742642026,0.15015744537182527,0.6831935035406017,0.3496765247456597,1313
6.759753593429158,0.15015744537182527,0.6831935035406017,0.3496765247456597,1305
6.76249144421629,0.15015744537182527,0.6831935035406017,0.3496765247456597,1295
6.767967145790554,0.15028663068274586,0.6831935035406017,0.350180651470663,1290
6.770704996577686,0.15041611735908852,0.6833229902169443,0.35068595423001714,1286
6.7734428473648185,0.15041611735908852,0.6835825700646008,0.35068595423001714,1281
6.776180698151951,0.15041611735908852,0.6835825700646008,0.35068595423001714,1278
6.778918548939083,0.15041611735908852,0.6835825700646008,0.35068595423001714,1276
6.781656399726215,0.1505468270540305,0.6835825700646008,0.3511972251321982,1270
6.784394250513347,0.1506780537968164,0.6835825700646008,0.3517105184667455,1264
6.787132101300479,0.15080948867083588,0.6835825700646008,0.3522246259065023,1261
6.789869952087611,0.15094102794110162,0.6835825700646008,0.3527391416921206,1259
6.795345653661875,0.15094102794110162,0.6835825700646008,0.3527391416921206,1256
6.798083504449007,0.15133722044388126,0.6838466983997872,0.35428884845582664,1253
6.80082135523614,0.15133722044388126,0.6838466983997872,0.35428884845582664,1246
6.803559206023272,0.15133722044388126,0.6838466983997872,0.35428884845582664,1245
6.806297056810404,0.15133722044388126,0.6839791872110061,0.35428884845582664,1244
6.809034907597536,0.15146970925510017,0.6839791872110061,0.35480832645385096,1243
6.811772758384668,0.1517349003969759,0.6839791872110061,0.355848119642483,1241
6.8145106091718,0.1517349003969759,0.6842443783528819,0.355848119642483,1239
6.8172484599589325,0.1517349003969759,0.6843770812017897,0.355848119642483,1236
6.822724161533197,0.15186760324588378,0.6847751897485134,0.3563697001124081,1235
6.825462012320329,0.15200052204735293,0.6847751897485134,0.3568934025533256,1229
6.828199863107461,0.15200052204735293,0.6847751897485134,0.3568934025533256,1228
6.830937713894593,0.15200052204735293,0.6849082168782641,0.3568934025533256,1227
6.833675564681725,0.15213365777067894,0.6849082168782641,0.3574183875308331,1225
6.836413415468857,0.15226690235395862,0.6849082168782641,0.3579438017683385,1223
6.839151266255989,0.15226690235395862,0.6849082168782641,0.3579438017683385,1220
6.841889117043121,0.15280251051437893,0.6849082168782641,0.3600558287362058,1216
6.844626967830253,0.15280251051437893,0.6850421189183692,0.3600558287362058,1212
6.852840520191649,0.15280251051437893,0.6851763534966533,0.3600558287362058,1208
6.855578370978781,0.15293674509266308,0.6851763534966533,0.36058602274719487,1207
6.8583162217659135,0.15293674509266308,0.6851763534966533,0.36058602274719487,1205
6.861054072553046,0.15293674509266308,0.6851763534966533,0.36058602274719487,1204
6.86652977412731,0.15293674509266308,0.6854454921523652,0.36058602274719487,1203
6.869267624914442,0.15293674509266308,0.6855800614802211,0.36058602274719487,1201
6.874743326488707,0.15307131442051902,0.685849200135933,0.36111886772823887,1200
6.880219028062971,0.15320588374837496,0.6859837694637889,0.3616526030100031,1197
6.882956878850103,0.15320588374837496,0.6861183387916449,0.3616526030100031,1195
6.888432580424367,0.15320588374837496,0.6862529081195008,0.3616526030100031,1194
6.896646132785763,0.1533404530762309,0.6862529081195008,0.3621876804592823,1193
6.9021218343600275,0.15347502240408684,0.6862529081195008,0.36272275790856146,1192
6.910335386721424,0.15347502240408684,0.6865222729421502,0.36272275790856146,1190
6.913073237508556,0.1540137520493857,0.6866569553534749,0.36486847252839794,1188
6.915811088295688,0.1540137520493857,0.6866569553534749,0.36486847252839794,1182
6.91854893908282,0.1540137520493857,0.6866569553534749,0.36486847252839794,1180
6.921286789869952,0.15414912103205106,0.6867923243361403,0.3654080914982124,1177
6.924024640657084,0.15428460532049382,0.6867923243361403,0.36594862975076925,1174
6.93223819301848,0.15428460532049382,0.6867923243361403,0.36594862975076925,1173
6.934976043805612,0.15428460532049382,0.6867923243361403,0.36594862975076925,1171
6.937713894592744,0.15442043700454797,0.6867923243361403,0.36649055399884556,1170
6.940451745379876,0.15442043700454797,0.6867923243361403,0.36649055399884556,1168
6.9431895961670085,0.15442043700454797,0.6867923243361403,0.36649055399884556,1167
6.9486652977412735,0.15442043700454797,0.6869285055013713,0.36649055399884556,1166
6.954140999315538,0.15442043700454797,0.6870646866666023,0.36649055399884556,1165
6.95687885010267,0.15455673526450397,0.6870646866666023,0.36703527407279324,1163
6.959616700889802,0.15455673526450397,0.6870646866666023,0.36703527407279324,1161
6.962354551676934,0.15469350433019385,0.6870646866666023,0.3675818757359428,1158
6.967830253251198,0.15496727908625477,0.6870646866666023,0.36867602473985983,1156
6.97056810403833,0.1551041664642852,0.6870646866666023,0.3692230992418184,1154
6.976043805612594,0.1551041664642852,0.68761271148212,0.3692230992418184,1152
6.978781656399726,0.1551041664642852,0.68761271148212,0.3692230992418184,1148
6.98425735797399,0.1552412921155961,0.68761271148212,0.36977303551100604,1147
6.9869952087611225,0.15551554341821788,0.68761271148212,0.3708729080493812,1146
6.9897330595482545,0.15565266906952877,0.6877498371334309,0.37142284431856876,1144
6.992470910335387,0.15565266906952877,0.6877498371334309,0.37142284431856876,1142
6.995208761122519,0.15578991490107744,0.6878870829649796,0.3719737445426542,1141
6.997946611909651,0.1559271607326261,0.6878870829649796,0.3725251284368222,1139
7.006160164271047,0.1559271607326261,0.6881615746280769,0.3725251284368222,1138
7.008898015058179,0.15606452748561228,0.6881615746280769,0.3730779697333536,1135
7.011635865845311,0.15620201548021626,0.6881615746280769,0.37363129897454217,1133
7.014373716632443,0.15633950347482023,0.6882990626226809,0.37418462821573073,1132
7.017111567419575,0.15675196745863215,0.6882990626226809,0.37584608495498106,1130
7.019849418206708,0.15675196745863215,0.6884365506172849,0.37584608495498106,1127
7.02258726899384,0.15688945545323613,0.6884365506172849,0.376400395714346,1126
7.030800821355236,0.1570269434478401,0.6884365506172849,0.3769547064737111,1125
7.0335386721423685,0.1570269434478401,0.6885741610410916,0.3769547064737111,1123
7.047227926078029,0.15716455387164677,0.6887117714648983,0.377510005309296,1122
7.049965776865161,0.15716455387164677,0.6888493818887049,0.377510005309296,1120
7.052703627652293,0.15730216429545343,0.6888493818887049,0.37806629663609737,1119
7.055441478439425,0.15730216429545343,0.6888493818887049,0.37806629663609737,1117
7.063655030800821,0.15757787837039222,0.6888493818887049,0.37918087316542337,1116
7.066392881587953,0.1577157354078616,0.6888493818887049,0.3797381614300863,1114
7.069130732375085,0.15785359244533098,0.6888493818887049,0.3802954496947494,1113
7.0718685831622174,0.15785359244533098,0.6888493818887049,0.3802954496947494,1111
7.0746064339493495,0.1579918224053544,0.6888493818887049,0.38085424550205793,1109
7.080082135523614,0.1581300523653778,0.6888493818887049,0.3814130413093666,1108
7.082819986310746,0.15826828232540122,0.6888493818887049,0.38197183711667526,1107
7.085557837097878,0.15826828232540122,0.6889876118487284,0.38197183711667526,1106
7.093771389459275,0.15826828232540122,0.6889876118487284,0.38197183711667526,1104
7.096509240246407,0.15826828232540122,0.6889876118487284,0.38197183711667526,1103
7.099247091033539,0.15826828232540122,0.689126218115358,0.38197183711667526,1102
7.107460643394935,0.15826828232540122,0.6892648243819877,0.38197183711667526,1101
7.110198494182067,0.15826828232540122,0.6894034306486173,0.38197183711667526,1100
7.112936344969199,0.15826828232540122,0.6894034306486173,0.38197183711667526,1093
7.115674195756331,0.15826828232540122,0.6894034306486173,0.38197183711667526,1089
7.1184120465434635,0.15826828232540122,0.6894034306486173,0.38197183711667526,1087
7.12662559890486,0.15840867705998737,0.6894034306486173,0.382541448326706,1085
7.129363449691992,0.15854907179457353,0.6896842201177896,0.38311105953673674,1084
7.132101300479124,0.1586894665291597,0.6896842201177896,0.3836817246065455,1081
7.134839151266256,0.15882986126374585,0.6896842201177896,0.3842523896763542,1080
7.137577002053388,0.158970255998332,0.6896842201177896,0.38482305474616296,1079
7.143052703627652,0.158970255998332,0.6898246148523758,0.38482305474616296,1078
7.148528405201916,0.158970255998332,0.6898246148523758,0.38482305474616296,1077
7.151266255989048,0.158970255998332,0.6899651400653398,0.38482305474616296,1076
7.162217659137577,0.158970255998332,0.6899651400653398,0.38482305474616296,1075
7.1649555099247095,0.158970255998332,0.6901057961211464,0.38482305474616296,1074
7.167693360711842,0.15911091205413863,0.6901057961211464,0.38539637901946566,1073
7.170431211498974,0.15925169944146328,0.6901057961211464,0.38597023860955015,1071
7.173169062286106,0.15925169944146328,0.6902465835084711,0.38597023860955015,1070
7.181382614647502,0.15925169944146328,0.6902465835084711,0.38597023860955015,1069
7.184120465434634,0.1595338020038814,0.6902465835084711,0.38712118474149104,1067
7.186858316221766,0.15967511866849818,0.6903879001730879,0.38769774054135786,1063
7.189596167008898,0.15967511866849818,0.6905293501553128,0.38769774054135786,1060
7.200547570157426,0.15981670234635847,0.6905293501553128,0.38827647613630933,1058
7.2032854209445585,0.15981670234635847,0.6906709338331731,0.38827647613630933,1057
7.208761122518823,0.15995828602421877,0.6906709338331731,0.3888557597763318,1056
7.219712525667351,0.15995828602421877,0.6909541011888937,0.3888557597763318,1055
7.225188227241615,0.15995828602421877,0.6909541011888937,0.3888557597763318,1053
7.230663928815879,0.16010000428732418,0.6909541011888937,0.3894366953658981,1052
7.233401779603011,0.1602417225504296,0.6909541011888937,0.39001763095546427,1051
7.238877481177276,0.1602417225504296,0.6909541011888937,0.39001763095546427,1050
7.241615331964408,0.1602417225504296,0.6913796612735286,0.39001763095546427,1049
7.2470910335386725,0.1605257007632067,0.6913796612735286,0.3911850613268414,1045
7.2498288843258045,0.1605257007632067,0.6915217866458542,0.3911850613268414,1042
7.255304585900069,0.16080995150785787,0.6915217866458542,0.3923547345999887,1041
7.258042436687201,0.16080995150785787,0.6915217866458542,0.3923547345999887,1037
7.260780287474333,0.16080995150785787,0.6915217866458542,0.3923547345999887,1036
7.263518138261465,0.16095345807913705,0.6915217866458542,0.3929452547801636,1029
7.266255989048597,0.16109724439032128,0.6916655729570383,0.3935369260718009,1026
7.268993839835729,0.16109724439032128,0.6916655729570383,0.3935369260718009,1018
7.271731690622861,0.1612424487124639,0.6919559816013237,0.39413501588829813,1014
7.277207392197125,0.1612424487124639,0.692246390245609,0.39413501588829813,1011
7.279945242984257,0.1612424487124639,0.6923915945677516,0.39413501588829813,1009
7.282683093771389,0.1615328573567492,0.6923915945677516,0.3953371289520118,1008
7.285420944558521,0.1615328573567492,0.6923915945677516,0.3953371289520118,1006
7.2881587953456535,0.1615328573567492,0.6925372331999305,0.3953371289520118,1003
7.2908966461327855,0.16167849598892814,0.6925372331999305,0.3959405849111415,1002
7.29637234770705,0.16167849598892814,0.6925372331999305,0.3959405849111415,1001
7.299110198494182,0.16167849598892814,0.6925372331999305,0.3959405849111415,1000
7.301848049281314,0.16167849598892814,0.6925372331999305,0.3959405849111415,997
7.304585900068446,0.16167849598892814,0.6925372331999305,0.3959405849111415,995
7.307323750855578,0.16167849598892814,0.6925372331999305,0.3959405849111415,992
7.315537303216975,0.16182560423394443,0.6925372331999305,0.3965501302341373,991
7.318275154004107,0.16182560423394443,0.6925372331999305,0.3965501302341373,989
7.321013004791239,0.16182560423394443,0.6926847885824696,0.3965501302341373,987
7.326488706365503,0.16182560423394443,0.6928323439650087,0.3965501302341373,986
7.3319644079397674,0.16182560423394443,0.6928323439650087,0.3965501302341373,985
7.3347022587268995,0.16182560423394443,0.6928323439650087,0.3965501302341373,983
7.359342915811088,0.16182560423394443,0.6929808036706278,0.3965501302341373,979
7.36208076659822,0.16197406393956348,0.6929808036706278,0.39716715464085095,978
7.364818617385352,0.16212267575553665,0.6929808036706278,0.39778481124470255,976
7.367556468172484,0.16212267575553665,0.6931294154866009,0.39778481124470255,975
7.3757700205338805,0.16212267575553665,0.693278027302574,0.39778481124470255,974
7.389459274469542,0.16212267575553665,0.693278027302574,0.39778481124470255,973
7.40041067761807,0.1622714404643246,0.693278027302574,0.39840437419609687,972
7.403148528405202,0.16242020517311254,0.693426792011362,0.3990239371474912,971
7.41409993155373,0.16242020517311254,0.69357555672015,0.3990239371474912,969
7.416837782340862,0.16242020517311254,0.69357555672015,0.3990239371474912,968
7.4195756331279945,0.16242020517311254,0.69357555672015,0.3990239371474912,967
7.422313483915127,0.16256927788336795,0.69357555672015,0.39964606557694515,966
7.433264887063655,0.16256927788336795,0.69357555672015,0.39964606557694515,965
7.436002737850787,0.16271850523336429,0.6937247840701464,0.4002688393678404,964
7.449691991786447,0.16286773258336062,0.6937247840701464,0.40089226053273874,962
7.4633812457221085,0.16301695993335696,0.6937247840701464,0.4015156816976371,961
7.4661190965092405,0.1631661872833533,0.6937247840701464,0.4021391028625354,960
7.468856947296373,0.1631661872833533,0.6938740114201427,0.4021391028625354,959
7.474332648870637,0.1631661872833533,0.6941724661201354,0.4021391028625354,958
7.477070499657769,0.1631661872833533,0.6943220063157293,0.4021391028625354,954
7.479808350444901,0.16331588455898452,0.6943220063157293,0.4027671080065873,952
7.490759753593429,0.16346558183461574,0.6943220063157293,0.40339511315063925,951
7.496235455167693,0.16361527911024695,0.6943220063157293,0.4040231182946913,950
7.507186858316222,0.16376513429439676,0.6943220063157293,0.4046517858914269,948
7.509924709103354,0.16376513429439676,0.694471861499879,0.4046517858914269,947
7.515400410677618,0.16391498947854657,0.694471861499879,0.40528111804164746,946
7.520876112251882,0.16391498947854657,0.6946217166840288,0.40528111804164746,945
7.529089664613279,0.16406484466269639,0.6946217166840288,0.4059111168572813,944
7.531827515400411,0.16406484466269639,0.6947715718681786,0.4059111168572813,943
7.534565366187543,0.16406484466269639,0.6947715718681786,0.4059111168572813,942
7.542778918548939,0.16406484466269639,0.6949215863033211,0.4059111168572813,941
7.545516769336071,0.16406484466269639,0.6950716007384636,0.4059111168572813,940
7.5482546201232035,0.16406484466269639,0.6950716007384636,0.4059111168572813,939
7.5509924709103355,0.16406484466269639,0.6952217751037076,0.4059111168572813,938
7.553730321697468,0.16406484466269639,0.6953719494689516,0.4059111168572813,937
7.5564681724846,0.16421501902794033,0.6953719494689516,0.4065458272025193,936
7.559206023271732,0.16436519339318428,0.6955221238341956,0.4071805375477573,935
7.561943874058864,0.16451536775842823,0.6955221238341956,0.40781592818275436,933
7.564681724845996,0.16466554212367218,0.6955221238341956,0.40845131881775143,932
7.567419575633128,0.16466554212367218,0.6956722981994397,0.40845131881775143,931
7.572895277207392,0.16466554212367218,0.6956722981994397,0.40845131881775143,929
7.575633127994524,0.16466554212367218,0.6964247882839056,0.40845131881775143,928
7.58384668035592,0.1648160401405654,0.6964247882839056,0.40909221663051665,923
7.592060232717317,0.1648160401405654,0.6965752863007988,0.40909221663051665,922
7.594798083504449,0.1648160401405654,0.6965752863007988,0.40909221663051665,905
7.600273785078714,0.1649693683192807,0.6965752863007988,0.40974587568291654,904
7.603011635865846,0.165122696497996,0.6967286144795141,0.41039953473531643,903
7.60848733744011,0.165122696497996,0.6970352708369447,0.41039953473531643,901
7.611225188227242,0.1652761954207856,0.6970352708369447,0.4110561054093306,898
7.616700889801506,0.16542986565933723,0.6970352708369447,0.4117134088631148,896
7.627652292950034,0.16558353589788888,0.6970352708369447,0.41237071231689904,895
7.630390143737166,0.16573720613644052,0.6970352708369447,0.41302801577068327,894
7.6331279945242985,0.16589104865104434,0.6971891133515485,0.41368605611174747,892
7.638603696098563,0.16589104865104434,0.6973429558661524,0.41368605611174747,890
7.646817248459959,0.16604489116564816,0.6974967983807562,0.41434557685852835,889
7.649555099247091,0.16604489116564816,0.6974967983807562,0.41434557685852835,886
7.655030800821355,0.16604489116564816,0.6976509885620596,0.41434557685852835,885
7.657768651608487,0.16619908134695166,0.6976509885620596,0.41500808186208205,884
7.660506502395619,0.16619908134695166,0.6976509885620596,0.41500808186208205,883
7.663244353182751,0.1663537971766005,0.6976509885620596,0.4156728454054206,880
7.6796714579055445,0.1663537971766005,0.6976509885620596,0.4156728454054206,879
7.682409308692677,0.1663537971766005,0.6976509885620596,0.4156728454054206,875
7.685147159479809,0.1663537971766005,0.6976509885620596,0.4156728454054206,874
7.693360711841205,0.1663537971766005,0.6978069463765796,0.4156728454054206,872
7.704312114989733,0.1665097549911204,0.6978069463765796,0.4163437146988702,871
7.709787816563997,0.16666571280564027,0.6979629041910995,0.4170145839923197,870
7.715263518138261,0.16682591562576246,0.6979629041910995,0.4177045075615595,845
7.7207392197125255,0.16682591562576246,0.6979629041910995,0.4177045075615595,844
7.723477070499658,0.1669863084848172,0.6979629041910995,0.41839524954547225,843
7.731690622861054,0.1671467013438719,0.6981232970501543,0.41908599152938497,842
7.734428473648186,0.16730709420292664,0.6981232970501543,0.4197775558251833,840
7.737166324435318,0.16730709420292664,0.698605049826098,0.4197775558251833,838
7.753593429158111,0.16730709420292664,0.698605049826098,0.4197775558251833,835
7.759069130732375,0.16746806401801784,0.6992489290864627,0.4204741013764136,833
7.761806981519507,0.16762922847617445,0.6992489290864627,0.4211748582066719,827
7.770020533880904,0.16762922847617445,0.6994100935446194,0.4211748582066719,826
7.772758384668036,0.16762922847617445,0.6994100935446194,0.4211748582066719,824
7.775496235455168,0.16762922847617445,0.6994100935446194,0.4211748582066719,823
7.7782340862423,0.16779117814484584,0.6994100935446194,0.42187988273991595,821
7.780971937029432,0.16779117814484584,0.6995720432132907,0.42187988273991595,820
7.783709787816564,0.16795372321671087,0.6995720432132907,0.42258836327577387,816
7.794661190965092,0.16795372321671087,0.6995720432132907,0.42258836327577387,814
7.797399041752224,0.16795372321671087,0.6995720432132907,0.42258836327577387,813
7.8056125941136205,0.16795372321671087,0.6995720432132907,0.42258836327577387,810
7.811088295687885,0.16812918577773073,0.6995720432132907,0.42335314690057424,755
7.813826146475017,0.16812918577773073,0.6995720432132907,0.42335314690057424,754
7.816563997262149,0.16812918577773073,0.6995720432132907,0.42335314690057424,753
7.832991101984942,0.16812918577773073,0.699748441574636,0.42335314690057424,750
7.835728952772074,0.16812918577773073,0.699748441574636,0.42335314690057424,748
7.838466803559206,0.16812918577773073,0.6999253122207506,0.42335314690057424,747
7.8494182067077345,0.16812918577773073,0.7001021828668652,0.42335314690057424,746
7.852156057494867,0.1683062941532084,0.7002792912423429,0.4241282098751702,744
7.854893908281999,0.1683062941532084,0.7004563996178206,0.4241282098751702,742
7.857631759069131,0.1683062941532084,0.7004563996178206,0.4241282098751702,741
7.860369609856263,0.1683062941532084,0.7006337473289408,0.4241282098751702,740
7.865845311430527,0.16848364186432865,0.7006337473289408,0.4249074680485462,739
7.871321013004791,0.16848364186432865,0.7011657904623014,0.4249074680485462,738
7.874058863791923,0.1686609895754489,0.7013431381734216,0.4256899068675277,735
7.882272416153319,0.1686609895754489,0.7015204858845419,0.4256899068675277,733
7.885010266940451,0.16901568499768935,0.7016978335956621,0.4272590601274525,732
7.8904859685147155,0.16901568499768935,0.7018751813067823,0.4272590601274525,729
7.8932238193018485,0.16901568499768935,0.7018751813067823,0.4272590601274525,727
7.898699520876113,0.16901568499768935,0.7020530175790902,0.4272590601274525,726
7.912388774811773,0.16901568499768935,0.7020530175790902,0.4272590601274525,725
7.915126625598905,0.16901568499768935,0.7022310994816084,0.4272590601274525,724
7.917864476386037,0.1691940135510421,0.7022310994816084,0.42805233012727595,722
7.923340177960301,0.1691940135510421,0.7024094280349612,0.42805233012727595,721
7.931553730321697,0.16937234210439486,0.702587756588314,0.42884670189098806,720
7.939767282683094,0.16937234210439486,0.702587756588314,0.42884670189098806,718
7.945242984257358,0.16937234210439486,0.702587756588314,0.42884670189098806,717
7.94798083504449,0.16955116878219834,0.7027665832661174,0.4296444020280118,716
7.950718685831622,0.1697299954600018,0.7027665832661174,0.43044321939211827,714
7.956194387405886,0.16990882213780528,0.7027665832661174,0.43124203675622474,713
7.967145790554415,0.16990882213780528,0.7029454099439209,0.43124203675622474,712
7.969883641341547,0.16990882213780528,0.7031242366217243,0.43124203675622474,711
7.972621492128679,0.17008764881560876,0.7031242366217243,0.4320431043100892,710
7.975359342915811,0.17008764881560876,0.7033030632995277,0.4320431043100892,709
7.9780971937029435,0.17026647549341223,0.7033030632995277,0.4328453033153009,708
7.991786447638604,0.17026647549341223,0.7033030632995277,0.4328453033153009,707
7.994524298425736,0.17026647549341223,0.7036617312745832,0.4328453033153009,705
8.002737850787133,0.17044606494246067,0.7036617312745832,0.4336532159886409,702
8.008213552361397,0.17044606494246067,0.7040209101726801,0.4336532159886409,701
8.013689253935661,0.17062565439150912,0.7040209101726801,0.4344634402862251,699
8.016427104722792,0.17080524384055756,0.7040209101726801,0.43527366458380923,698
8.021902806297057,0.17080524384055756,0.7040209101726801,0.43527366458380923,697
8.02464065708419,0.1709850913204236,0.7040209101726801,0.4360850529967635,696
8.030116358658454,0.17116493880028966,0.7040209101726801,0.43689644140971773,695
8.032854209445585,0.1713447862801557,0.7040209101726801,0.4377078298226721,694
8.046543463381246,0.1713447862801557,0.7042007576525461,0.4377078298226721,693
8.049281314168377,0.17152463376002175,0.7042007576525461,0.4385203907622347,692
8.05201916495551,0.1717044812398878,0.7042007576525461,0.4393329517017973,691
8.062970568104038,0.17188432871975384,0.7042007576525461,0.4401455126413599,690
8.068446269678303,0.17188432871975384,0.7043806051324121,0.4401455126413599,689
8.071184120465434,0.1720641761996199,0.7043806051324121,0.4409592546287998,688
8.073921971252567,0.17242387115935195,0.7043806051324121,0.4425867386036796,687
8.07939767282683,0.17242387115935195,0.7043806051324121,0.4425867386036796,685
8.082135523613964,0.17242387115935195,0.7043806051324121,0.4425867386036796,683
8.084873374401095,0.17242387115935195,0.7043806051324121,0.4425867386036796,682
8.087611225188228,0.17242387115935195,0.7043806051324121,0.4425867386036796,667
8.09034907597536,0.17242387115935195,0.7043806051324121,0.4425867386036796,656
8.093086926762492,0.17242387115935195,0.7043806051324121,0.4425867386036796,650
8.098562628336756,0.17261428155148215,0.7043806051324121,0.4434482737835811,647
8.10403832991102,0.17280469194361234,0.7043806051324121,0.4443098089634827,646
8.106776180698152,0.17280469194361234,0.7043806051324121,0.4443098089634827,645
8.109514031485284,0.17299658991693104,0.7045725031057308,0.44517807488697725,640
8.120465434633813,0.17299658991693104,0.7045725031057308,0.44517807488697725,638
8.125941136208077,0.17318969860301517,0.704765611791815,0.4460531883335278,634
8.128678986995208,0.17318969860301517,0.7049587204778991,0.4460531883335278,632
8.134154688569472,0.17318969860301517,0.7049587204778991,0.4460531883335278,631
8.139630390143736,0.17318969860301517,0.7049587204778991,0.4460531883335278,629
8.145106091718,0.17338372978282263,0.7051527516577065,0.44693526924382476,628
8.150581793292266,0.17338372978282263,0.7051527516577065,0.44693526924382476,624
8.153319644079398,0.17338372978282263,0.7053477171770636,0.44693526924382476,623
8.167008898015059,0.17357869530217973,0.7053477171770636,0.4478244408366804,622
8.177960301163587,0.17416359186025102,0.7053477171770636,0.45049195561524713,621
8.183436002737851,0.17416359186025102,0.7055426826964206,0.45049195561524713,618
8.186173853524982,0.17435855737960812,0.7059326137351348,0.4513825683289988,617
8.188911704312115,0.17435855737960812,0.7061275792544919,0.4513825683289988,614
8.19438740588638,0.17455352289896522,0.7061275792544919,0.4522775396694083,613
8.199863107460644,0.17455352289896522,0.7063225447738489,0.4522775396694083,612
8.202600958247775,0.17455352289896522,0.7063225447738489,0.4522775396694083,611
8.208076659822039,0.17494409316889042,0.7063225447738489,0.45407335101475454,610
8.213552361396303,0.175139378303853,0.7063225447738489,0.45497125668742766,608
8.216290212183436,0.175139378303853,0.7065178299088115,0.45497125668742766,607
8.224503764544833,0.1755299485737782,0.7065178299088115,0.45677003141783223,606
8.238193018480493,0.1757252337087408,0.7065178299088115,0.45766941878303447,604
8.240930869267626,0.17592084323761528,0.7065178299088115,0.45857030014718225,602
8.243668720054757,0.17611645276648977,0.7065178299088115,0.45947118151133004,601
8.24914442162902,0.17650767182423874,0.7065178299088115,0.4612729442396256,600
8.254620123203285,0.17650767182423874,0.7065178299088115,0.4612729442396256,597
8.257357973990418,0.17670426761964536,0.7065178299088115,0.46217836786275224,595
8.260095824777549,0.17670426761964536,0.7065178299088115,0.46217836786275224,593
8.268309377138946,0.17670426761964536,0.7067150898792026,0.46217836786275224,592
8.271047227926077,0.17670426761964536,0.7067150898792026,0.46217836786275224,591
8.27378507871321,0.17670426761964536,0.7067150898792026,0.46217836786275224,589
8.276522929500342,0.17670426761964536,0.7069136940401927,0.46217836786275224,587
8.284736481861739,0.17710147594162542,0.7071122982011827,0.4640139365731183,586
8.290212183436003,0.17730008010261544,0.7071122982011827,0.4649332951724783,583
8.292950034223136,0.17730008010261544,0.7071122982011827,0.4649332951724783,582
8.301163586584531,0.17730008010261544,0.7071122982011827,0.4649332951724783,581
8.303901437371664,0.17809723611431336,0.7073115872041071,0.46862341037818533,580
8.317590691307323,0.17809723611431336,0.7075108762070316,0.46862341037818533,575
8.320328542094456,0.17809723611431336,0.707710513009263,0.46862341037818533,573
8.328542094455852,0.17829687291654486,0.707710513009263,0.46955239042997177,572
8.331279945242985,0.17829687291654486,0.707710513009263,0.46955239042997177,571
8.334017796030116,0.17849685995878029,0.707710513009263,0.4704830002713227,570
8.33949349760438,0.17869790700300636,0.707710513009263,0.4714185426736702,566
8.347707049965777,0.17869790700300636,0.707710513009263,0.4714185426736702,565
8.355920602327172,0.17869790700300636,0.7079119165198795,0.4714185426736702,564
8.358658453114305,0.1788993105136229,0.7079119165198795,0.47235740849485375,563
8.361396303901437,0.17910071402423944,0.7079119165198795,0.47329627431603727,562
8.372347707049967,0.17910071402423944,0.708113320030496,0.47329627431603727,561
8.375085557837098,0.17930211753485598,0.7083147235411125,0.47423681668333006,560
8.380561259411362,0.17930211753485598,0.7083147235411125,0.47423681668333006,558
8.394250513347023,0.17930211753485598,0.7083147235411125,0.47423681668333006,556
8.402464065708418,0.17950534205370594,0.7083147235411125,0.47518756385026806,553
8.407939767282683,0.1797085665725559,0.7083147235411125,0.47613831101720594,552
8.421629021218344,0.1797085665725559,0.7085179480599624,0.47613831101720594,551
8.424366872005475,0.1797085665725559,0.7085179480599624,0.47613831101720594,550
8.432580424366872,0.1797085665725559,0.7085179480599624,0.47613831101720594,549
8.438056125941136,0.1797085665725559,0.7087219142741366,0.47613831101720594,548
8.4435318275154,0.1797085665725559,0.7089258804883107,0.47613831101720594,547
8.449007529089664,0.1797085665725559,0.7091298467024849,0.47613831101720594,546
8.454483230663929,0.17991253278673014,0.7091298467024849,0.4770995251254312,545
8.457221081451062,0.18011649900090437,0.7091298467024849,0.47806073923365655,544
8.459958932238193,0.1803204652150786,0.7091298467024849,0.4790219533418819,543
8.462696783025326,0.1803204652150786,0.7093338129166591,0.4790219533418819,542
8.465434633812457,0.1803204652150786,0.7095377791308333,0.4790219533418819,541
8.46817248459959,0.1803204652150786,0.7097417453450074,0.4790219533418819,540
8.470910335386721,0.1803204652150786,0.7097417453450074,0.4790219533418819,539
8.473648186173854,0.18052481054861003,0.7097417453450074,0.47999031402340253,538
8.476386036960985,0.18052481054861003,0.7097417453450074,0.47999031402340253,536
8.498288843258042,0.18072991978993036,0.7097417453450074,0.4809622947448541,535
8.506502395619439,0.18072991978993036,0.7097417453450074,0.4809622947448541,534
8.509240246406572,0.18072991978993036,0.7097417453450074,0.4809622947448541,533
8.511978097193703,0.1811416804473178,0.7097417453450074,0.4829135643134824,532
8.517453798767967,0.18134756077601152,0.7097417453450074,0.4838891990977966,530
8.522929500342231,0.18134756077601152,0.7097417453450074,0.4838891990977966,529
8.528405201916495,0.18134756077601152,0.7097417453450074,0.4838891990977966,525
8.53388090349076,0.18134756077601152,0.7097417453450074,0.4838891990977966,523
8.536618754277892,0.18134756077601152,0.7097417453450074,0.4838891990977966,521
8.542094455852157,0.18134756077601152,0.7097417453450074,0.4838891990977966,520
8.54757015742642,0.18157028203138775,0.7099644666003837,0.484944640408435,489
8.553045859000685,0.18157028203138775,0.71018718785576,0.484944640408435,487
8.566735112936344,0.18179300328676398,0.7104099091111362,0.4860044250989526,486
8.577686516084873,0.18179300328676398,0.7108553516218887,0.4860044250989526,484
8.580424366872005,0.18179300328676398,0.711078072877265,0.4860044250989526,482
8.58590006844627,0.18179300328676398,0.711078072877265,0.4860044250989526,481
8.588637919233403,0.18179300328676398,0.711078072877265,0.4860044250989526,477
8.591375770020534,0.1820199713457385,0.7113050409362395,0.48709339877459035,472
8.594113620807667,0.1820199713457385,0.711532008995214,0.48709339877459035,470
8.602327173169062,0.1820199713457385,0.711532008995214,0.48709339877459035,462
8.605065023956195,0.18225087811289478,0.711532008995214,0.4882059944388537,461
8.61054072553046,0.18225087811289478,0.711532008995214,0.4882059944388537,460
8.621492128678987,0.18248228794490326,0.711532008995214,0.4893210140588127,459
8.624229979466119,0.18271369777691174,0.711532008995214,0.49043603367877153,458
8.626967830253252,0.18271369777691174,0.7117639263049242,0.49043603367877153,456
8.629705681040383,0.18271369777691174,0.7119958436146345,0.49043603367877153,455
8.632443531827516,0.18271369777691174,0.7122277609243448,0.49043603367877153,454
8.646132785763175,0.18271369777691174,0.7124596782340551,0.49043603367877153,453
8.65160848733744,0.18271369777691174,0.7129235128534755,0.49043603367877153,452
8.668035592060233,0.18271369777691174,0.7129235128534755,0.49043603367877153,450
8.678986995208762,0.18295472038515564,0.7129235128534755,0.4916128557718922,433
8.684462696783026,0.18319574299339955,0.7129235128534755,0.4927896778650128,432
8.687200547570157,0.18319574299339955,0.7129235128534755,0.4927896778650128,431
8.68993839835729,0.18319574299339955,0.713165095979413,0.4927896778650128,430
8.692676249144421,0.18343732611933705,0.713165095979413,0.4939719863082179,429
8.695414099931554,0.18343732611933705,0.7134066791053505,0.4939719863082179,428
8.714579055441478,0.18343732611933705,0.7134066791053505,0.4939719863082179,427
8.722792607802875,0.18343732611933705,0.7136488293278277,0.4939719863082179,426
8.736481861738536,0.18368062126012388,0.7138921244686145,0.4951682700285295,423
8.739219712525667,0.18392449567505545,0.7141359988835461,0.4963702503379853,420
8.750171115674195,0.18392449567505545,0.7141359988835461,0.4963702503379853,418
8.752908966461328,0.18417072636452742,0.7141359988835461,0.49758674731784525,414
8.75564681724846,0.18417072636452742,0.7141359988835461,0.49758674731784525,411
8.758384668035593,0.18417072636452742,0.7141359988835461,0.49758674731784525,409
8.793976728268309,0.18417072636452742,0.7141359988835461,0.49758674731784525,406
8.796714579055442,0.18417072636452742,0.7141359988835461,0.49758674731784525,405
8.799452429842573,0.18417072636452742,0.7141359988835461,0.49758674731784525,403
8.804928131416839,0.18442369470968145,0.7141359988835461,0.4988365315284974,402
8.810403832991103,0.18442369470968145,0.7141359988835461,0.4988365315284974,401
8.813141683778234,0.18442369470968145,0.7141359988835461,0.4988365315284974,400
8.821355236139631,0.18493216742349983,0.7141359988835461,0.5013486291148207,399
8.829568788501026,0.18493216742349983,0.7141359988835461,0.5013486291148207,396
8.83504449007529,0.18518769105310223,0.7143915225131484,0.5026110376487072,395
8.840520191649555,0.18518769105310223,0.7143915225131484,0.5026110376487072,393
8.854209445585216,0.18544452170894302,0.7143915225131484,0.503883132181575,391
8.85968514715948,0.1857013523647838,0.7143915225131484,0.5051552267144428,390
8.865160848733744,0.1857013523647838,0.7146483531689892,0.5051552267144428,389
8.873374401095141,0.18595818302062458,0.7146483531689892,0.5064305998414673,388
8.8870636550308,0.18595818302062458,0.71490518382483,0.5064305998414673,387
8.892539356605065,0.18621501367646537,0.7151620144806708,0.5077092770439506,386
8.895277207392198,0.18621501367646537,0.7151620144806708,0.5077092770439506,384
8.906228610540726,0.18673001614039675,0.7151620144806708,0.5102799857800135,383
8.908966461327857,0.18673001614039675,0.7151620144806708,0.5102799857800135,381
8.919917864476385,0.18673001614039675,0.7151620144806708,0.5102799857800135,380
8.92539356605065,0.18724773629543068,0.7151620144806708,0.5128642602613855,379
8.930869267624914,0.18724773629543068,0.7154208745581878,0.5128642602613855,377
8.936344969199178,0.18724773629543068,0.7156811189141942,0.5128642602613855,374
8.93908281998631,0.18724773629543068,0.7159413632702005,0.5128642602613855,373
8.941820670773442,0.18750798065143703,0.7162016076262069,0.5141737649381022,372
8.960985626283367,0.18750798065143703,0.7164618519822132,0.5141737649381022,370
8.9637234770705,0.18750798065143703,0.7167220963382196,0.5141737649381022,369
8.971937029431896,0.1877682250074434,0.7167220963382196,0.5154939449246834,368
8.985626283367557,0.18802846936344975,0.7167220963382196,0.5168141249112647,367
9.00479123887748,0.18802846936344975,0.7167220963382196,0.5168141249112647,366
9.010266940451745,0.18828942671769175,0.7167220963382196,0.5181379218293161,365
9.015742642026009,0.18855038407193375,0.7167220963382196,0.5194617187473674,364
9.026694045174539,0.18855038407193375,0.7167220963382196,0.5194617187473674,363
9.034907597535934,0.18881206230284492,0.7167220963382196,0.5207891725629824,362
9.08145106091718,0.18907374053375609,0.7167220963382196,0.5221166263785975,361
9.084188911704311,0.18907374053375609,0.7167220963382196,0.5221166263785975,360
9.086926762491444,0.18907374053375609,0.7167220963382196,0.5221166263785975,356
9.095140314852841,0.18961827326860015,0.7167220963382196,0.5248789580180275,346
9.10609171800137,0.18989053963602218,0.7167220963382196,0.5262601238377425,344
9.1088295687885,0.18989053963602218,0.7167220963382196,0.5262601238377425,342
9.127994524298426,0.18989053963602218,0.7167220963382196,0.5262601238377425,341
9.14715947980835,0.19016601858595067,0.7169975752881481,0.5276575865992832,339
9.155373032169747,0.19016601858595067,0.7169975752881481,0.5276575865992832,335
9.163586584531142,0.19016601858595067,0.7169975752881481,0.5276575865992832,333
9.166324435318275,0.1904473410287564,0.7169975752881481,0.529088927245952,330
9.17180013689254,0.1904473410287564,0.7169975752881481,0.529088927245952,323
9.177275838466803,0.1904473410287564,0.7169975752881481,0.529088927245952,322
9.180013689253936,0.1904473410287564,0.7169975752881481,0.529088927245952,321
9.182751540041068,0.19073657566526606,0.7169975752881481,0.5305605243483085,320
9.193702943189596,0.19073657566526606,0.7172877194675399,0.5305605243483085,318
9.196440793976729,0.19073657566526606,0.7172877194675399,0.5305605243483085,317
9.19917864476386,0.19073657566526606,0.7175806357250787,0.5305605243483085,314
9.221081451060916,0.19073657566526606,0.7175806357250787,0.5305605243483085,312
9.22655715263518,0.19073657566526606,0.7175806357250787,0.5305605243483085,311
9.234770704996578,0.19103232659626493,0.7175806357250787,0.5320748452375075,310
9.240246406570842,0.1913280775272638,0.7175806357250787,0.5335891661267065,309
9.242984257357975,0.1913280775272638,0.7175806357250787,0.5335891661267065,308
9.248459958932239,0.1916257614708836,0.7175806357250787,0.5351133845380571,306
9.264887063655031,0.19192442463800213,0.7175806357250787,0.5366426168257608,304
9.273100616016427,0.19192442463800213,0.7175806357250787,0.5366426168257608,303
9.27857631759069,0.19222407675600517,0.7175806357250787,0.5381769127965365,302
9.281314168377824,0.19222407675600517,0.7181799399610848,0.5381769127965365,301
9.297741273100616,0.19222407675600517,0.7181799399610848,0.5381769127965365,299
9.305954825462011,0.19222407675600517,0.7181799399610848,0.5381769127965365,298
9.322381930184806,0.19252574673338868,0.7181799399610848,0.5397318726861104,297
9.333333333333334,0.19252574673338868,0.7181799399610848,0.5397318726861104,296
9.344284736481862,0.19282843932086502,0.7181799399610848,0.5412921036261574,295
9.352498288843258,0.19282843932086502,0.7184826325485612,0.5412921036261574,294
9.35523613963039,0.19313113190834136,0.7184826325485612,0.5428576595864778,293
9.374401095140314,0.1934338244958177,0.7184826325485612,0.5444232155467981,292
9.377138945927447,0.19373651708329404,0.7184826325485612,0.5459887715071183,291
9.388090349075975,0.19373651708329404,0.7184826325485612,0.5459887715071183,290
9.39356605065024,0.1940402570499658,0.7184826325485612,0.5475597446160902,289
9.434633812457221,0.1940402570499658,0.7184826325485612,0.5475597446160902,288
9.456536618754278,0.1940402570499658,0.718787430842643,0.5475597446160902,287
9.47296372347707,0.1940402570499658,0.718787430842643,0.5475597446160902,286
9.51129363449692,0.1943461248117461,0.718787430842643,0.5491472542841039,285
9.52498288843258,0.1943461248117461,0.718787430842643,0.5491472542841039,284
9.535934291581109,0.19465307337833834,0.718787430842643,0.5507403735269163,283
9.541409993155373,0.19465307337833834,0.718787430842643,0.5507403735269163,282
9.552361396303901,0.19496111428858395,0.7190954717528886,0.5523391622332262,281
9.568788501026694,0.19526915519882956,0.7194035126631342,0.5539436813650067,279
9.582477754962355,0.19557719610907517,0.7194035126631342,0.5555539929846277,277
9.59069130732375,0.19588523701932078,0.7194035126631342,0.5571643046042487,276
9.598904859685147,0.19588523701932078,0.7194035126631342,0.5571643046042487,275
9.60164271047228,0.1961944021664651,0.7194035126631342,0.5587804932735763,274
9.604380561259411,0.1961944021664651,0.7194035126631342,0.5587804932735763,273
9.620807665982204,0.1965047039501798,0.7194035126631342,0.5604026238130115,272
9.623545516769337,0.1965047039501798,0.7197138144468489,0.5604026238130115,271
9.634496919917865,0.1968150057338945,0.7197138144468489,0.5620307622433338,270
9.639972621492129,0.19712530751760918,0.7197138144468489,0.5636589006736559,269
9.645448323066393,0.19743560930132387,0.7197138144468489,0.5652870391039782,268
9.653661875427789,0.19743560930132387,0.7197138144468489,0.5652870391039782,259
9.656399726214921,0.1977579850844049,0.7197138144468489,0.566978529224196,257
9.664613278576317,0.1977579850844049,0.7197138144468489,0.566978529224196,256
9.670088980150581,0.1977579850844049,0.7197138144468489,0.566978529224196,244
9.672826830937714,0.1977579850844049,0.7200534366710001,0.566978529224196,243
9.681040383299111,0.1977579850844049,0.7200534366710001,0.566978529224196,240
9.69199178644764,0.1977579850844049,0.7203973219356218,0.566978529224196,239
9.713894592744696,0.1977579850844049,0.7203973219356218,0.566978529224196,238
9.749486652977414,0.1977579850844049,0.7203973219356218,0.566978529224196,237
9.752224503764545,0.1977579850844049,0.7203973219356218,0.566978529224196,236
9.754962354551678,0.1977579850844049,0.7203973219356218,0.566978529224196,235
9.768651608487337,0.19810924986114295,0.7203973219356218,0.5688369904721609,233
9.77138945927447,0.198460514637881,0.7203973219356218,0.5706954517201257,232
9.776865160848734,0.198460514637881,0.7207485867123599,0.5706954517201257,231
9.790554414784394,0.198460514637881,0.7210998514890979,0.5706954517201257,230
9.79876796714579,0.198460514637881,0.7210998514890979,0.5706954517201257,228
9.801505817932922,0.19881487425846697,0.7210998514890979,0.5725866611839137,227
9.804243668720055,0.19881487425846697,0.7214542111096839,0.5725866611839137,226
9.809719370294319,0.19881487425846697,0.7214542111096839,0.5725866611839137,225
9.815195071868583,0.19881487425846697,0.7214542111096839,0.5725866611839137,224
9.826146475017111,0.19917241199224206,0.7214542111096839,0.5745033129274836,223
9.845311430527037,0.19917241199224206,0.7214542111096839,0.5745033129274836,222
9.900068446269678,0.19917241199224206,0.7218149991864933,0.5745033129274836,220
9.919233401779604,0.19953320006905148,0.7221757872633027,0.5764462201743901,219
9.924709103353868,0.19953320006905148,0.7225365753401121,0.5764462201743901,217
9.943874058863791,0.1998939881458609,0.7225365753401121,0.5784071173032124,216
9.979466119096509,0.20025477622267032,0.7225365753401121,0.5803680144320346,215
9.99315537303217,0.20025477622267032,0.7228973634169215,0.5803680144320346,214
10.00684462696783,0.20061556429947974,0.7228973634169215,0.5823381176506635,213
10.023271731690622,0.20097635237628916,0.7228973634169215,0.5843082208692925,212
10.050650239561945,0.20097635237628916,0.7232581514937308,0.5843082208692925,211
10.099931553730322,0.20097635237628916,0.7239797276473496,0.5843082208692925,210
10.102669404517453,0.20097635237628916,0.7239797276473496,0.5843082208692925,208
10.124572210814511,0.20097635237628916,0.7243422586617282,0.5843082208692925,207
10.130047912388775,0.2013442409918654,0.7243422586617282,0.5863559636236308,203
10.132785763175907,0.2013442409918654,0.7243422586617282,0.5863559636236308,202
10.171115674195756,0.2013442409918654,0.7243422586617282,0.5863559636236308,201
10.17659137577002,0.2013442409918654,0.7247138261634603,0.5863559636236308,200
10.182067077344286,0.2013442409918654,0.7247138261634603,0.5863559636236308,199
10.193018480492814,0.2013442409918654,0.7247138261634603,0.5863559636236308,198
10.198494182067078,0.20171958075249824,0.7247138261634603,0.5884556795443232,197
10.220396988364135,0.20171958075249824,0.7250891659240931,0.5884556795443232,196
10.231348391512663,0.20171958075249824,0.7254664404257601,0.5884556795443232,194
10.234086242299794,0.20171958075249824,0.7254664404257601,0.5884556795443232,193
10.250513347022586,0.20171958075249824,0.7254664404257601,0.5884556795443232,192
10.286105407255304,0.20210281221998108,0.7254664404257601,0.5906217022835636,190
10.297056810403832,0.20210281221998108,0.7254664404257601,0.5906217022835636,189
10.335386721423683,0.20210281221998108,0.7254664404257601,0.5906217022835636,187
10.360027378507871,0.20210281221998108,0.7258558530459444,0.5906217022835636,186
10.365503080082135,0.20249222484016524,0.7258558530459444,0.5928345579468957,185
10.376454483230663,0.2028816374603494,0.7258558530459444,0.5950474136102277,184
10.390143737166325,0.2028816374603494,0.7262452656661286,0.5950474136102277,183
10.417522245037645,0.20327105008053356,0.7262452656661286,0.5972724278211605,182
10.431211498973306,0.20327105008053356,0.7266346782863128,0.5972724278211605,181
10.43668720054757,0.20366046270071772,0.7266346782863128,0.5995098032221542,180
10.453114305270363,0.20366046270071772,0.7266346782863128,0.5995098032221542,179
10.47501711156742,0.20366046270071772,0.7270262786178463,0.5995098032221542,178
10.496919917864476,0.20366046270071772,0.7274178789493798,0.5995098032221542,177
10.57905544147844,0.20366046270071772,0.7278094792809133,0.5995098032221542,176
10.600958247775496,0.20366046270071772,0.7282010796124468,0.5995098032221542,175
10.622861054072553,0.20366046270071772,0.7282010796124468,0.5995098032221542,174
10.642026009582478,0.20366046270071772,0.7285972334362075,0.5995098032221542,172
10.661190965092402,0.20366046270071772,0.7285972334362075,0.5995098032221542,170
10.67214236824093,0.20366046270071772,0.7285972334362075,0.5995098032221542,169
10.674880219028063,0.20366046270071772,0.7290371185262274,0.5995098032221542,154
10.694045174537989,0.20366046270071772,0.7290371185262274,0.5995098032221542,153
10.718685831622176,0.20366046270071772,0.7290371185262274,0.5995098032221542,152
10.72416153319644,0.20366046270071772,0.7294828299088304,0.5995098032221542,151
10.735112936344969,0.20366046270071772,0.7299285412914334,0.5995098032221542,150
10.737850787132102,0.20366046270071772,0.7299285412914334,0.5995098032221542,149
10.757015742642025,0.20366046270071772,0.7299285412914334,0.5995098032221542,147
10.767967145790555,0.20366046270071772,0.7299285412914334,0.5995098032221542,145
10.798083504449007,0.2041216501729944,0.7299285412914334,0.6022909851442225,144
10.811772758384668,0.2041216501729944,0.7303897287637101,0.6022909851442225,143
10.872005475701574,0.2041216501729944,0.7303897287637101,0.6022909851442225,142
10.910335386721425,0.20458610847840783,0.7303897287637101,0.6051116164552564,141
10.921286789869953,0.20505056678382125,0.7303897287637101,0.6079322477662903,140
10.959616700889802,0.20505056678382125,0.7308541870691235,0.6079322477662903,139
10.962354551676933,0.20505056678382125,0.7308541870691235,0.6079322477662903,138
11.003422313483915,0.20505056678382125,0.7308541870691235,0.6079322477662903,137
11.017111567419576,0.20552185535843193,0.7308541870691235,0.6108150988856558,136
11.080082135523615,0.2059931439330426,0.7313254756437342,0.6136979500050213,135
11.134839151266256,0.2059931439330426,0.7317967642183448,0.6136979500050213,133
11.211498973305956,0.2059931439330426,0.7322680527929555,0.6136979500050213,132
11.24435318275154,0.2059931439330426,0.7332106299421768,0.6136979500050213,131
11.247091033538672,0.20646443250765328,0.7332106299421768,0.6166925395398661,129
11.249828884325805,0.20646443250765328,0.7336819185167874,0.6166925395398661,128
11.315537303216974,0.20646443250765328,0.7341532070913981,0.6166925395398661,127
11.351129363449692,0.20646443250765328,0.7341532070913981,0.6166925395398661,126
11.367556468172484,0.20646443250765328,0.7341532070913981,0.6166925395398661,125
11.392197125256674,0.2069433225108867,0.7341532070913981,0.6197837287371253,124
11.441478439425051,0.20742221251412013,0.7341532070913981,0.6228749179343844,123
11.463381245722108,0.20790110251735355,0.7341532070913981,0.6259661071316436,122
11.477070499657769,0.20790110251735355,0.7346320970946315,0.6259661071316436,121
11.482546201232033,0.20790110251735355,0.7351109870978649,0.6259661071316436,120
11.485284052019164,0.20790110251735355,0.7355898771010984,0.6259661071316436,119
11.526351813826146,0.20790110251735355,0.7360687671043318,0.6259661071316436,118
11.534565366187543,0.20790110251735355,0.7360687671043318,0.6259661071316436,117
11.597535934291582,0.20838412088268382,0.7360687671043318,0.6291905372425777,116
11.619438740588638,0.20838412088268382,0.7360687671043318,0.6291905372425777,115
11.624914442162902,0.20887137625121874,0.7360687671043318,0.6324432518281691,114
11.633127994524298,0.20887137625121874,0.7365560224728667,0.6324432518281691,113
11.652292950034223,0.20887137625121874,0.7370432778414016,0.6324432518281691,112
11.671457905544148,0.20887137625121874,0.7370432778414016,0.6324432518281691,111
11.704312114989733,0.20887137625121874,0.7375735263306895,0.6324432518281691,102
11.709787816563997,0.20940162474050675,0.7375735263306895,0.6360824275526427,101
11.794661190965092,0.20940162474050675,0.7375735263306895,0.6360824275526427,100
11.797399041752225,0.20993722927514108,0.7375735263306895,0.6397583626278684,99
11.838466803559205,0.20993722927514108,0.7381091308653238,0.6397583626278684,98
11.887748117727584,0.20993722927514108,0.7381091308653238,0.6397583626278684,97
11.890485968514716,0.20993722927514108,0.7381091308653238,0.6397583626278684,96
11.978097193702943,0.2104841096947151,0.7381091308653238,0.6435503798633646,95
12.008213552361397,0.2104841096947151,0.7386560112848978,0.6435503798633646,94
12.016427104722792,0.2104841096947151,0.7392028917044717,0.6435503798633646,93
12.019164955509925,0.2104841096947151,0.7397497721240457,0.6435503798633646,92
12.09034907597536,0.2110309901142891,0.7397497721240457,0.647467408656075,91
12.093086926762492,0.2110309901142891,0.7397497721240457,0.647467408656075,90
12.128678986995208,0.21158401525767856,0.7397497721240457,0.6514284490082538,89
12.19712525667351,0.212137040401068,0.7397497721240457,0.6553894893604328,88
12.251882272416154,0.212137040401068,0.7397497721240457,0.6553894893604328,87
12.265571526351813,0.212137040401068,0.7403225481654133,0.6553894893604328,84
12.402464065708418,0.21270981644243567,0.7403225481654133,0.6595414232235601,83
12.553045859000685,0.21270981644243567,0.7403225481654133,0.6595414232235601,82
12.670773442847365,0.21270981644243567,0.7403225481654133,0.6595414232235601,81
12.706365503080082,0.21270981644243567,0.7403225481654133,0.6595414232235601,78
12.752908966461328,0.21331978573324276,0.7403225481654133,0.6639629631816957,77
12.758384668035593,0.21392975502404984,0.7403225481654133,0.6683845031398313,76
12.761122518822724,0.21392975502404984,0.7409325174562205,0.6683845031398313,75
12.766598220396988,0.21392975502404984,0.7415424867470276,0.6683845031398313,74
12.818617385352498,0.21392975502404984,0.7421524560378348,0.6683845031398313,73
12.821355236139631,0.21392975502404984,0.7427624253286419,0.6683845031398313,72
12.826830937713895,0.21453972431485693,0.7427624253286419,0.6730551439406788,71
12.83504449007529,0.21453972431485693,0.7427624253286419,0.6730551439406788,70
12.85968514715948,0.21453972431485693,0.7440000441795549,0.6730551439406788,69
12.8870636550308,0.2151585337403134,0.7440000441795549,0.6779349179117135,67
12.906228610540726,0.21577734316576988,0.7440000441795549,0.682814691882748,66
12.9637234770705,0.21639615259122635,0.7440000441795549,0.6876944658537827,65
13.169062286105408,0.21639615259122635,0.7440000441795549,0.6876944658537827,64
13.1854893908282,0.21639615259122635,0.744628675976844,0.6876944658537827,63
13.4072553045859,0.21639615259122635,0.7452573077741331,0.6876944658537827,62
13.494866529774127,0.21639615259122635,0.7458859395714222,0.6876944658537827,61
13.593429158110883,0.21639615259122635,0.7465145713687114,0.6876944658537827,60
13.6290212183436,0.21639615259122635,0.7465145713687114,0.6876944658537827,59
13.650924024640657,0.21703562286777908,0.7465145713687114,0.6930790440287176,58
13.74674880219028,0.21703562286777908,0.7465145713687114,0.6930790440287176,57
13.927446954140999,0.21703562286777908,0.7471654607573454,0.6930790440287176,56
13.938398357289527,0.2176865122564131,0.7471654607573454,0.6986594250463771,55
14.124572210814511,0.21833740164504714,0.7471654607573454,0.7042398060640369,54
14.239561943874058,0.21898829103368117,0.7471654607573454,0.7098201870816965,53
14.261464750171116,0.21898829103368117,0.7471654607573454,0.7098201870816965,52
14.469541409993155,0.21898829103368117,0.7478291126830114,0.7098201870816965,51
14.52703627652293,0.21965194295934723,0.7478291126830114,0.7156237833400626,50
14.677618069815194,0.21965194295934723,0.7484927646086775,0.7156237833400626,49
14.715947980835045,0.2203155948850133,0.7484927646086775,0.7215482878538113,48
14.754277891854894,0.2203155948850133,0.7484927646086775,0.7215482878538113,47
15.025325119780971,0.2203155948850133,0.7492725556213352,0.7215482878538113,40
15.06091718001369,0.22109538589767092,0.7492725556213352,0.7286880753447392,39
15.154004106776181,0.22187517691032854,0.7492725556213352,0.7358278628356671,38
15.195071868583161,0.22265496792298617,0.7492725556213352,0.7429676503265951,37
15.255304585900069,0.22265496792298617,0.7492725556213352,0.7429676503265951,36
15.419575633127995,0.22265496792298617,0.7492725556213352,0.7429676503265951,35
15.446954140999315,0.22265496792298617,0.7500982166935609,0.7429676503265951,34
15.548254620123203,0.22265496792298617,0.7500982166935609,0.7429676503265951,33
15.633127994524298,0.22265496792298617,0.7500982166935609,0.7429676503265951,32
15.822039698836413,0.22353389745148453,0.7500982166935609,0.751259016445092,31
16.035592060232716,0.22353389745148453,0.7500982166935609,0.751259016445092,30
16.073921971252567,0.22444313489475867,0.7500982166935609,0.7598362917400888,29
16.418891170431213,0.22444313489475867,0.7500982166935609,0.7598362917400888,28
16.50924024640657,0.22444313489475867,0.7500982166935609,0.7598362917400888,26
17.590691307323752,0.22444313489475867,0.7500982166935609,0.7598362917400888,25
17.593429158110883,0.22444313489475867,0.7500982166935609,0.7598362917400888,24
17.95208761122519,0.22444313489475867,0.7500982166935609,0.7598362917400888,23
18.146475017111566,0.2256003461861985,0.7500982166935609,0.7707528239337211,22
18.16563997262149,0.2256003461861985,0.7500982166935609,0.7707528239337211,21
18.187542778918548,0.2256003461861985,0.7500982166935609,0.7707528239337211,20
18.60917180013689,0.2256003461861985,0.7500982166935609,0.7707528239337211,19
19.189596167008897,0.2256003461861985,0.7500982166935609,0.7707528239337211,18
19.359342915811087,0.2256003461861985,0.7500982166935609,0.7707528239337211,17
19.449691991786448,0.2256003461861985,0.7500982166935609,0.7707528239337211,16
19.704312114989733,0.2256003461861985,0.7500982166935609,0.7707528239337211,15
19.73990417522245,0.2256003461861985,0.7500982166935609,0.7707528239337211,14
19.835728952772072,0.2256003461861985,0.7500982166935609,0.7707528239337211,13
20.298425735797398,0.2256003461861985,0.7500982166935609,0.7707528239337211,12
20.528405201916495,0.2256003461861985,0.7500982166935609,0.7707528239337211,11
20.75564681724846,0.2256003461861985,0.7500982166935609,0.7707528239337211,10
20.966461327857633,0.2256003461861985,0.7500982166935609,0.7707528239337211,9
21.530458590006845,0.2256003461861985,0.7531358963335905,0.7707528239337211,8
21.60438056125941,0.2256003461861985,0.7531358963335905,0.7707528239337211,7
22.119096509240247,0.2256003461861985,0.7531358963335905,0.7707528239337211,6
23.82751540041068,0.2256003461861985,0.7531358963335905,0.7707528239337211,5
24.079397672826833,0.2256003461861985,0.7531358963335905,0.7707528239337211,4
24.13141683778234,0.2256003461861985,0.7531358963335905,0.7707528239337211,3
24.824093086926762,0.2256003461861985,0.7531358963335905,0.7707528239337211,2
24.854209445585216,0.2256003461861985,0.7531358963335905,0.7707528239337211,1
