region,years,cif_built,cif_withdrawn
CAISO,0.057494866529774126,0.0,0.0003979307600477517
CAISO,0.06570841889117043,0.0,0.0007958615200955034
CAISO,0.06844626967830253,0.0,0.001193792280143255
CAISO,0.07665982203969883,0.0,0.003183446080382013
CAISO,0.08487337440109514,0.0,0.003979307600477516
CAISO,0.08761122518822724,0.0,0.004377238360525268
CAISO,0.09582477754962354,0.0,0.0047751691205730196
CAISO,0.10951403148528405,0.0,0.005571030640668523
CAISO,0.11225188227241616,0.0,0.006764822920811778
CAISO,0.11772758384668036,0.0,0.007162753680859529
CAISO,0.12046543463381246,0.0,0.011142061281337046
CAISO,0.13141683778234087,0.0,0.011539992041384797
CAISO,0.13415468856947296,0.0,0.0123358535614803
CAISO,0.13689253935660506,0.0,0.012733784321528052
CAISO,0.13963039014373715,0.0,0.013529645841623555
CAISO,0.14236824093086928,0.0,0.013927576601671307
CAISO,0.14510609171800137,0.0,0.015519299641862314
CAISO,0.14784394250513347,0.0,0.015917230401910065
CAISO,0.15331964407939766,0.0,0.01711102268205332
CAISO,0.15605749486652978,0.0,0.019100676482292078
CAISO,0.15879534565366188,0.0,0.021090330282530836
CAISO,0.16153319644079397,0.0,0.02188619180262634
CAISO,0.16427104722792607,0.0,0.023079984082769595
CAISO,0.1697467488021903,0.0,0.025467568643056104
CAISO,0.17248459958932238,0.0,0.030242737763629124
CAISO,0.17522245037645448,0.0,0.03143653004377238
CAISO,0.17796030116358658,0.0,0.03422204536410664
CAISO,0.1806981519507187,0.0,0.03461997612415439
CAISO,0.1834360027378508,0.0,0.03581376840429765
CAISO,0.1861738535249829,0.0,0.0362116991643454
CAISO,0.188911704312115,0.0,0.038201352964584157
CAISO,0.19164955509924708,0.0003979307600477516,0.03939514524472741
CAISO,0.1943874058863792,0.0003979307600477516,0.04098686828491842
CAISO,0.1998631074606434,0.0003979307600477516,0.04138479904496617
CAISO,0.2026009582477755,0.0003979307600477516,0.047353760445682444
CAISO,0.2053388090349076,0.0003979307600477516,0.04894548348587345
CAISO,0.2080766598220397,0.0003979307600477516,0.050139275766016705
CAISO,0.2108145106091718,0.0003979307600477516,0.05292479108635097
CAISO,0.2135523613963039,0.0003979307600477516,0.05690409868682848
CAISO,0.216290212183436,0.0003979307600477516,0.06048547552725825
CAISO,0.22176591375770022,0.0003979307600477516,0.06406685236768801
CAISO,0.2245037645448323,0.0003979307600477516,0.06685236768802227
CAISO,0.2272416153319644,0.0003979307600477516,0.06923995224830878
CAISO,0.2299794661190965,0.0003979307600477516,0.0724233983286908
CAISO,0.2327173169062286,0.0003979307600477516,0.07560684440907281
CAISO,0.23545516769336072,0.0003979307600477516,0.07998408276959808
CAISO,0.24093086926762491,0.0003979307600477516,0.08197373656983684
CAISO,0.24914442162902123,0.0003979307600477516,0.0863509749303621
CAISO,0.2518822724161533,0.0003979307600477516,0.08674890569040986
CAISO,0.2546201232032854,0.0003979307600477516,0.08794269797055311
CAISO,0.25735797399041754,0.0003979307600477516,0.08953442101074412
CAISO,0.2600958247775496,0.0003979307600477516,0.09112614405093512
CAISO,0.26283367556468173,0.0003979307600477516,0.09152407481098288
CAISO,0.2655715263518138,0.0003979307600477516,0.09231993633107838
CAISO,0.27104722792607805,0.0003979307600477516,0.09311579785117388
CAISO,0.2737850787132101,0.0003979307600477516,0.09470752089136489
CAISO,0.27652292950034224,0.0003979307600477516,0.09510545165141264
CAISO,0.2792607802874743,0.0003979307600477516,0.09550338241146039
CAISO,0.28199863107460643,0.0003979307600477516,0.0970951054516514
CAISO,0.2874743326488706,0.0003979307600477516,0.09749303621169915
CAISO,0.29021218343600275,0.0003979307600477516,0.0978909669717469
CAISO,0.2929500342231348,0.0003979307600477516,0.0986868284918424
CAISO,0.29568788501026694,0.0003979307600477516,0.09908475925189016
CAISO,0.30390143737166325,0.0003979307600477516,0.09948269001193791
CAISO,0.3066392881587953,0.0003979307600477516,0.10027855153203341
CAISO,0.31211498973305957,0.0003979307600477516,0.10147234381217667
CAISO,0.31485284052019163,0.0003979307600477516,0.10226820533227217
CAISO,0.31759069130732376,0.0003979307600477516,0.10346199761241542
CAISO,0.3203285420944558,0.0003979307600477516,0.10425785913251093
CAISO,0.32306639288158795,0.0003979307600477516,0.10584958217270193
CAISO,0.3258042436687201,0.0003979307600477516,0.10783923597294069
CAISO,0.32854209445585214,0.0003979307600477516,0.1086350974930362
CAISO,0.33127994524298426,0.0003979307600477516,0.10903302825308395
CAISO,0.33401779603011633,0.0003979307600477516,0.1094309590131317
CAISO,0.33675564681724846,0.0003979307600477516,0.1102268205332272
CAISO,0.3394934976043806,0.0003979307600477516,0.1110226820533227
CAISO,0.34496919917864477,0.0003979307600477516,0.11380819737365697
CAISO,0.34770704996577684,0.0003979307600477516,0.11460405889375247
CAISO,0.35044490075290896,0.0003979307600477516,0.11500198965380022
CAISO,0.3613963039014374,0.0003979307600477516,0.11539992041384797
CAISO,0.36413415468856947,0.0003979307600477516,0.11579785117389572
CAISO,0.36960985626283366,0.0003979307600477516,0.11659371269399123
CAISO,0.3805612594113621,0.0003979307600477516,0.11778750497413448
CAISO,0.38329911019849416,0.0003979307600477516,0.11818543573418223
CAISO,0.3860369609856263,0.0007958615200955033,0.11858336649422999
CAISO,0.39698836413415467,0.0007958615200955033,0.11898129725427774
CAISO,0.3997262149212868,0.0007958615200955033,0.11937922801432549
CAISO,0.4024640657084189,0.0007958615200955033,0.12057302029446874
CAISO,0.405201916495551,0.0007958615200955033,0.1209709510545165
CAISO,0.4134154688569473,0.0007958615200955033,0.12136888181456425
CAISO,0.4161533196440794,0.0007958615200955033,0.12216474333465975
CAISO,0.4188911704312115,0.0007958615200955033,0.12296060485475525
CAISO,0.4243668720054757,0.0007958615200955033,0.12375646637485076
CAISO,0.4353182751540041,0.0007958615200955033,0.12455232789494626
CAISO,0.4380561259411362,0.0007958615200955033,0.12495025865499401
CAISO,0.4407939767282683,0.0007958615200955033,0.12574612017508952
CAISO,0.4544832306639288,0.0007958615200955033,0.12693991245523278
CAISO,0.45722108145106094,0.0007958615200955033,0.12733784321528055
CAISO,0.459958932238193,0.0007958615200955033,0.12773577397532832
CAISO,0.4654346338124572,0.0007958615200955033,0.12813370473537608
CAISO,0.4681724845995893,0.0007958615200955033,0.12853163549542385
CAISO,0.4791238877481177,0.0007958615200955033,0.13052128929566262
CAISO,0.48186173853524983,0.0007958615200955033,0.13290887385594913
CAISO,0.48459958932238195,0.0007958615200955033,0.13450059689614013
CAISO,0.49007529089664614,0.0007958615200955033,0.1372861122164744
CAISO,0.4928131416837782,0.0007958615200955033,0.1456426581774772
CAISO,0.49555099247091033,0.0007958615200955033,0.1464385196975727
CAISO,0.49828884325804246,0.0007958615200955033,0.14842817349781148
CAISO,0.5010266940451745,0.0007958615200955033,0.14882610425785925
CAISO,0.5119780971937029,0.0007958615200955033,0.14962196577795475
CAISO,0.5147159479808351,0.0007958615200955033,0.15001989653800252
CAISO,0.5174537987679672,0.0007958615200955033,0.15041782729805028
CAISO,0.5366187542778919,0.0007958615200955033,0.15081575805809805
CAISO,0.5448323066392882,0.0007958615200955033,0.1512136888181458
CAISO,0.5503080082135524,0.0007958615200955033,0.15161161957819358
CAISO,0.5557837097878165,0.0007958615200955033,0.15240748109828908
CAISO,0.5585215605749486,0.0007958615200955033,0.15280541185833685
CAISO,0.5612594113620808,0.0007958615200955033,0.1532033426183846
CAISO,0.5639972621492129,0.0007958615200955033,0.15439713489852788
CAISO,0.5694729637234771,0.0007958615200955033,0.15519299641862339
CAISO,0.5722108145106092,0.0007958615200955033,0.15559092717867115
CAISO,0.5749486652977412,0.0007958615200955033,0.15718265021886216
CAISO,0.5859000684462696,0.0007958615200955033,0.15877437325905316
CAISO,0.5913757700205339,0.0007958615200955033,0.15917230401910093
CAISO,0.5995893223819302,0.0007958615200955033,0.1595702347791487
CAISO,0.6050650239561944,0.0007958615200955033,0.15996816553919646
CAISO,0.6078028747433265,0.0007958615200955033,0.16076402705929196
CAISO,0.621492128678987,0.0007958615200955033,0.16155988857938747
CAISO,0.6242299794661191,0.0007958615200955033,0.16195781933943523
CAISO,0.6297056810403833,0.0007958615200955033,0.162355750099483
CAISO,0.6324435318275154,0.0007958615200955033,0.16275368085953076
CAISO,0.6351813826146475,0.0007958615200955033,0.16315161161957853
CAISO,0.648870636550308,0.0007958615200955033,0.1635495423796263
CAISO,0.6516084873374401,0.0011937922801432549,0.16394747313967406
CAISO,0.6543463381245722,0.0011937922801432549,0.16434540389972183
CAISO,0.6570841889117043,0.0011937922801432549,0.1663350576999606
CAISO,0.6652977412731006,0.0011937922801432549,0.16673298846000836
CAISO,0.6680355920602327,0.0015917230401910065,0.16673298846000836
CAISO,0.6926762491444216,0.001989653800238758,0.16713091922005613
CAISO,0.6954140999315537,0.001989653800238758,0.1675288499801039
CAISO,0.7063655030800822,0.001989653800238758,0.16792678074015166
CAISO,0.7145790554414785,0.001989653800238758,0.16832471150019943
CAISO,0.7173169062286106,0.001989653800238758,0.1695185037803427
CAISO,0.7227926078028748,0.001989653800238758,0.16991643454039046
CAISO,0.7255304585900069,0.001989653800238758,0.17031436530043823
CAISO,0.7282683093771389,0.001989653800238758,0.172304019100677
CAISO,0.731006160164271,0.001989653800238758,0.17270194986072476
CAISO,0.7337440109514032,0.001989653800238758,0.17349781138082027
CAISO,0.7392197125256673,0.001989653800238758,0.17429367290091577
CAISO,0.7419575633127995,0.001989653800238758,0.17548746518105904
CAISO,0.7446954140999316,0.001989653800238758,0.17867091126144105
CAISO,0.7474332648870636,0.001989653800238758,0.18066056506167982
CAISO,0.7529089664613279,0.001989653800238758,0.1818543573418231
CAISO,0.758384668035592,0.001989653800238758,0.18225228810187086
CAISO,0.7638603696098563,0.001989653800238758,0.18384401114206186
CAISO,0.7693360711841205,0.001989653800238758,0.18503780342220513
CAISO,0.7748117727583846,0.001989653800238758,0.1854357341822529
CAISO,0.7802874743326489,0.001989653800238758,0.18583366494230066
CAISO,0.783025325119781,0.001989653800238758,0.18702745722244393
CAISO,0.785763175906913,0.001989653800238758,0.1874253879824917
CAISO,0.7885010266940452,0.001989653800238758,0.18941504178273047
CAISO,0.7912388774811773,0.001989653800238758,0.18981297254277824
CAISO,0.7967145790554415,0.001989653800238758,0.19060883406287374
CAISO,0.7994524298425736,0.001989653800238758,0.19379228014325575
CAISO,0.8021902806297057,0.0023875845602865098,0.19578193394349452
CAISO,0.8049281314168378,0.0023875845602865098,0.19737365698368553
CAISO,0.8076659822039699,0.0023875845602865098,0.19896538002387654
CAISO,0.810403832991102,0.0023875845602865098,0.1993633107839243
CAISO,0.813141683778234,0.0023875845602865098,0.19976124154397207
CAISO,0.8158795345653662,0.0023875845602865098,0.20015917230401983
CAISO,0.8186173853524983,0.0023875845602865098,0.2005571030640676
CAISO,0.8213552361396304,0.0023875845602865098,0.20175089534421087
CAISO,0.8240930869267625,0.0023875845602865098,0.20493434142459288
CAISO,0.8268309377138946,0.0023875845602865098,0.2073219259848794
CAISO,0.8295687885010267,0.0023875845602865098,0.2097095105451659
CAISO,0.8323066392881588,0.0023875845602865098,0.2113012335853569
CAISO,0.8350444900752909,0.0023875845602865098,0.21249502586550018
CAISO,0.840520191649555,0.0023875845602865098,0.21368881814564344
CAISO,0.8432580424366872,0.0023875845602865098,0.21647433346597772
CAISO,0.8459958932238193,0.0023875845602865098,0.21687226422602549
CAISO,0.8487337440109514,0.0023875845602865098,0.217668125746121
CAISO,0.8514715947980835,0.0023875845602865098,0.22124950258655077
CAISO,0.8542094455852156,0.0023875845602865098,0.22562674094707605
CAISO,0.8569472963723477,0.0023875845602865098,0.22682053322721932
CAISO,0.8596851471594799,0.0023875845602865098,0.22721846398726708
CAISO,0.8624229979466119,0.0023875845602865098,0.23239156386788784
CAISO,0.865160848733744,0.0023875845602865098,0.23557500994826985
CAISO,0.8678986995208761,0.0023875845602865098,0.23836052526860413
CAISO,0.8706365503080082,0.0023875845602865098,0.24074810982889064
CAISO,0.8733744010951403,0.0023875845602865098,0.24154397134898614
CAISO,0.8815879534565366,0.0023875845602865098,0.24353362514922489
CAISO,0.8843258042436687,0.0023875845602865098,0.2451253481894159
CAISO,0.8870636550308009,0.0023875845602865098,0.2510943095901322
CAISO,0.8898015058179329,0.0023875845602865098,0.2526860326303232
CAISO,0.892539356605065,0.0023875845602865098,0.25706327099084847
CAISO,0.8952772073921971,0.0023875845602865098,0.2574612017508962
CAISO,0.8980150581793293,0.0023875845602865098,0.2606446478312782
CAISO,0.9007529089664613,0.0023875845602865098,0.2662156784719467
CAISO,0.9034907597535934,0.0023875845602865098,0.26740947075209
CAISO,0.9062286105407256,0.0023875845602865098,0.27099084759251973
CAISO,0.9089664613278576,0.0023875845602865098,0.272184639872663
CAISO,0.9117043121149897,0.0023875845602865098,0.27337843215280627
CAISO,0.9144421629021219,0.0023875845602865098,0.2749701551929973
CAISO,0.917180013689254,0.0023875845602865098,0.27576601671309275
CAISO,0.919917864476386,0.0023875845602865098,0.27855153203342703
CAISO,0.9226557152635181,0.0023875845602865098,0.2797453243135703
CAISO,0.9253935660506503,0.0023875845602865098,0.2805411858336658
CAISO,0.9281314168377823,0.0023875845602865098,0.2809391165937135
CAISO,0.9336071184120466,0.0023875845602865098,0.2821329088738568
CAISO,0.9363449691991786,0.0023875845602865098,0.2837246319140478
CAISO,0.9390828199863107,0.0023875845602865098,0.2845204934341433
CAISO,0.9418206707734429,0.0023875845602865098,0.2857142857142866
CAISO,0.944558521560575,0.0023875845602865098,0.28690807799442986
CAISO,0.947296372347707,0.0023875845602865098,0.2881018702745731
CAISO,0.9500342231348392,0.0023875845602865098,0.29128531635495514
CAISO,0.9527720739219713,0.0023875845602865098,0.2920811778750506
CAISO,0.9555099247091033,0.0023875845602865098,0.2936729009152416
CAISO,0.9582477754962354,0.0027855153203342614,0.2964584162355759
CAISO,0.9609856262833676,0.0027855153203342614,0.29725427775567137
CAISO,0.9637234770704997,0.0027855153203342614,0.3004377238360534
CAISO,0.9664613278576317,0.0027855153203342614,0.3008356545961011
CAISO,0.9691991786447639,0.0027855153203342614,0.3036211699164354
CAISO,0.971937029431896,0.0027855153203342614,0.30600875447672193
CAISO,0.974674880219028,0.0027855153203342614,0.30640668523676967
CAISO,0.9774127310061602,0.0027855153203342614,0.30919220055710395
CAISO,0.9801505817932923,0.0027855153203342614,0.3111818543573427
CAISO,0.9828884325804244,0.0027855153203342614,0.3143653004377247
CAISO,0.9856262833675564,0.0027855153203342614,0.3159570234779157
CAISO,0.9883641341546886,0.0027855153203342614,0.3191404695582977
CAISO,0.9911019849418207,0.0027855153203342614,0.32232391563867974
CAISO,0.9938398357289527,0.0027855153203342614,0.325109430959014
CAISO,0.9965776865160849,0.0027855153203342614,0.33028253083963477
CAISO,0.999315537303217,0.0027855153203342614,0.3374452845204943
CAISO,1.002053388090349,0.0027855153203342614,0.33983286908078086
CAISO,1.0047912388774811,0.0027855153203342614,0.3422204536410674
CAISO,1.0075290896646132,0.0027855153203342614,0.3450059689614017
CAISO,1.0102669404517455,0.0027855153203342614,0.3458018304814972
CAISO,1.0130047912388775,0.0027855153203342614,0.34619976124154495
CAISO,1.0157426420260096,0.0027855153203342614,0.3485873458018315
CAISO,1.0212183436002737,0.0027855153203342614,0.3489852765618792
CAISO,1.0239561943874058,0.0027855153203342614,0.34978113808197475
CAISO,1.0266940451745379,0.0027855153203342614,0.350974930362118
CAISO,1.0294318959616702,0.0027855153203342614,0.35336251492240456
CAISO,1.0321697467488022,0.0027855153203342614,0.3537604456824523
CAISO,1.0349075975359343,0.0027855153203342614,0.35495423796259556
CAISO,1.0376454483230664,0.0027855153203342614,0.35933147632312085
CAISO,1.0403832991101984,0.0027855153203342614,0.36490250696378934
CAISO,1.0431211498973305,0.0027855153203342614,0.3653004377238371
CAISO,1.0485968514715949,0.0027855153203342614,0.3740549144448876
CAISO,1.051334702258727,0.0027855153203342614,0.37604456824512633
CAISO,1.056810403832991,0.0027855153203342614,0.3772383605252696
CAISO,1.0677618069815196,0.0027855153203342614,0.37843215280541287
CAISO,1.0732375085557837,0.0027855153203342614,0.38081973736569935
CAISO,1.0759753593429158,0.0027855153203342614,0.3812176681257471
CAISO,1.0787132101300478,0.0027855153203342614,0.38201352964584256
CAISO,1.08145106091718,0.0027855153203342614,0.38360525268603357
CAISO,1.0896646132785763,0.0027855153203342614,0.3840031834460813
CAISO,1.0924024640657084,0.0027855153203342614,0.38599283724632005
CAISO,1.0978781656399725,0.0027855153203342614,0.3863907680063678
CAISO,1.103353867214237,0.0027855153203342614,0.38718662952646327
CAISO,1.106091718001369,0.0027855153203342614,0.387584560286511
CAISO,1.108829568788501,0.0027855153203342614,0.3903700756068453
CAISO,1.111567419575633,0.0027855153203342614,0.390768006366893
CAISO,1.1170431211498972,0.0027855153203342614,0.3951452447274183
CAISO,1.1197809719370295,0.0027855153203342614,0.39713489852765704
CAISO,1.1225188227241616,0.0027855153203342614,0.3975328292877048
CAISO,1.1334702258726899,0.0027855153203342614,0.3979307600477525
CAISO,1.1553730321697468,0.0027855153203342614,0.398726621567848
CAISO,1.163586584531143,0.0027855153203342614,0.39912455232789573
CAISO,1.1663244353182751,0.0027855153203342614,0.400318344608039
CAISO,1.1690622861054072,0.0027855153203342614,0.40071627536808674
CAISO,1.1800136892539357,0.0027855153203342614,0.4011142061281345
CAISO,1.1991786447638604,0.003183446080382013,0.4011142061281345
CAISO,1.2073921971252566,0.003183446080382013,0.40230799840827774
CAISO,1.215605749486653,0.003183446080382013,0.4031038599283732
CAISO,1.2210814510609171,0.003183446080382013,0.40350179068842096
CAISO,1.2320328542094456,0.003183446080382013,0.4038997214484687
CAISO,1.2347707049965777,0.003183446080382013,0.40429765220851643
CAISO,1.2511978097193703,0.0035813768404297647,0.40469558296856417
CAISO,1.267624914442163,0.003979307600477516,0.40469558296856417
CAISO,1.2813141683778233,0.003979307600477516,0.40549144448865965
CAISO,1.2840520191649556,0.003979307600477516,0.4066852367688029
CAISO,1.2895277207392197,0.003979307600477516,0.40708316752885065
CAISO,1.2950034223134839,0.003979307600477516,0.4074810982888984
CAISO,1.3032169746748803,0.003979307600477516,0.40787902904894613
CAISO,1.3059548254620124,0.003979307600477516,0.4086748905690416
CAISO,1.3169062286105406,0.003979307600477516,0.40907282132908934
CAISO,1.322381930184805,0.003979307600477516,0.4094707520891371
CAISO,1.3278576317590691,0.003979307600477516,0.4098686828491848
CAISO,1.3305954825462012,0.003979307600477516,0.41026661360923256
CAISO,1.3634496919917864,0.003979307600477516,0.41106247512932803
CAISO,1.3661875427789185,0.003979307600477516,0.4122562674094713
CAISO,1.377138945927447,0.003979307600477516,0.41265419816951904
CAISO,1.379876796714579,0.003979307600477516,0.4130521289295668
CAISO,1.3826146475017111,0.003979307600477516,0.4134500596896145
CAISO,1.3853524982888432,0.003979307600477516,0.41384799044966225
CAISO,1.3990417522245038,0.003979307600477516,0.41424592120971
CAISO,1.4099931553730323,0.003979307600477516,0.4146438519697577
CAISO,1.4127310061601643,0.003979307600477516,0.415837644249901
CAISO,1.4236824093086926,0.003979307600477516,0.41623557500994873
CAISO,1.429158110882957,0.003979307600477516,0.41663350576999647
CAISO,1.431895961670089,0.003979307600477516,0.41782729805013974
CAISO,1.4373716632443532,0.004377238360525268,0.41782729805013974
CAISO,1.4455852156057496,0.004377238360525268,0.4182252288101875
CAISO,1.462012320328542,0.004377238360525268,0.4186231595702352
CAISO,1.4729637234770705,0.004377238360525268,0.4194190210903307
CAISO,1.4948665297741273,0.004377238360525268,0.41981695185037843
CAISO,1.4976043805612593,0.004377238360525268,0.42021488261042617
CAISO,1.51129363449692,0.004377238360525268,0.42101074413052164
CAISO,1.5277207392197125,0.004377238360525268,0.4218066056506171
CAISO,1.5331964407939767,0.004377238360525268,0.42220453641066485
CAISO,1.5441478439425051,0.004377238360525268,0.42300039793076033
CAISO,1.5496235455167693,0.004377238360525268,0.4241941902109036
CAISO,1.5523613963039014,0.004377238360525268,0.4257859132510946
CAISO,1.5550992470910336,0.004377238360525268,0.42777556705133335
CAISO,1.5633127994524298,0.004377238360525268,0.4285714285714288
CAISO,1.566050650239562,0.004377238360525268,0.4293672900915243
CAISO,1.568788501026694,0.004377238360525268,0.4301631516116198
CAISO,1.571526351813826,0.004377238360525268,0.43095901313171525
CAISO,1.5742642026009583,0.004377238360525268,0.432948666931954
CAISO,1.5852156057494866,0.004377238360525268,0.43573418225228827
CAISO,1.5879534565366187,0.004377238360525268,0.43692797453243154
CAISO,1.593429158110883,0.004377238360525268,0.4389176283326703
CAISO,1.6016427104722792,0.004377238360525268,0.43971348985276576
CAISO,1.6071184120465434,0.004377238360525268,0.4428969359331478
CAISO,1.6098562628336757,0.004377238360525268,0.4432948666931955
CAISO,1.6125941136208077,0.004377238360525268,0.44369279745324325
CAISO,1.620807665982204,0.004377238360525268,0.4444886589733387
CAISO,1.623545516769336,0.004377238360525268,0.44608038201352973
CAISO,1.626283367556468,0.004377238360525268,0.4468762435336252
CAISO,1.6290212183436004,0.004377238360525268,0.4946279347393554
CAISO,1.6317590691307324,0.004377238360525268,0.4990051730998807
CAISO,1.6372347707049966,0.004377238360525268,0.4994031038599284
CAISO,1.6454483230663928,0.004377238360525268,0.5005968961400716
CAISO,1.6509240246406571,0.004377238360525268,0.5033824114604059
CAISO,1.6563997262149213,0.004377238360525268,0.5037803422204536
CAISO,1.6591375770020533,0.004377238360525268,0.5045762037405491
CAISO,1.6618754277891854,0.004377238360525268,0.5057699960206924
CAISO,1.6646132785763177,0.004377238360525268,0.5073617190608833
CAISO,1.6673511293634498,0.004377238360525268,0.5077596498209311
CAISO,1.6700889801505818,0.004377238360525268,0.5109430959013131
CAISO,1.672826830937714,0.004377238360525268,0.5113410266613609
CAISO,1.675564681724846,0.004377238360525268,0.5133306804615997
CAISO,1.678302532511978,0.004377238360525268,0.5141265419816952
CAISO,1.68104038329911,0.004377238360525268,0.5149224035017906
CAISO,1.6837782340862424,0.004377238360525268,0.5153203342618384
CAISO,1.6892539356605065,0.004377238360525268,0.5157182650218862
CAISO,1.6947296372347707,0.004377238360525268,0.516116195781934
CAISO,1.702943189596167,0.004377238360525268,0.5173099880620773
CAISO,1.7056810403832992,0.004377238360525268,0.5181058495821728
CAISO,1.7084188911704312,0.004377238360525268,0.5185037803422206
CAISO,1.7193702943189597,0.004377238360525268,0.5189017111022683
CAISO,1.7221081451060918,0.004377238360525268,0.5192996418623161
CAISO,1.7248459958932238,0.004377238360525268,0.5200955033824116
CAISO,1.727583846680356,0.004377238360525268,0.5212892956625549
CAISO,1.730321697467488,0.004377238360525268,0.5216872264226027
CAISO,1.7357973990417521,0.004377238360525268,0.5224830879426982
CAISO,1.7385352498288844,0.004377238360525268,0.5236768802228414
CAISO,1.7412731006160165,0.004377238360525268,0.5244727417429369
CAISO,1.7440109514031485,0.004377238360525268,0.5252686032630324
CAISO,1.7467488021902806,0.004377238360525268,0.5288499801034622
CAISO,1.757700205338809,0.004377238360525268,0.5308396339037009
CAISO,1.7604380561259412,0.004377238360525268,0.5316354954237964
CAISO,1.7741273100616017,0.004377238360525268,0.5320334261838442
CAISO,1.7768651608487338,0.004377238360525268,0.532431356943892
CAISO,1.7932922655715264,0.004377238360525268,0.5332272184639875
CAISO,1.8151950718685832,0.004377238360525268,0.5336251492240353
CAISO,1.8179329226557153,0.004377238360525268,0.534023079984083
CAISO,1.8261464750171115,0.004377238360525268,0.5344210107441308
CAISO,1.834360027378508,0.004377238360525268,0.5348189415041786
CAISO,1.8453114305270362,0.004377238360525268,0.5352168722642264
CAISO,1.8535249828884326,0.0047751691205730196,0.5356148030242742
CAISO,1.8590006844626967,0.0047751691205730196,0.536012733784322
CAISO,1.864476386036961,0.0047751691205730196,0.5372065260644653
CAISO,1.8726899383983573,0.0047751691205730196,0.5380023875845608
CAISO,1.8781656399726214,0.0047751691205730196,0.539196179864704
CAISO,1.8809034907597535,0.005173099880620771,0.539196179864704
CAISO,1.891854893908282,0.005173099880620771,0.5395941106247518
CAISO,1.8973305954825461,0.005173099880620771,0.5403899721448473
CAISO,1.9274469541409993,0.005173099880620771,0.5407879029048951
CAISO,1.9356605065023955,0.005173099880620771,0.5411858336649429
CAISO,1.9411362080766599,0.005173099880620771,0.5415837644249907
CAISO,1.943874058863792,0.005571030640668523,0.5419816951850385
CAISO,1.946611909650924,0.005571030640668523,0.5423796259450863
CAISO,1.949349760438056,0.005571030640668523,0.5435734182252295
CAISO,1.9548254620123204,0.005571030640668523,0.5439713489852773
CAISO,1.9575633127994525,0.005571030640668523,0.5443692797453251
CAISO,1.9630390143737166,0.005571030640668523,0.5447672105053729
CAISO,1.9712525667351128,0.005571030640668523,0.5451651412654207
CAISO,1.9794661190965093,0.005571030640668523,0.5455630720254685
CAISO,1.995893223819302,0.005571030640668523,0.5459610027855163
CAISO,1.998631074606434,0.005571030640668523,0.5463589335455641
CAISO,2.0095824777549622,0.005571030640668523,0.5471547950656596
CAISO,2.0177960301163584,0.005571030640668523,0.5475527258257074
CAISO,2.020533880903491,0.005571030640668523,0.5483485873458028
CAISO,2.023271731690623,0.005571030640668523,0.5495423796259461
CAISO,2.026009582477755,0.005571030640668523,0.5499403103859939
CAISO,2.0314852840520192,0.005571030640668523,0.5519299641862326
CAISO,2.0342231348391513,0.005571030640668523,0.5535216872264237
CAISO,2.0396988364134154,0.005571030640668523,0.5543175487465192
CAISO,2.0424366872005475,0.005571030640668523,0.554715479506567
CAISO,2.0451745379876796,0.005571030640668523,0.5559092717867102
CAISO,2.0533880903490758,0.005571030640668523,0.556307202546758
CAISO,2.0561259411362083,0.005571030640668523,0.5575009948269013
CAISO,2.0670773442847366,0.005571030640668523,0.5586947871070446
CAISO,2.0725530458590007,0.005571030640668523,0.55949064862714
CAISO,2.078028747433265,0.0059689614007162745,0.5602865101472355
CAISO,2.080766598220397,0.0059689614007162745,0.5606844409072833
CAISO,2.083504449007529,0.0059689614007162745,0.5610823716673311
CAISO,2.086242299794661,0.0059689614007162745,0.5614803024273789
CAISO,2.088980150581793,0.0059689614007162745,0.5622761639474744
CAISO,2.0917180013689256,0.0059689614007162745,0.5646637485077609
CAISO,2.0944558521560577,0.0059689614007162745,0.5670513330680474
CAISO,2.102669404517454,0.0059689614007162745,0.5682451253481907
CAISO,2.105407255304586,0.0059689614007162745,0.569438917628334
CAISO,2.11088295687885,0.0059689614007162745,0.5706327099084773
CAISO,2.116358658453114,0.0059689614007162745,0.571030640668525
CAISO,2.1190965092402463,0.0059689614007162745,0.5722244329486683
CAISO,2.1245722108145104,0.0059689614007162745,0.5726223637087161
CAISO,2.1492128678986995,0.006366892160764026,0.5726223637087161
CAISO,2.1519507186858315,0.006366892160764026,0.5730202944687639
CAISO,2.1765913757700206,0.006366892160764026,0.5734182252288117
CAISO,2.1820670773442847,0.006366892160764026,0.5738161559888595
CAISO,2.184804928131417,0.006366892160764026,0.574612017508955
CAISO,2.21492128678987,0.006366892160764026,0.5758058097890982
CAISO,2.217659137577002,0.006366892160764026,0.576203740549146
CAISO,2.242299794661191,0.006366892160764026,0.5766016713091938
CAISO,2.2861054072553046,0.006764822920811778,0.5766016713091938
CAISO,2.299794661190965,0.006764822920811778,0.5769996020692416
CAISO,2.302532511978097,0.006764822920811778,0.5773975328292894
CAISO,2.327173169062286,0.007162753680859529,0.5773975328292894
CAISO,2.3381245722108144,0.007162753680859529,0.5777954635893372
CAISO,2.3436002737850785,0.007162753680859529,0.578193394349385
CAISO,2.351813826146475,0.007162753680859529,0.5785913251094328
CAISO,2.3545516769336072,0.007162753680859529,0.5789892558694806
CAISO,2.3709787816563996,0.007162753680859529,0.579785117389576
CAISO,2.3764544832306638,0.007162753680859529,0.5809789096697193
CAISO,2.3846680355920604,0.007162753680859529,0.5813768404297671
CAISO,2.3901437371663246,0.007162753680859529,0.5817747711898149
CAISO,2.4449007529089664,0.007162753680859529,0.5821727019498627
CAISO,2.461327857631759,0.007560684440907281,0.5821727019498627
CAISO,2.4668035592060233,0.007560684440907281,0.5829685634699582
CAISO,2.4996577686516086,0.007560684440907281,0.5837644249900537
CAISO,2.507871321013005,0.007958615200955033,0.5837644249900537
CAISO,2.524298425735797,0.007958615200955033,0.5841623557501014
CAISO,2.529774127310062,0.008356545961002784,0.5849582172701969
CAISO,2.546201232032854,0.008356545961002784,0.5857540787902924
CAISO,2.5626283367556466,0.008356545961002784,0.5861520095503402
CAISO,2.568104038329911,0.008356545961002784,0.586549940310388
CAISO,2.5735797399041753,0.008356545961002784,0.5869478710704358
CAISO,2.5763175906913074,0.008356545961002784,0.5873458018304836
CAISO,2.5790554414784395,0.008356545961002784,0.5877437325905314
CAISO,2.5872689938398357,0.008356545961002784,0.5881416633505792
CAISO,2.5900068446269677,0.008356545961002784,0.5889375248706746
CAISO,2.5927446954141,0.008356545961002784,0.5897333863907701
CAISO,2.595482546201232,0.008356545961002784,0.5905292479108656
CAISO,2.6009582477754964,0.008356545961002784,0.5909271786709134
CAISO,2.6064339493497606,0.008356545961002784,0.5913251094309612
CAISO,2.6091718001368926,0.008356545961002784,0.5921209709510566
CAISO,2.6119096509240247,0.008356545961002784,0.5933147632311999
CAISO,2.625598904859685,0.008754476721050536,0.5953044170314387
CAISO,2.628336755646817,0.008754476721050536,0.5972940708316774
CAISO,2.631074606433949,0.008754476721050536,0.6008754476721072
CAISO,2.6338124572210813,0.008754476721050536,0.602865101472346
CAISO,2.647501711156742,0.008754476721050536,0.6032630322323937
CAISO,2.650239561943874,0.008754476721050536,0.6036609629924415
CAISO,2.6557152635181382,0.008754476721050536,0.6048547552725848
CAISO,2.6584531143052703,0.008754476721050536,0.6052526860326326
CAISO,2.6666666666666665,0.009152407481098288,0.6060485475527281
CAISO,2.6721423682409307,0.009550338241146039,0.6060485475527281
CAISO,2.6940451745379876,0.009550338241146039,0.6072423398328713
CAISO,2.6967830253251197,0.009550338241146039,0.6084361321130146
CAISO,2.702258726899384,0.009550338241146039,0.6088340628730624
CAISO,2.707734428473648,0.009550338241146039,0.6088340628730624
CAISO,2.724161533196441,0.009550338241146039,0.6097309267952382
CAISO,2.746064339493498,0.009550338241146039,0.6101793587563261
CAISO,2.757015742642026,0.009550338241146039,0.6124215185617655
CAISO,2.7624914442162902,0.009550338241146039,0.6133183824839413
CAISO,2.7734428473648185,0.009550338241146039,0.6137668144450292
CAISO,2.7789185489390826,0.009998770202233928,0.6137668144450292
CAISO,2.7816563997262147,0.009998770202233928,0.6142152464061171
CAISO,2.7871321013004793,0.009998770202233928,0.614663678367205
CAISO,2.8008213552361396,0.009998770202233928,0.6151121103282929
CAISO,2.809034907597536,0.009998770202233928,0.6155605422893808
CAISO,2.8145106091718,0.009998770202233928,0.6173542701337325
CAISO,2.8281998631074607,0.009998770202233928,0.6178027020948204
CAISO,2.841889117043121,0.009998770202233928,0.6182511340559083
CAISO,2.847364818617385,0.009998770202233928,0.6186995660169962
CAISO,2.8747433264887063,0.009998770202233928,0.6191479979780841
CAISO,2.8829568788501025,0.009998770202233928,0.6200448619002599
CAISO,2.891170431211499,0.009998770202233928,0.6209417258224357
CAISO,2.8993839835728954,0.009998770202233928,0.6213901577835236
CAISO,2.9048596851471595,0.009998770202233928,0.6218385897446115
CAISO,2.91854893908282,0.010447202163321817,0.6218385897446115
CAISO,2.9295003422313486,0.010447202163321817,0.6222870217056994
CAISO,2.940451745379877,0.010447202163321817,0.6227354536667873
CAISO,2.943189596167009,0.010447202163321817,0.624080749550051
CAISO,2.948665297741273,0.010447202163321817,0.6263229093554904
CAISO,2.951403148528405,0.011344066085497595,0.6263229093554904
CAISO,2.954140999315537,0.011344066085497595,0.6267713413165783
CAISO,2.973305954825462,0.011792498046585484,0.6267713413165783
CAISO,2.9815195071868583,0.011792498046585484,0.6276682052387541
CAISO,2.9842573579739904,0.011792498046585484,0.628116637199842
CAISO,2.9924709103353866,0.011792498046585484,0.6285650691609299
CAISO,3.0034223134839153,0.011792498046585484,0.6290135011220178
CAISO,3.0088980150581794,0.011792498046585484,0.6294619330831057
CAISO,3.0116358658453115,0.011792498046585484,0.6299103650441936
CAISO,3.028062970568104,0.011792498046585484,0.6303587970052815
CAISO,3.030800821355236,0.011792498046585484,0.6312556609274573
CAISO,3.0390143737166326,0.011792498046585484,0.632600956810721
CAISO,3.0417522245037647,0.011792498046585484,0.6330493887718089
CAISO,3.0444900752908968,0.011792498046585484,0.6339462526939847
CAISO,3.047227926078029,0.011792498046585484,0.6343946846550726
CAISO,3.049965776865161,0.011792498046585484,0.6348431166161606
CAISO,3.052703627652293,0.011792498046585484,0.6361884124994243
CAISO,3.060917180013689,0.011792498046585484,0.6370852764216001
CAISO,3.0882956878850103,0.011792498046585484,0.637533708382688
CAISO,3.0910335386721424,0.011792498046585484,0.6379821403437759
CAISO,3.0937713894592744,0.011792498046585484,0.6384305723048638
CAISO,3.1019849418206706,0.011792498046585484,0.6388790042659517
CAISO,3.1047227926078027,0.011792498046585484,0.6393274362270396
CAISO,3.1101984941820673,0.011792498046585484,0.6397758681881275
CAISO,3.1156741957563314,0.011792498046585484,0.6402243001492154
CAISO,3.137577002053388,0.011792498046585484,0.6406727321103033
CAISO,3.143052703627652,0.011792498046585484,0.6411211640713912
CAISO,3.159479808350445,0.012240930007673373,0.6411211640713912
CAISO,3.167693360711841,0.012240930007673373,0.6415695960324791
CAISO,3.1731690622861053,0.012240930007673373,0.642018027993567
CAISO,3.1759069130732374,0.012240930007673373,0.6424664599546549
CAISO,3.1813826146475015,0.012689361968761262,0.6424664599546549
CAISO,3.2005475701574264,0.012689361968761262,0.6429148919157428
CAISO,3.2032854209445585,0.012689361968761262,0.6433633238768307
CAISO,3.2114989733059547,0.012689361968761262,0.6438117558379186
CAISO,3.2142368240930868,0.012689361968761262,0.6456054836822702
CAISO,3.2306639288158796,0.012689361968761262,0.6460539156433581
CAISO,3.2553045859000687,0.012689361968761262,0.646502347604446
CAISO,3.260780287474333,0.012689361968761262,0.6469507795655339
CAISO,3.268993839835729,0.01313779392984915,0.6469507795655339
CAISO,3.274469541409993,0.01313779392984915,0.6482960754487976
CAISO,3.277207392197125,0.01358622589093704,0.6482960754487976
CAISO,3.2799452429842573,0.01358622589093704,0.6487445074098855
CAISO,3.2854209445585214,0.014034657852024929,0.6487445074098855
CAISO,3.293634496919918,0.014034657852024929,0.6491929393709734
CAISO,3.29637234770705,0.014034657852024929,0.6496413713320613
CAISO,3.3073237508555784,0.014034657852024929,0.6500898032931492
CAISO,3.3319644079397674,0.014034657852024929,0.6505382352542372
CAISO,3.3429158110882957,0.014034657852024929,0.650986667215325
CAISO,3.373032169746749,0.014034657852024929,0.651435099176413
CAISO,3.405886379192334,0.014034657852024929,0.6518835311375009
CAISO,3.4168377823408624,0.014034657852024929,0.6523319630985888
CAISO,3.4223134839151266,0.014483089813112818,0.6523319630985888
CAISO,3.4277891854893907,0.014483089813112818,0.6527803950596767
CAISO,3.436002737850787,0.014483089813112818,0.6532288270207646
CAISO,3.4387405886379194,0.014483089813112818,0.6536772589818525
CAISO,3.4962354551676933,0.014483089813112818,0.6541256909429404
CAISO,3.515400410677618,0.014931521774200707,0.6541256909429404
CAISO,3.5482546201232035,0.014931521774200707,0.6545741229040283
CAISO,3.5537303216974676,0.015379953735288596,0.6545741229040283
CAISO,3.589322381930185,0.015379953735288596,0.6554709868262041
CAISO,3.597535934291581,0.015379953735288596,0.655919418787292
CAISO,3.6112251882272415,0.015379953735288596,0.6563678507483799
CAISO,3.6167008898015056,0.015379953735288596,0.6572647146705557
CAISO,3.6413415468856947,0.015379953735288596,0.6577131466316436
CAISO,3.6577686516084875,0.015379953735288596,0.6581615785927315
CAISO,3.6605065023956196,0.015379953735288596,0.6586100105538194
CAISO,3.6632443531827517,0.015379953735288596,0.6599553064370831
CAISO,3.6659822039698837,0.015828385696376485,0.6599553064370831
CAISO,3.679671457905544,0.015828385696376485,0.660403738398171
CAISO,3.682409308692676,0.015828385696376485,0.6608521703592589
CAISO,3.6906228610540723,0.015828385696376485,0.6617490342814347
CAISO,3.704312114989733,0.016276817657464374,0.6617490342814347
CAISO,3.7207392197125255,0.016725249618552263,0.6617490342814347
CAISO,3.7234770704996576,0.016725249618552263,0.6621974662425226
CAISO,3.7371663244353184,0.016725249618552263,0.6626458982036105
CAISO,3.7700205338809036,0.016725249618552263,0.6630943301646984
CAISO,3.7946611909650922,0.01717368157964015,0.6630943301646984
CAISO,3.7973990417522243,0.01717368157964015,0.6635427621257863
CAISO,3.805612594113621,0.01717368157964015,0.6639911940868742
CAISO,3.813826146475017,0.01717368157964015,0.6644396260479621
CAISO,3.8220396988364134,0.01717368157964015,0.66488805800905
CAISO,3.8275154004106775,0.01717368157964015,0.665336489970138
CAISO,3.8302532511978096,0.01717368157964015,0.6657849219312258
CAISO,3.838466803559206,0.01717368157964015,0.6662333538923138
CAISO,3.8412046543463383,0.01762211354072804,0.6662333538923138
CAISO,3.8439425051334704,0.01807054550181593,0.6666817858534017
CAISO,3.8521560574948666,0.01807054550181593,0.6671302178144896
CAISO,3.871321013004791,0.01807054550181593,0.6675786497755775
CAISO,3.8822724161533197,0.01807054550181593,0.6680270817366654
CAISO,3.887748117727584,0.01807054550181593,0.6684755136977533
CAISO,3.890485968514716,0.01807054550181593,0.6689239456588412
CAISO,3.898699520876112,0.01807054550181593,0.669820809581017
CAISO,3.9041752224503763,0.01807054550181593,0.6707176735031928
CAISO,3.909650924024641,0.01807054550181593,0.6711661054642807
CAISO,3.912388774811773,0.01807054550181593,0.6716145374253686
CAISO,3.915126625598905,0.01851897746290382,0.6716145374253686
CAISO,3.9479808350444903,0.01851897746290382,0.6720629693864565
CAISO,3.9507186858316223,0.01851897746290382,0.6725114013475444
CAISO,3.9644079397672827,0.018967409423991707,0.6725114013475444
CAISO,3.9671457905544147,0.018967409423991707,0.6729598333086323
CAISO,3.969883641341547,0.018967409423991707,0.6734082652697202
CAISO,3.972621492128679,0.018967409423991707,0.6738566972308081
CAISO,3.980835044490075,0.018967409423991707,0.674305129191896
CAISO,3.9835728952772076,0.019415841385079596,0.6747535611529839
CAISO,3.997262149212868,0.019864273346167485,0.6747535611529839
CAISO,4.041067761806982,0.020312705307255374,0.6747535611529839
CAISO,4.043805612594114,0.020761137268343263,0.6752019931140718
CAISO,4.05201916495551,0.020761137268343263,0.6756504250751597
CAISO,4.057494866529774,0.020761137268343263,0.6760988570362476
CAISO,4.071184120465435,0.021209569229431152,0.6760988570362476
CAISO,4.076659822039699,0.021209569229431152,0.6765472889973355
CAISO,4.087611225188227,0.021209569229431152,0.6769957209584234
CAISO,4.139630390143737,0.021209569229431152,0.6778925848805992
CAISO,4.142368240930869,0.02165800119051904,0.6778925848805992
CAISO,4.145106091718001,0.02210643315160693,0.6778925848805992
CAISO,4.153319644079398,0.02210643315160693,0.6783410168416871
CAISO,4.15605749486653,0.02255486511269482,0.6783410168416871
CAISO,4.158795345653662,0.02255486511269482,0.678789448802775
CAISO,4.164271047227926,0.023003297073782708,0.678789448802775
CAISO,4.172484599589322,0.023003297073782708,0.6792378807638629
CAISO,4.175222450376454,0.023003297073782708,0.6796863127249508
CAISO,4.183436002737851,0.023003297073782708,0.6801347446860387
CAISO,4.1971252566735116,0.023451729034870597,0.6801347446860387
CAISO,4.227241615331964,0.023451729034870597,0.6805831766471266
CAISO,4.238193018480493,0.023900160995958486,0.6805831766471266
CAISO,4.240930869267625,0.023900160995958486,0.6810316086082145
CAISO,4.254620123203286,0.023900160995958486,0.6814800405693024
CAISO,4.284736481861739,0.024348592957046375,0.6814800405693024
CAISO,4.292950034223135,0.024797024918134264,0.6814800405693024
CAISO,4.295687885010267,0.024797024918134264,0.6828253364525662
CAISO,4.303901437371663,0.024797024918134264,0.6841706323358299
CAISO,4.309377138945927,0.024797024918134264,0.6846190642969178
CAISO,4.3203285420944555,0.025245456879222153,0.6846190642969178
CAISO,4.331279945242985,0.025245456879222153,0.6850674962580057
CAISO,4.342231348391513,0.025245456879222153,0.6864127921412694
CAISO,4.350444900752909,0.025245456879222153,0.6868612241023573
CAISO,4.369609856262834,0.025245456879222153,0.6877580880245331
CAISO,4.372347707049966,0.025245456879222153,0.6886549519467089
CAISO,4.375085557837098,0.025245456879222153,0.6891033839077968
CAISO,4.37782340862423,0.025245456879222153,0.6895518158688847
CAISO,4.380561259411362,0.025245456879222153,0.6900002478299726
CAISO,4.386036960985626,0.025245456879222153,0.6904486797910605
CAISO,4.388774811772758,0.025245456879222153,0.6908971117521484
CAISO,4.399726214921286,0.025245456879222153,0.6913455437132363
CAISO,4.402464065708419,0.025245456879222153,0.6917939756743242
CAISO,4.421629021218344,0.025245456879222153,0.6922424076354121
CAISO,4.432580424366872,0.025693888840310042,0.6922424076354121
CAISO,4.4435318275154,0.025693888840310042,0.6931392715575879
CAISO,4.4517453798767965,0.02659075276248582,0.6931392715575879
CAISO,4.457221081451061,0.02659075276248582,0.6935877035186758
CAISO,4.465434633812457,0.02659075276248582,0.6944845674408516
CAISO,4.484599589322382,0.02703918472357371,0.6944845674408516
CAISO,4.487337440109514,0.027487616684661598,0.6949329994019395
CAISO,4.4955509924709105,0.027487616684661598,0.6953814313630274
CAISO,4.506502395619439,0.027487616684661598,0.6958298633241153
CAISO,4.517453798767967,0.027936048645749487,0.6962782952852032
CAISO,4.5366187542778915,0.027936048645749487,0.6967267272462911
CAISO,4.542094455852156,0.027936048645749487,0.697175159207379
CAISO,4.544832306639288,0.027936048645749487,0.697623591168467
CAISO,4.547570157426421,0.027936048645749487,0.6980720231295549
CAISO,4.553045859000685,0.028384480606837376,0.6980720231295549
CAISO,4.558521560574949,0.028832912567925265,0.6980720231295549
CAISO,4.563997262149213,0.028832912567925265,0.6985204550906428
CAISO,4.574948665297741,0.028832912567925265,0.6989688870517307
CAISO,4.5804243668720055,0.028832912567925265,0.6994173190128186
CAISO,4.594113620807666,0.028832912567925265,0.6998657509739065
CAISO,4.596851471594798,0.028832912567925265,0.7003141829349944
CAISO,4.605065023956194,0.029281344529013154,0.7003141829349944
CAISO,4.646132785763176,0.029281344529013154,0.7007626148960823
CAISO,4.654346338124572,0.029729776490101043,0.7007626148960823
CAISO,4.662559890485968,0.03017820845118893,0.7007626148960823
CAISO,4.676249144421629,0.03017820845118893,0.7012110468571702
CAISO,4.700889801505818,0.03017820845118893,0.7016594788182581
CAISO,4.7118412046543465,0.03017820845118893,0.7016594788182581
CAISO,4.717316906228611,0.030762440069338294,0.7016594788182581
CAISO,4.731006160164271,0.03134667168748766,0.7016594788182581
CAISO,4.7501711156741955,0.03134667168748766,0.7022437104364074
CAISO,4.761122518822724,0.03193090330563702,0.7022437104364074
CAISO,4.763860369609857,0.03193090330563702,0.7028279420545568
CAISO,4.774811772758385,0.03251513492378638,0.7028279420545568
CAISO,4.777549623545517,0.033099366541935744,0.7028279420545568
CAISO,4.788501026694045,0.033099366541935744,0.7039964052908555
CAISO,4.7939767282683095,0.033099366541935744,0.7045806369090049
CAISO,4.813141683778234,0.033099366541935744,0.7051648685271542
CAISO,4.82135523613963,0.03368359816008511,0.7051648685271542
CAISO,4.85968514715948,0.03368359816008511,0.7057491001453036
CAISO,4.876112251882272,0.03426782977823447,0.7057491001453036
CAISO,4.91170431211499,0.03426782977823447,0.7063333317634529
CAISO,4.933607118412047,0.03485206139638383,0.7063333317634529
CAISO,4.947296372347707,0.035436293014533195,0.7063333317634529
CAISO,4.958247775496235,0.03602052463268256,0.7063333317634529
CAISO,4.974674880219028,0.03602052463268256,0.7069175633816023
CAISO,4.991101984941821,0.03660475625083192,0.7069175633816023
CAISO,5.004791238877481,0.03660475625083192,0.7075017949997516
CAISO,5.023956194387406,0.03718898786898128,0.7075017949997516
CAISO,5.026694045174538,0.03718898786898128,0.708086026617901
CAISO,5.04312114989733,0.03718898786898128,0.7086702582360503
CAISO,5.078713210130048,0.03718898786898128,0.7092544898541997
CAISO,5.084188911704312,0.03835745110528001,0.7092544898541997
CAISO,5.0951403148528405,0.03835745110528001,0.709838721472349
CAISO,5.108829568788501,0.03894168272342937,0.7104229530904984
CAISO,5.114305270362765,0.03894168272342937,0.7115914163267971
CAISO,5.136208076659822,0.03952591434157873,0.7115914163267971
CAISO,5.158110882956879,0.03952591434157873,0.7127598795630958
CAISO,5.169062286105407,0.03952591434157873,0.7133441111812452
CAISO,5.1827515400410675,0.04069437757787746,0.7133441111812452
CAISO,5.210130047912389,0.04069437757787746,0.7139283427993945
CAISO,5.212867898699521,0.04069437757787746,0.7145125744175439
CAISO,5.256673511293634,0.04069437757787746,0.7150968060356933
CAISO,5.2731006160164275,0.04069437757787746,0.7156810376538426
CAISO,5.295003422313484,0.04127860919602682,0.7156810376538426
CAISO,5.305954825462012,0.04127860919602682,0.716265269271992
CAISO,5.327857631759069,0.04127860919602682,0.7215233538353363
CAISO,5.330595482546201,0.04127860919602682,0.7221075854534856
CAISO,5.338809034907597,0.04127860919602682,0.722691817071635
CAISO,5.352498288843258,0.042447072432325546,0.722691817071635
CAISO,5.360711841204655,0.042447072432325546,0.7238602803079337
CAISO,5.363449691991787,0.04303130405047491,0.7238602803079337
CAISO,5.379876796714579,0.04361553566862427,0.7238602803079337
CAISO,5.390828199863107,0.044199767286773634,0.7238602803079337
CAISO,5.412731006160164,0.044199767286773634,0.7244445119260831
CAISO,5.423682409308693,0.044199767286773634,0.7250287435442324
CAISO,5.434633812457221,0.044783998904922996,0.7250287435442324
CAISO,5.437371663244353,0.044783998904922996,0.7256129751623818
CAISO,5.453798767967146,0.044783998904922996,0.7261972067805311
CAISO,5.45927446954141,0.04536823052307236,0.7261972067805311
CAISO,5.464750171115674,0.04595246214122172,0.7267814383986805
CAISO,5.514031485284052,0.04595246214122172,0.7273656700168298
CAISO,5.544147843942505,0.04595246214122172,0.7285341332531285
CAISO,5.582477754962355,0.04595246214122172,0.7291183648712779
CAISO,5.587953456536619,0.046536693759371084,0.7291183648712779
CAISO,5.598904859685147,0.046536693759371084,0.7302868281075766
CAISO,5.6125941136208075,0.046536693759371084,0.730871059725726
CAISO,5.6290212183436,0.047120925377520446,0.730871059725726
CAISO,5.675564681724846,0.04770515699566981,0.730871059725726
CAISO,5.711156741957564,0.04770515699566981,0.730871059725726
CAISO,5.724845995893224,0.04770515699566981,0.7315281035930216
CAISO,5.730321697467488,0.04770515699566981,0.7321851474603172
CAISO,5.735797399041752,0.04836220086296538,0.7321851474603172
CAISO,5.754962354551677,0.04901924473026095,0.7321851474603172
CAISO,5.7850787132101305,0.04901924473026095,0.7328421913276127
CAISO,5.806981519507187,0.04901924473026095,0.7334992351949083
CAISO,5.809719370294319,0.04901924473026095,0.7341562790622039
CAISO,5.820670773442847,0.049676288597556524,0.7341562790622039
CAISO,5.8261464750171115,0.050333332464852096,0.7341562790622039
CAISO,5.8288843258042435,0.05099037633214767,0.7341562790622039
CAISO,5.842573579739904,0.05164742019944324,0.7341562790622039
CAISO,5.845311430527036,0.05164742019944324,0.7348133229294995
CAISO,5.848049281314168,0.05164742019944324,0.7354703667967951
CAISO,5.867214236824093,0.05230446406673881,0.7354703667967951
CAISO,5.8699520876112254,0.05296150793403438,0.7354703667967951
CAISO,5.8726899383983575,0.05296150793403438,0.7361274106640907
CAISO,5.880903490759754,0.053618551801329954,0.7361274106640907
CAISO,5.883641341546886,0.053618551801329954,0.7367844545313863
CAISO,5.88911704312115,0.053618551801329954,0.7374414983986819
CAISO,5.924709103353867,0.053618551801329954,0.7380985422659775
CAISO,5.9575633127994525,0.054275595668625526,0.7380985422659775
CAISO,5.968514715947981,0.0549326395359211,0.7380985422659775
CAISO,5.971252566735113,0.0549326395359211,0.7387555861332731
CAISO,5.984941820670773,0.05558968340321667,0.7387555861332731
CAISO,6.020533880903491,0.05624672727051224,0.7387555861332731
CAISO,6.036960985626283,0.05624672727051224,0.7394126300005687
CAISO,6.039698836413415,0.05624672727051224,0.7400696738678643
CAISO,6.047912388774812,0.05624672727051224,0.7413837616024554
CAISO,6.053388090349076,0.05690377113780781,0.7413837616024554
CAISO,6.075290896646133,0.05690377113780781,0.742040805469751
CAISO,6.116358658453114,0.057560815005103384,0.742040805469751
CAISO,6.1300479123887746,0.058217858872398956,0.742040805469751
CAISO,6.154688569472964,0.05887490273969453,0.742040805469751
CAISO,6.165639972621492,0.0595319466069901,0.742040805469751
CAISO,6.1738535249828885,0.0595319466069901,0.7426978493370466
CAISO,6.195756331279945,0.06018899047428567,0.7426978493370466
CAISO,6.2121834360027375,0.06084603434158124,0.7426978493370466
CAISO,6.239561943874059,0.061503078208876814,0.7426978493370466
CAISO,6.242299794661191,0.061503078208876814,0.7433548932043422
CAISO,6.253251197809719,0.061503078208876814,0.7440119370716378
CAISO,6.264202600958248,0.061503078208876814,0.745326024806229
CAISO,6.321697467488022,0.061503078208876814,0.7459830686735246
CAISO,6.381930184804928,0.061503078208876814,0.7466401125408202
CAISO,6.3874058863791925,0.062160122076172386,0.7466401125408202
CAISO,6.3901437371663246,0.062160122076172386,0.7472971564081158
CAISO,6.395619438740589,0.062160122076172386,0.7479542002754114
CAISO,6.447638603696099,0.062160122076172386,0.748611244142707
CAISO,6.450376454483231,0.06281716594346796,0.748611244142707
CAISO,6.4722792607802875,0.06281716594346796,0.7492682880100026
CAISO,6.50239561943874,0.06281716594346796,0.7499253318772982
CAISO,6.505133470225872,0.06281716594346796,0.7505823757445937
CAISO,6.510609171800137,0.06347420981076354,0.7505823757445937
CAISO,6.52703627652293,0.06413125367805912,0.7505823757445937
CAISO,6.535249828884326,0.0647882975453547,0.7505823757445937
CAISO,6.55441478439425,0.06544534141265028,0.7505823757445937
CAISO,6.5571526351813825,0.06544534141265028,0.7512394196118893
CAISO,6.595482546201232,0.06610238527994586,0.7512394196118893
CAISO,6.609171800136893,0.06675942914724144,0.7512394196118893
CAISO,6.631074606433949,0.06741647301453702,0.7512394196118893
CAISO,6.633812457221081,0.0680735168818326,0.7512394196118893
CAISO,6.652977412731006,0.06873056074912817,0.7512394196118893
CAISO,6.672142368240931,0.06939001137051641,0.7512394196118893
CAISO,6.702258726899384,0.06939001137051641,0.7518988702332776
CAISO,6.707734428473648,0.06939001137051641,0.7525583208546659
CAISO,6.713210130047912,0.06939001137051641,0.7525583208546659
CAISO,6.721423682409308,0.06939001137051641,0.7525583208546659
CAISO,6.7351129363449695,0.07014767804189863,0.7525583208546659
CAISO,6.754277891854894,0.07090534471328085,0.7525583208546659
CAISO,6.809034907597536,0.07166301138466306,0.7525583208546659
CAISO,6.874743326488707,0.07242067805604528,0.7540736541974303
CAISO,6.880219028062971,0.0731783447274275,0.7540736541974303
CAISO,6.921286789869952,0.07393601139880972,0.7548313208688125
CAISO,6.937713894592744,0.07469367807019194,0.7548313208688125
CAISO,6.976043805612594,0.07469367807019194,0.7555889875401948
CAISO,6.98425735797399,0.07545134474157415,0.7555889875401948
CAISO,6.995208761122519,0.07545134474157415,0.756346654211577
CAISO,7.02258726899384,0.07620901141295637,0.756346654211577
CAISO,7.063655030800821,0.07772434475572082,0.756346654211577
CAISO,7.069130732375085,0.07848201142710304,0.756346654211577
CAISO,7.137577002053388,0.07923967809848526,0.756346654211577
CAISO,7.186858316221766,0.07923967809848526,0.7571043208829592
CAISO,7.208761122518823,0.07999734476986747,0.7571043208829592
CAISO,7.219712525667351,0.07999734476986747,0.7578619875543414
CAISO,7.233401779603011,0.08075501144124969,0.7578619875543414
CAISO,7.263518138261465,0.08151267811263191,0.7578619875543414
CAISO,7.2908966461327855,0.08227034478401413,0.7578619875543414
CAISO,7.359342915811088,0.08227034478401413,0.7586196542257236
CAISO,7.449691991786447,0.08302801145539634,0.7586196542257236
CAISO,7.490759753593429,0.08378567812677856,0.7586196542257236
CAISO,7.496235455167693,0.08454334479816078,0.7586196542257236
CAISO,7.515400410677618,0.085301011469543,0.7586196542257236
CAISO,7.5564681724846,0.08605867814092522,0.7586196542257236
CAISO,7.559206023271732,0.08681634481230743,0.7586196542257236
CAISO,7.561943874058864,0.08757401148368965,0.7586196542257236
CAISO,7.58384668035592,0.08833167815507187,0.7586196542257236
CAISO,7.616700889801506,0.08908934482645409,0.7586196542257236
CAISO,7.657768651608487,0.0898470114978363,0.7586196542257236
CAISO,7.709787816563997,0.0898470114978363,0.7586196542257236
CAISO,7.734428473648186,0.09070313203047159,0.7586196542257236
CAISO,7.759069130732375,0.09155925256310687,0.7586196542257236
CAISO,7.852156057494867,0.09241537309574216,0.7594757747583589
CAISO,7.874058863791923,0.09327149362837744,0.7594757747583589
CAISO,7.917864476386037,0.09412761416101273,0.7594757747583589
CAISO,7.923340177960301,0.09412761416101273,0.7603318952909942
CAISO,7.931553730321697,0.09498373469364801,0.7611880158236295
CAISO,7.9780971937029435,0.0958398552262833,0.7611880158236295
CAISO,8.008213552361397,0.0958398552262833,0.7620441363562648
CAISO,8.013689253935661,0.09669597575891858,0.7620441363562648
CAISO,8.062970568104038,0.09755209629155387,0.7620441363562648
CAISO,8.068446269678303,0.09755209629155387,0.7629002568889001
CAISO,8.109514031485284,0.09840821682418915,0.7629002568889001
CAISO,8.128678986995208,0.09840821682418915,0.7637563774215353
CAISO,8.224503764544833,0.09926433735682444,0.7637563774215353
CAISO,8.24914442162902,0.100976578422095,0.7637563774215353
CAISO,8.257357973990418,0.10183269895473028,0.7637563774215353
CAISO,8.284736481861739,0.10268881948736557,0.7637563774215353
CAISO,8.303901437371664,0.10354494002000085,0.7646124979541706
CAISO,8.320328542094456,0.10354494002000085,0.7654686184868059
CAISO,8.334017796030116,0.10440106055263614,0.7654686184868059
CAISO,8.361396303901437,0.10525718108527142,0.7654686184868059
CAISO,8.375085557837098,0.1061133016179067,0.7663247390194412
CAISO,8.407939767282683,0.10696942215054199,0.7663247390194412
CAISO,8.473648186173854,0.10782554268317728,0.7663247390194412
CAISO,8.498288843258042,0.10868166321581256,0.7663247390194412
CAISO,8.580424366872005,0.10868166321581256,0.7671808595520765
CAISO,8.621492128678987,0.10953778374844785,0.7671808595520765
CAISO,8.624229979466119,0.11039390428108313,0.7671808595520765
CAISO,8.632443531827516,0.11039390428108313,0.7680369800847118
CAISO,8.668035592060233,0.11039390428108313,0.7680369800847118
CAISO,8.684462696783026,0.11136645720615682,0.7680369800847118
CAISO,8.83504449007529,0.11136645720615682,0.7690095330097855
CAISO,8.906228610540726,0.1123390101312305,0.7690095330097855
CAISO,8.92539356605065,0.11331156305630419,0.7690095330097855
CAISO,8.971937029431896,0.11428411598137787,0.7690095330097855
CAISO,9.015742642026009,0.11525666890645156,0.7690095330097855
CAISO,9.166324435318275,0.11622922183152525,0.7690095330097855
CAISO,9.234770704996578,0.11720177475659893,0.7690095330097855
CAISO,9.248459958932239,0.11817432768167262,0.7690095330097855
CAISO,9.281314168377824,0.11817432768167262,0.7699820859348592
CAISO,9.352498288843258,0.11817432768167262,0.7709546388599329
CAISO,9.35523613963039,0.1191468806067463,0.7709546388599329
CAISO,9.377138945927447,0.12011943353181999,0.7709546388599329
CAISO,9.552361396303901,0.12109198645689367,0.7709546388599329
CAISO,9.59069130732375,0.12206453938196736,0.7709546388599329
CAISO,9.634496919917865,0.12303709230704105,0.7709546388599329
CAISO,9.639972621492129,0.12400964523211473,0.7709546388599329
CAISO,9.645448323066393,0.12498219815718842,0.7709546388599329
CAISO,9.664613278576317,0.12498219815718842,0.7709546388599329
CAISO,9.815195071868583,0.12498219815718842,0.7709546388599329
CAISO,9.919233401779604,0.12608925308253824,0.7709546388599329
CAISO,9.943874058863791,0.12719630800788806,0.7709546388599329
CAISO,9.979466119096509,0.12830336293323788,0.7709546388599329
CAISO,10.023271731690622,0.1294104178585877,0.7709546388599329
CAISO,10.17659137577002,0.1294104178585877,0.7720616937852827
CAISO,10.286105407255304,0.13051747278393752,0.7720616937852827
CAISO,10.365503080082135,0.13162452770928734,0.7720616937852827
CAISO,10.390143737166325,0.13162452770928734,0.7731687487106325
CAISO,10.417522245037645,0.13273158263463716,0.7731687487106325
CAISO,10.43668720054757,0.13383863755998698,0.7731687487106325
CAISO,10.600958247775496,0.13383863755998698,0.7742758036359823
CAISO,10.642026009582478,0.13383863755998698,0.775382858561332
CAISO,10.67214236824093,0.13383863755998698,0.775382858561332
CAISO,10.718685831622176,0.13383863755998698,0.775382858561332
CAISO,10.811772758384668,0.13383863755998698,0.7767377616042975
CAISO,10.959616700889802,0.13383863755998698,0.778092664647263
CAISO,11.247091033538672,0.13519354060295244,0.778092664647263
CAISO,11.485284052019164,0.13519354060295244,0.7794475676902285
CAISO,11.597535934291582,0.1365484436459179,0.7794475676902285
CAISO,11.624914442162902,0.13790334668888335,0.7794475676902285
CAISO,11.671457905544148,0.13790334668888335,0.7794475676902285
CAISO,11.704312114989733,0.13790334668888335,0.781036973182938
CAISO,11.838466803559205,0.13790334668888335,0.7826263786756474
CAISO,11.978097193702943,0.13949275218159282,0.7826263786756474
CAISO,12.09034907597536,0.1410821576743023,0.7826263786756474
CAISO,12.19712525667351,0.14267156316701177,0.7826263786756474
CAISO,12.670773442847365,0.14267156316701177,0.7826263786756474
CAISO,12.758384668035593,0.14436933721604234,0.7826263786756474
CAISO,12.821355236139631,0.14436933721604234,0.784324152724678
CAISO,12.8870636550308,0.1460671112650729,0.784324152724678
CAISO,12.906228610540726,0.14776488531410348,0.784324152724678
CAISO,12.9637234770705,0.14946265936313405,0.784324152724678
CAISO,13.4072553045859,0.14946265936313405,0.7860219267737086
CAISO,13.494866529774127,0.14946265936313405,0.7877197008227392
CAISO,13.74674880219028,0.14946265936313405,0.7877197008227392
CAISO,13.927446954140999,0.14946265936313405,0.7894646352620207
CAISO,13.938398357289527,0.15120759380241547,0.7894646352620207
CAISO,14.124572210814511,0.1529525282416969,0.7894646352620207
CAISO,14.239561943874058,0.1546974626809783,0.7894646352620207
CAISO,14.469541409993155,0.1546974626809783,0.7912095697013022
CAISO,14.715947980835045,0.15644239712025973,0.7912095697013022
CAISO,14.754277891854894,0.15644239712025973,0.7912095697013022
CAISO,15.06091718001369,0.15853631844739743,0.7912095697013022
CAISO,15.154004106776181,0.16063023977453514,0.7912095697013022
CAISO,15.195071868583161,0.16272416110167284,0.7912095697013022
CAISO,15.255304585900069,0.16272416110167284,0.7912095697013022
CAISO,15.419575633127995,0.16272416110167284,0.7912095697013022
CAISO,15.633127994524298,0.16272416110167284,0.7912095697013022
CAISO,15.822039698836413,0.16514870158572703,0.7912095697013022
CAISO,16.035592060232716,0.16514870158572703,0.7912095697013022
CAISO,16.418891170431213,0.16514870158572703,0.7912095697013022
CAISO,17.593429158110883,0.16514870158572703,0.7912095697013022
CAISO,17.95208761122519,0.16514870158572703,0.7912095697013022
CAISO,18.16563997262149,0.16514870158572703,0.7912095697013022
CAISO,18.187542778918548,0.16514870158572703,0.7912095697013022
CAISO,18.60917180013689,0.16514870158572703,0.7912095697013022
CAISO,19.189596167008897,0.16514870158572703,0.7912095697013022
CAISO,19.359342915811087,0.16514870158572703,0.7912095697013022
CAISO,19.73990417522245,0.16514870158572703,0.7912095697013022
CAISO,19.835728952772072,0.16514870158572703,0.7912095697013022
CAISO,20.298425735797398,0.16514870158572703,0.7912095697013022
CAISO,20.528405201916495,0.16514870158572703,0.7912095697013022
CAISO,20.75564681724846,0.16514870158572703,0.7912095697013022
CAISO,20.966461327857633,0.16514870158572703,0.7912095697013022
CAISO,21.60438056125941,0.16514870158572703,0.7912095697013022
CAISO,22.119096509240247,0.16514870158572703,0.7912095697013022
ERCOT,0.01642710472279261,0.0,0.0003620564808110065
ERCOT,0.019164955509924708,0.0,0.000724112961622013
ERCOT,0.02190280629705681,0.0,0.000724112961622013
ERCOT,0.02737850787132101,0.0,0.0010870900364634143
ERCOT,0.03285420944558522,0.0,0.0014500671113048158
ERCOT,0.038329911019849415,0.0,0.0014500671113048158
ERCOT,0.04106776180698152,0.0,0.0018141028141442964
ERCOT,0.05201916495550993,0.0,0.0021782713282580708
ERCOT,0.05475701574264202,0.0,0.002542439842371845
ERCOT,0.057494866529774126,0.0,0.0032707768705993938
ERCOT,0.06023271731690623,0.0,0.003634945384713168
ERCOT,0.06570841889117043,0.00036416851411377445,0.003999113898826943
ERCOT,0.07665982203969883,0.00036416851411377445,0.004363282412940718
ERCOT,0.07939767282683094,0.00036416851411377445,0.004363282412940718
ERCOT,0.08213552361396304,0.00036416851411377445,0.004363282412940718
ERCOT,0.09034907597535935,0.00036416851411377445,0.004728654126990991
ERCOT,0.10130047912388775,0.00036416851411377445,0.004728654126990991
ERCOT,0.11225188227241616,0.00036416851411377445,0.0050945633499990435
ERCOT,0.11498973305954825,0.00036416851411377445,0.005460472573007096
ERCOT,0.11772758384668036,0.0007300777371218271,0.005460472573007096
ERCOT,0.12320328542094455,0.0007300777371218271,0.005826786413659463
ERCOT,0.13689253935660506,0.0007300777371218271,0.00619310025431183
ERCOT,0.14784394250513347,0.0007300777371218271,0.0065594140949641975
ERCOT,0.15331964407939766,0.0007300777371218271,0.007658355616921297
ERCOT,0.15605749486652978,0.0007300777371218271,0.008026300539609964
ERCOT,0.15879534565366188,0.0007300777371218271,0.008394245462298631
ERCOT,0.16153319644079397,0.0007300777371218271,0.008762190384987299
ERCOT,0.1806981519507187,0.0007300777371218271,0.009130135307675966
ERCOT,0.1834360027378508,0.0007300777371218271,0.009498080230364633
ERCOT,0.19164955509924708,0.0007300777371218271,0.010233970075741967
ERCOT,0.1943874058863792,0.0007300777371218271,0.010233970075741967
ERCOT,0.2080766598220397,0.0007300777371218271,0.010603013341483435
ERCOT,0.2135523613963039,0.0007300777371218271,0.011710143138707841
ERCOT,0.2190280629705681,0.0007300777371218271,0.01244822967019078
ERCOT,0.2245037645448323,0.0007300777371218271,0.012817272935932248
ERCOT,0.2327173169062286,0.0010991210028632958,0.013186316201673716
ERCOT,0.23545516769336072,0.0010991210028632958,0.013186316201673716
ERCOT,0.243668720054757,0.0010991210028632958,0.013555497685866773
ERCOT,0.25735797399041754,0.0010991210028632958,0.013925233288610214
ERCOT,0.2655715263518138,0.0010991210028632958,0.014664704494097095
ERCOT,0.27104722792607805,0.0010991210028632958,0.014664704494097095
ERCOT,0.2737850787132101,0.0010991210028632958,0.015034579042952053
ERCOT,0.27652292950034224,0.0010991210028632958,0.0157788046858826
ERCOT,0.2792607802874743,0.0010991210028632958,0.016150917507347876
ERCOT,0.29568788501026694,0.0010991210028632958,0.01652303032881315
ERCOT,0.30116358658453113,0.0010991210028632958,0.016895143150278426
ERCOT,0.30390143737166325,0.0010991210028632958,0.016895143150278426
ERCOT,0.30937713894592744,0.0010991210028632958,0.016895143150278426
ERCOT,0.3203285420944558,0.0010991210028632958,0.017268529361627042
ERCOT,0.33675564681724846,0.0010991210028632958,0.017641915572975658
ERCOT,0.3394934976043806,0.0010991210028632958,0.018015301784324273
ERCOT,0.34496919917864477,0.0010991210028632958,0.01838868799567289
ERCOT,0.34770704996577684,0.0010991210028632958,0.01838868799567289
ERCOT,0.3586584531143053,0.0010991210028632958,0.01876278650425796
ERCOT,0.3613963039014374,0.0010991210028632958,0.01876278650425796
ERCOT,0.3668720054757016,0.0010991210028632958,0.01913702785305249
ERCOT,0.36960985626283366,0.0010991210028632958,0.01913702785305249
ERCOT,0.3750855578370979,0.0014746533336965975,0.01913702785305249
ERCOT,0.38329911019849416,0.0014746533336965975,0.019512560183885794
ERCOT,0.3997262149212868,0.0014746533336965975,0.019888380831287873
ERCOT,0.4024640657084189,0.0014746533336965975,0.020640022126092034
ERCOT,0.4216290212183436,0.0018504739810986772,0.021767484068298273
ERCOT,0.4243668720054757,0.0018504739810986772,0.021767484068298273
ERCOT,0.4353182751540041,0.0018504739810986772,0.02214592672021711
ERCOT,0.44353182751540043,0.0018504739810986772,0.02214592672021711
ERCOT,0.4462696783025325,0.0018504739810986772,0.02214592672021711
ERCOT,0.459958932238193,0.0018504739810986772,0.022903693489858948
ERCOT,0.47091033538672145,0.002229357365919595,0.02441922702914262
ERCOT,0.4736481861738535,0.002229357365919595,0.02441922702914262
ERCOT,0.4791238877481177,0.002229357365919595,0.024798257954222424
ERCOT,0.48459958932238195,0.002229357365919595,0.025177288879302227
ERCOT,0.49828884325804246,0.002229357365919595,0.025177288879302227
ERCOT,0.5065023956194388,0.002229357365919595,0.025557951640067307
ERCOT,0.5147159479808351,0.002229357365919595,0.025938614400832387
ERCOT,0.5174537987679672,0.002229357365919595,0.026699939922362546
ERCOT,0.5256673511293635,0.0026100201266846747,0.027080602683127626
ERCOT,0.5338809034907598,0.0026100201266846747,0.027080602683127626
ERCOT,0.5366187542778919,0.0029935416196452233,0.027080602683127626
ERCOT,0.5503080082135524,0.0029935416196452233,0.027080602683127626
ERCOT,0.5530458590006845,0.0029935416196452233,0.027080602683127626
ERCOT,0.5557837097878165,0.0029935416196452233,0.027080602683127626
ERCOT,0.5585215605749486,0.0029935416196452233,0.027850385108284154
ERCOT,0.5694729637234771,0.0029935416196452233,0.02823527632086242
ERCOT,0.5722108145106092,0.0029935416196452233,0.029005058746018948
ERCOT,0.5749486652977412,0.0029935416196452233,0.02939194979303507
ERCOT,0.5776865160848734,0.0029935416196452233,0.030165731887067313
ERCOT,0.5913757700205339,0.0029935416196452233,0.030552932818782685
ERCOT,0.5968514715947981,0.0029935416196452233,0.030552932818782685
ERCOT,0.5995893223819302,0.0029935416196452233,0.030941534960142385
ERCOT,0.6023271731690623,0.0029935416196452233,0.031330137101502085
ERCOT,0.6078028747433265,0.0029935416196452233,0.032107341384221486
ERCOT,0.6105407255304586,0.0029935416196452233,0.032107341384221486
ERCOT,0.6187542778918549,0.0029935416196452233,0.032107341384221486
ERCOT,0.621492128678987,0.0029935416196452233,0.0324964136088167
ERCOT,0.6297056810403833,0.0029935416196452233,0.032885485833411915
ERCOT,0.6406570841889117,0.0029935416196452233,0.03327455805800713
ERCOT,0.6433949349760438,0.0029935416196452233,0.033663630282602344
ERCOT,0.6598220396988365,0.0029935416196452233,0.03405270250719756
ERCOT,0.6652977412731006,0.0029935416196452233,0.034441774731792774
ERCOT,0.6680355920602327,0.0029935416196452233,0.0352199191809832
ERCOT,0.6735112936344969,0.0029935416196452233,0.0352199191809832
ERCOT,0.676249144421629,0.0029935416196452233,0.03677809907438032
ERCOT,0.6817248459958932,0.0029935416196452233,0.037167644047729605
ERCOT,0.6844626967830253,0.0029935416196452233,0.037167644047729605
ERCOT,0.6954140999315537,0.0033853125642707847,0.03755941499235517
ERCOT,0.6981519507186859,0.00417628598484264,0.03755941499235517
ERCOT,0.70362765229295,0.00417628598484264,0.037955064991951705
ERCOT,0.7063655030800822,0.00417628598484264,0.037955064991951705
ERCOT,0.7282683093771389,0.004572263103082907,0.038351042110191975
ERCOT,0.7337440109514032,0.004968240221323174,0.038351042110191975
ERCOT,0.7419575633127995,0.004968240221323174,0.03874701922843224
ERCOT,0.7446954140999316,0.004968240221323174,0.03914316038027575
ERCOT,0.7501711156741958,0.004968240221323174,0.03914316038027575
ERCOT,0.7529089664613279,0.005365864430723507,0.03914316038027575
ERCOT,0.75564681724846,0.00576348864012384,0.03954078458967609
ERCOT,0.7611225188227242,0.00576348864012384,0.03954078458967609
ERCOT,0.7720739219712526,0.00616127852627809,0.03954078458967609
ERCOT,0.7802874743326489,0.00616127852627809,0.03954078458967609
ERCOT,0.7994524298425736,0.006562919072104708,0.03954078458967609
ERCOT,0.8021902806297057,0.006562919072104708,0.03994242513550271
ERCOT,0.813141683778234,0.006964559617931326,0.03994242513550271
ERCOT,0.8213552361396304,0.006964559617931326,0.04034406568132933
ERCOT,0.8240930869267625,0.006964559617931326,0.041148024647321514
ERCOT,0.8295687885010267,0.006964559617931326,0.041148024647321514
ERCOT,0.8459958932238193,0.006964559617931326,0.041148024647321514
ERCOT,0.8487337440109514,0.006964559617931326,0.041552738684623704
ERCOT,0.8514715947980835,0.006964559617931326,0.04195745272192589
ERCOT,0.8596851471594799,0.006964559617931326,0.04236216675922808
ERCOT,0.865160848733744,0.006964559617931326,0.04276688079653027
ERCOT,0.8678986995208761,0.006964559617931326,0.04317159483383246
ERCOT,0.8733744010951403,0.006964559617931326,0.04357630887113465
ERCOT,0.8761122518822724,0.006964559617931326,0.04357630887113465
ERCOT,0.8815879534565366,0.006964559617931326,0.04357630887113465
ERCOT,0.8843258042436687,0.006964559617931326,0.04398555849678592
ERCOT,0.8870636550308009,0.006964559617931326,0.04480405774808845
ERCOT,0.8898015058179329,0.006964559617931326,0.045213307373739714
ERCOT,0.8952772073921971,0.006964559617931326,0.04562255699939098
ERCOT,0.8980150581793293,0.006964559617931326,0.04644105625069351
ERCOT,0.9007529089664613,0.006964559617931326,0.04685048288742853
ERCOT,0.9034907597535934,0.006964559617931326,0.047259909524163556
ERCOT,0.9062286105407256,0.006964559617931326,0.047259909524163556
ERCOT,0.9144421629021219,0.006964559617931326,0.04767093756886495
ERCOT,0.9226557152635181,0.006964559617931326,0.04767093756886495
ERCOT,0.9253935660506503,0.006964559617931326,0.04808684804084613
ERCOT,0.9308692676249144,0.0073804700899124985,0.04808684804084613
ERCOT,0.9390828199863107,0.0073804700899124985,0.0485027585128273
ERCOT,0.9418206707734429,0.007796380561893671,0.0485027585128273
ERCOT,0.9500342231348392,0.007796380561893671,0.048918668984808476
ERCOT,0.9527720739219713,0.007796380561893671,0.04933457945678965
ERCOT,0.9609856262833676,0.007796380561893671,0.049750489928770826
ERCOT,0.9637234770704997,0.007796380561893671,0.049750489928770826
ERCOT,0.9664613278576317,0.007796380561893671,0.05058673937820236
ERCOT,0.9801505817932923,0.007796380561893671,0.05142298882763389
ERCOT,0.9828884325804244,0.007796380561893671,0.05184111355234965
ERCOT,0.9856262833675564,0.007796380561893671,0.05225923827706542
ERCOT,0.9911019849418207,0.008214505286609436,0.05225923827706542
ERCOT,0.999315537303217,0.008214505286609436,0.052677363001781184
ERCOT,1.0047912388774811,0.008214505286609436,0.053513612451212715
ERCOT,1.0130047912388775,0.008214505286609436,0.054349861900644246
ERCOT,1.0212183436002737,0.008214505286609436,0.054768173204889116
ERCOT,1.0266940451745379,0.008214505286609436,0.055186484509133986
ERCOT,1.0321697467488022,0.008214505286609436,0.055186484509133986
ERCOT,1.0403832991101984,0.008214505286609436,0.055186484509133986
ERCOT,1.0431211498973305,0.008214505286609436,0.055186484509133986
ERCOT,1.051334702258727,0.008214505286609436,0.055186484509133986
ERCOT,1.0622861054072552,0.008640232109429553,0.055186484509133986
ERCOT,1.0677618069815196,0.008640232109429553,0.055186484509133986
ERCOT,1.0759753593429158,0.008640232109429553,0.055186484509133986
ERCOT,1.0841889117043122,0.008640232109429553,0.05561259888481967
ERCOT,1.0869267624914443,0.009066346485115232,0.05561259888481967
ERCOT,1.0896646132785763,0.009066346485115232,0.05603871326050535
ERCOT,1.0951403148528405,0.009066346485115232,0.05646482763619103
ERCOT,1.0978781656399725,0.009066346485115232,0.05689211104994444
ERCOT,1.1006160164271048,0.009493629898868636,0.05731939446369785
ERCOT,1.103353867214237,0.009493629898868636,0.05860124470495806
ERCOT,1.106091718001369,0.009493629898868636,0.05902852811871147
ERCOT,1.108829568788501,0.009493629898868636,0.059455811532464875
ERCOT,1.1143052703627652,0.009493629898868636,0.0598834874895474
ERCOT,1.1170431211498972,0.009493629898868636,0.0598834874895474
ERCOT,1.1197809719370295,0.009493629898868636,0.06031633534192488
ERCOT,1.1225188227241616,0.009493629898868636,0.061182031046679845
ERCOT,1.1279945242984257,0.009493629898868636,0.061614878899057327
ERCOT,1.136208076659822,0.009493629898868636,0.06204772675143481
ERCOT,1.1444216290212184,0.009493629898868636,0.06291342245618976
ERCOT,1.163586584531143,0.009493629898868636,0.0642119660133222
ERCOT,1.1690622861054072,0.009493629898868636,0.06464481386569967
ERCOT,1.1718001368925393,0.009493629898868636,0.06464481386569967
ERCOT,1.1772758384668036,0.009493629898868636,0.06508010373699043
ERCOT,1.1800136892539357,0.009493629898868636,0.06551539360828118
ERCOT,1.1827515400410678,0.009493629898868636,0.06682126322215344
ERCOT,1.1882272416153319,0.010364209641450142,0.06682126322215344
ERCOT,1.1937029431895962,0.010364209641450142,0.06682126322215344
ERCOT,1.2019164955509924,0.010364209641450142,0.06769225380935155
ERCOT,1.2046543463381245,0.010364209641450142,0.06856406802831061
ERCOT,1.2238193018480492,0.010800323146341355,0.07030852204787545
ERCOT,1.2265571526351813,0.010800323146341355,0.07118365648102382
ERCOT,1.2484599589322383,0.010800323146341355,0.07118365648102382
ERCOT,1.2511978097193703,0.010800323146341355,0.07250581109509867
ERCOT,1.267624914442163,0.010800323146341355,0.0733872475044819
ERCOT,1.270362765229295,0.01124104135103297,0.0733872475044819
ERCOT,1.2758384668035592,0.01124104135103297,0.07382796570917352
ERCOT,1.3004791238877482,0.01124104135103297,0.07426868391386514
ERCOT,1.3032169746748803,0.011682184754185455,0.07470982731701763
ERCOT,1.3059548254620124,0.01212332815733794,0.07470982731701763
ERCOT,1.319644079397673,0.01212332815733794,0.07515225311378393
ERCOT,1.322381930184805,0.01212332815733794,0.07515225311378393
ERCOT,1.325119780971937,0.012569430023774343,0.07515225311378393
ERCOT,1.3278576317590691,0.012569430023774343,0.07559901036983802
ERCOT,1.3333333333333333,0.012569430023774343,0.07604598662454704
ERCOT,1.3360711841204653,0.012569430023774343,0.07649296287925605
ERCOT,1.3388090349075976,0.012569430023774343,0.07649296287925605
ERCOT,1.3442847364818618,0.012569430023774343,0.07649296287925605
ERCOT,1.3497604380561259,0.012569430023774343,0.07694037820690683
ERCOT,1.3579739904175223,0.012569430023774343,0.07694037820690683
ERCOT,1.3634496919917864,0.012569430023774343,0.07738801350276195
ERCOT,1.374401095140315,0.012569430023774343,0.07738801350276195
ERCOT,1.377138945927447,0.012569430023774343,0.07738801350276195
ERCOT,1.379876796714579,0.01302196237408437,0.07738801350276195
ERCOT,1.3826146475017111,0.013927027074704423,0.07738801350276195
ERCOT,1.3908281998631074,0.013927027074704423,0.07784054585307197
ERCOT,1.3963039014373717,0.014379559425014449,0.07784054585307197
ERCOT,1.404517453798768,0.014379559425014449,0.078293078203382
ERCOT,1.4209445585215605,0.014379559425014449,0.078293078203382
ERCOT,1.4236824093086926,0.014379559425014449,0.078293078203382
ERCOT,1.429158110882957,0.014379559425014449,0.07874833528435118
ERCOT,1.431895961670089,0.014379559425014449,0.07920359236532037
ERCOT,1.4373716632443532,0.014834816505983643,0.07920359236532037
ERCOT,1.4428473648186173,0.015290073586952837,0.07920359236532037
ERCOT,1.4455852156057496,0.015290073586952837,0.07966300704520253
ERCOT,1.4483230663928817,0.015750188950129168,0.07966300704520253
ERCOT,1.462012320328542,0.015750188950129168,0.08012312240837886
ERCOT,1.4674880219028064,0.015750188950129168,0.08104335313473153
ERCOT,1.4757015742642026,0.015750188950129168,0.08150346849790786
ERCOT,1.4811772758384667,0.015750188950129168,0.0819635838610842
ERCOT,1.4976043805612593,0.015750188950129168,0.08242369922426053
ERCOT,1.5003422313483916,0.015750188950129168,0.08288381458743686
ERCOT,1.516769336071184,0.015750188950129168,0.08334700369147717
ERCOT,1.5222450376454484,0.015750188950129168,0.08381019279551748
ERCOT,1.5496235455167693,0.015750188950129168,0.08381019279551748
ERCOT,1.566050650239562,0.015750188950129168,0.08427650021046018
ERCOT,1.571526351813826,0.015750188950129168,0.08474280762540289
ERCOT,1.5770020533880904,0.015750188950129168,0.08474280762540289
ERCOT,1.593429158110883,0.015750188950129168,0.08521130085635313
ERCOT,1.596167008898015,0.015750188950129168,0.08567979408730338
ERCOT,1.6016427104722792,0.016218682181079414,0.08567979408730338
ERCOT,1.6071184120465434,0.0171556686429799,0.08567979408730338
ERCOT,1.6125941136208077,0.0171556686429799,0.08708527378015411
ERCOT,1.6153319644079398,0.0171556686429799,0.08708527378015411
ERCOT,1.620807665982204,0.0176268727763712,0.08708527378015411
ERCOT,1.623545516769336,0.0176268727763712,0.08802768204693671
ERCOT,1.626283367556468,0.0176268727763712,0.08849888618032802
ERCOT,1.6344969199178645,0.0176268727763712,0.08897009031371932
ERCOT,1.6454483230663928,0.0176268727763712,0.08944129444711062
ERCOT,1.6591375770020533,0.018102595649454056,0.08944129444711062
ERCOT,1.6646132785763177,0.018102595649454056,0.09039274019327632
ERCOT,1.6892539356605065,0.01857831852253691,0.09086846306635918
ERCOT,1.6974674880219027,0.01857831852253691,0.09134418593944203
ERCOT,1.7111567419575633,0.01857831852253691,0.09181990881252489
ERCOT,1.7248459958932238,0.01857831852253691,0.09229767560772625
ERCOT,1.727583846680356,0.019056085317738274,0.09277544240292762
ERCOT,1.7440109514031485,0.019056085317738274,0.09277544240292762
ERCOT,1.7467488021902806,0.019056085317738274,0.09325605304810042
ERCOT,1.757700205338809,0.019056085317738274,0.09325605304810042
ERCOT,1.7713894592744694,0.01953931224296101,0.09325605304810042
ERCOT,1.7741273100616017,0.01953931224296101,0.09373927997332315
ERCOT,1.7768651608487338,0.01953931224296101,0.09373927997332315
ERCOT,1.7987679671457906,0.01953931224296101,0.09423659988795227
ERCOT,1.8288843258042438,0.01953931224296101,0.09523123971721051
ERCOT,1.8316221765913758,0.01953931224296101,0.09572855963183963
ERCOT,1.842573579739904,0.01953931224296101,0.09622587954646875
ERCOT,1.8453114305270362,0.01953931224296101,0.09622587954646875
ERCOT,1.8507871321013005,0.01953931224296101,0.09673347702534967
ERCOT,1.8535249828884326,0.01953931224296101,0.09724107450423058
ERCOT,1.8672142368240932,0.02004690972184193,0.09724107450423058
ERCOT,1.8726899383983573,0.020554507200722855,0.09724107450423058
ERCOT,1.8863791923340179,0.021062104679603778,0.09724107450423058
ERCOT,1.88911704312115,0.0215697021584847,0.09724107450423058
ERCOT,1.891854893908282,0.0215697021584847,0.0977486719831115
ERCOT,1.8973305954825461,0.0215697021584847,0.0977486719831115
ERCOT,1.9000684462696784,0.0215697021584847,0.09826069618419198
ERCOT,1.9055441478439425,0.0215697021584847,0.09877272038527245
ERCOT,1.9082819986310746,0.0215697021584847,0.09979676878743338
ERCOT,1.9110198494182067,0.0215697021584847,0.10030879298851385
ERCOT,1.9137577002053388,0.0215697021584847,0.10030879298851385
ERCOT,1.9164955509924708,0.022085031680112048,0.10030879298851385
ERCOT,1.9219712525667352,0.022085031680112048,0.10133945203176854
ERCOT,1.9274469541409993,0.02260066433675212,0.1018550846884086
ERCOT,1.9301848049281314,0.02311629699339219,0.1018550846884086
ERCOT,1.9383983572895278,0.02311629699339219,0.10237071734504867
ERCOT,1.9575633127994525,0.02311629699339219,0.10288635000168873
ERCOT,1.9603011635865846,0.02363192965003226,0.10288635000168873
ERCOT,1.9685147159479808,0.02414756230667233,0.1034019826583288
ERCOT,1.9712525667351128,0.02414756230667233,0.1034019826583288
ERCOT,1.9739904175222451,0.024667807062209002,0.1034019826583288
ERCOT,1.9767282683093772,0.024667807062209002,0.10392222741386548
ERCOT,1.9794661190965093,0.025188051817745673,0.10392222741386548
ERCOT,1.9931553730321698,0.025708296573282344,0.10392222741386548
ERCOT,2.004106776180698,0.025708296573282344,0.10444497184390322
ERCOT,2.00684462696783,0.02675378543335784,0.10444497184390322
ERCOT,2.0314852840520192,0.02675378543335784,0.10496771627394097
ERCOT,2.0342231348391513,0.027278425009365517,0.10601699542595631
ERCOT,2.0369609856262834,0.027278425009365517,0.10654195277275504
ERCOT,2.0396988364134154,0.027278425009365517,0.10654195277275504
ERCOT,2.0451745379876796,0.02833153093303467,0.10654195277275504
ERCOT,2.0588637919233403,0.02833153093303467,0.10706850573458962
ERCOT,2.0616016427104724,0.02833153093303467,0.1075950586964242
ERCOT,2.0725530458590007,0.02833153093303467,0.10812161165825879
ERCOT,2.0752908966461328,0.02833153093303467,0.10812161165825879
ERCOT,2.078028747433265,0.02833153093303467,0.10865302510897183
ERCOT,2.080766598220397,0.02833153093303467,0.1091847659863335
ERCOT,2.086242299794661,0.02833153093303467,0.1091847659863335
ERCOT,2.088980150581793,0.02833153093303467,0.1091847659863335
ERCOT,2.0944558521560577,0.02833153093303467,0.10971881162291594
ERCOT,2.105407255304586,0.028865576569617104,0.10971881162291594
ERCOT,2.11088295687885,0.029399622206199537,0.10971881162291594
ERCOT,2.127310061601643,0.029399622206199537,0.11025285725949838
ERCOT,2.130047912388775,0.029399622206199537,0.11025285725949838
ERCOT,2.132785763175907,0.029399622206199537,0.11025285725949838
ERCOT,2.1409993155373033,0.029399622206199537,0.11079259848944462
ERCOT,2.1574264202600957,0.029939363436145772,0.11079259848944462
ERCOT,2.1656399726214923,0.029939363436145772,0.11133233971939085
ERCOT,2.1711156741957565,0.029939363436145772,0.11133233971939085
ERCOT,2.1793292265571527,0.029939363436145772,0.11241454299203668
ERCOT,2.184804928131417,0.029939363436145772,0.11241454299203668
ERCOT,2.195756331279945,0.029939363436145772,0.11296081438921618
ERCOT,2.198494182067077,0.029939363436145772,0.11296081438921618
ERCOT,2.2039698836413417,0.029939363436145772,0.11350778300579221
ERCOT,2.209445585215606,0.029939363436145772,0.11405475162236825
ERCOT,2.217659137577002,0.029939363436145772,0.11405475162236825
ERCOT,2.242299794661191,0.029939363436145772,0.11405475162236825
ERCOT,2.245037645448323,0.029939363436145772,0.11405475162236825
ERCOT,2.2477754962354553,0.029939363436145772,0.11405475162236825
ERCOT,2.2587268993839835,0.029939363436145772,0.11405475162236825
ERCOT,2.2614647501711156,0.030495934232596673,0.11405475162236825
ERCOT,2.2642026009582477,0.030495934232596673,0.11405475162236825
ERCOT,2.2669404517453797,0.030495934232596673,0.11405475162236825
ERCOT,2.272416153319644,0.031053593498662536,0.11405475162236825
ERCOT,2.2751540041067764,0.031053593498662536,0.11405475162236825
ERCOT,2.2778918548939084,0.031053593498662536,0.11461681056706186
ERCOT,2.297056810403833,0.031053593498662536,0.11517923953081055
ERCOT,2.305270362765229,0.031616022462411235,0.11517923953081055
ERCOT,2.308008213552361,0.031616022462411235,0.11574166849455925
ERCOT,2.3134839151266258,0.031616022462411235,0.11686652642205665
ERCOT,2.316221765913758,0.031616022462411235,0.11686652642205665
ERCOT,2.31895961670089,0.031616022462411235,0.11686652642205665
ERCOT,2.3353867214236823,0.03218256767273428,0.11686652642205665
ERCOT,2.3381245722108144,0.03218256767273428,0.11799961684270274
ERCOT,2.3408624229979464,0.03274911288305732,0.11799961684270274
ERCOT,2.3572895277207393,0.03331565809338036,0.11856616205302578
ERCOT,2.3627652292950034,0.03331565809338036,0.11856616205302578
ERCOT,2.3655030800821355,0.03331565809338036,0.11913690107042389
ERCOT,2.3682409308692676,0.03388639711077847,0.11913690107042389
ERCOT,2.3709787816563996,0.03388639711077847,0.119707640087822
ERCOT,2.3819301848049284,0.03388639711077847,0.119707640087822
ERCOT,2.3846680355920604,0.03388639711077847,0.119707640087822
ERCOT,2.3901437371663246,0.034461401161594636,0.12028264413863818
ERCOT,2.3928815879534566,0.034461401161594636,0.12085764818945435
ERCOT,2.3983572895277208,0.035036405212410804,0.12085764818945435
ERCOT,2.406570841889117,0.035036405212410804,0.12200765629108669
ERCOT,2.412046543463381,0.035036405212410804,0.12258266034190286
ERCOT,2.414784394250513,0.035036405212410804,0.12315766439271904
ERCOT,2.4175222450376452,0.03561140926322697,0.12315766439271904
ERCOT,2.4202600958247777,0.03561140926322697,0.12315766439271904
ERCOT,2.42299794661191,0.03618957484834316,0.12315766439271904
ERCOT,2.428473648186174,0.03676853680478871,0.12315766439271904
ERCOT,2.431211498973306,0.03676853680478871,0.12373702563327248
ERCOT,2.43668720054757,0.0379272592858956,0.12431638687382592
ERCOT,2.439425051334702,0.0379272592858956,0.12489574811437935
ERCOT,2.4421629021218343,0.03850662052644904,0.12489574811437935
ERCOT,2.4531143052703626,0.03908598176700249,0.12489574811437935
ERCOT,2.455852156057495,0.03908598176700249,0.12489574811437935
ERCOT,2.4668035592060233,0.03966695346270688,0.12489574811437935
ERCOT,2.4750171115674195,0.03966695346270688,0.12663866320149253
ERCOT,2.4777549623545516,0.03966695346270688,0.12663866320149253
ERCOT,2.4804928131416837,0.03966695346270688,0.12663866320149253
ERCOT,2.4832306639288158,0.03966695346270688,0.12722453416659146
ERCOT,2.485968514715948,0.040252824427805825,0.1278104051316904
ERCOT,2.48870636550308,0.04083869539290477,0.1278104051316904
ERCOT,2.4941820670773445,0.04142497952511592,0.1278104051316904
ERCOT,2.4969199178644765,0.04142497952511592,0.12839668926390155
ERCOT,2.510609171800137,0.04142497952511592,0.12839668926390155
ERCOT,2.513347022587269,0.04142497952511592,0.12839668926390155
ERCOT,2.516084873374401,0.04202309071474919,0.12839668926390155
ERCOT,2.5270362765229293,0.04262120190438246,0.1289948004535348
ERCOT,2.529774127310062,0.04262120190438246,0.13019102283280135
ERCOT,2.535249828884326,0.04262120190438246,0.1307891340224346
ERCOT,2.537987679671458,0.04262120190438246,0.13198535640170114
ERCOT,2.54072553045859,0.04262120190438246,0.1325834675913344
ERCOT,2.5489390828199863,0.04262120190438246,0.1325834675913344
ERCOT,2.568104038329911,0.04262120190438246,0.1325834675913344
ERCOT,2.5872689938398357,0.04262120190438246,0.13318682920838215
ERCOT,2.595482546201232,0.04262120190438246,0.1337901908254299
ERCOT,2.6009582477754964,0.04262120190438246,0.1349969140595254
ERCOT,2.6064339493497606,0.04322633942022948,0.13560205157537242
ERCOT,2.6091718001368926,0.043831476936076495,0.13620718909121943
ERCOT,2.6119096509240247,0.043831476936076495,0.13620718909121943
ERCOT,2.622861054072553,0.043831476936076495,0.1368141182799483
ERCOT,2.625598904859685,0.043831476936076495,0.1368141182799483
ERCOT,2.631074606433949,0.043831476936076495,0.1368141182799483
ERCOT,2.647501711156742,0.044446607870599,0.1374292492144708
ERCOT,2.650239561943874,0.04506173880512151,0.1374292492144708
ERCOT,2.6584531143052703,0.045676869739644015,0.1374292492144708
ERCOT,2.6639288158795345,0.045676869739644015,0.1374292492144708
ERCOT,2.6666666666666665,0.045676869739644015,0.13866229658208723
ERCOT,2.6694045174537986,0.0462947946136427,0.13866229658208723
ERCOT,2.6776180698151952,0.046912719487641384,0.13866229658208723
ERCOT,2.6830937713894594,0.04814856923563876,0.13866229658208723
ERCOT,2.6967830253251197,0.04814856923563876,0.13928022145608593
ERCOT,2.6995208761122518,0.04814856923563876,0.13989814633008463
ERCOT,2.702258726899384,0.048766494109637445,0.13989814633008463
ERCOT,2.704996577686516,0.048766494109637445,0.13989814633008463
ERCOT,2.707734428473648,0.048766494109637445,0.14114731547490414
ERCOT,2.7186858316221767,0.0493910786820472,0.14114731547490414
ERCOT,2.724161533196441,0.05064024782686672,0.14239648461972365
ERCOT,2.735112936344969,0.05064024782686672,0.14239648461972365
ERCOT,2.737850787132101,0.05064024782686672,0.14239648461972365
ERCOT,2.7405886379192332,0.05064024782686672,0.14365343674986913
ERCOT,2.7624914442162902,0.05126872389193947,0.14365343674986913
ERCOT,2.7652292950034223,0.05126872389193947,0.14365343674986913
ERCOT,2.7734428473648185,0.051900653122204925,0.14365343674986913
ERCOT,2.7816563997262147,0.05253258235247038,0.14365343674986913
ERCOT,2.784394250513347,0.053164511582735836,0.14365343674986913
ERCOT,2.7871321013004793,0.05379644081300129,0.14365343674986913
ERCOT,2.8035592060232717,0.05442837004326675,0.14365343674986913
ERCOT,2.8062970568104038,0.05442837004326675,0.14365343674986913
ERCOT,2.8145106091718,0.05442837004326675,0.14365343674986913
ERCOT,2.817248459958932,0.05442837004326675,0.14365343674986913
ERCOT,2.8199863107460645,0.055074036865494495,0.14365343674986913
ERCOT,2.833675564681725,0.05571970368772224,0.14429910357209688
ERCOT,2.839151266255989,0.05571970368772224,0.14494477039432463
ERCOT,2.841889117043121,0.05571970368772224,0.14623610403878012
ERCOT,2.844626967830253,0.05571970368772224,0.14688439339074885
ERCOT,2.858316221765914,0.05571970368772224,0.1481809720946863
ERCOT,2.861054072553046,0.05571970368772224,0.1481809720946863
ERCOT,2.863791923340178,0.05571970368772224,0.1481809720946863
ERCOT,2.86652977412731,0.05571970368772224,0.14883404783235454
ERCOT,2.891170431211499,0.05571970368772224,0.14883404783235454
ERCOT,2.8966461327857633,0.05571970368772224,0.14949035661822907
ERCOT,2.9021218343600275,0.05637601247359677,0.14949035661822907
ERCOT,2.9130732375085557,0.05637601247359677,0.1501466654041036
ERCOT,2.91854893908282,0.05637601247359677,0.15080297418997812
ERCOT,2.921286789869952,0.05637601247359677,0.15080297418997812
ERCOT,2.9322381930184807,0.05703724768071639,0.15278667981133698
ERCOT,2.9349760438056127,0.05703724768071639,0.1534479150184566
ERCOT,2.937713894592745,0.05703724768071639,0.1534479150184566
ERCOT,2.954140999315537,0.057699592342881516,0.1541102596806217
ERCOT,2.9568788501026693,0.057699592342881516,0.1541102596806217
ERCOT,2.9596167008898013,0.05836698450882266,0.1541102596806217
ERCOT,2.965092402464066,0.05903437667476381,0.1541102596806217
ERCOT,2.9787816563997263,0.05970176884070495,0.1541102596806217
ERCOT,2.9924709103353866,0.05970176884070495,0.15477765184656284
ERCOT,3.0061601642710474,0.05970176884070495,0.15545076288282053
ERCOT,3.0088980150581794,0.06037487987696265,0.15545076288282053
ERCOT,3.0143737166324436,0.06037487987696265,0.15612387391907823
ERCOT,3.0171115674195756,0.06104799091322034,0.15612387391907823
ERCOT,3.02258726899384,0.06172110194947804,0.15612387391907823
ERCOT,3.0444900752908968,0.06172110194947804,0.15612387391907823
ERCOT,3.0663928815879533,0.06172110194947804,0.15680047861123345
ERCOT,3.0691307323750854,0.06172110194947804,0.15748418676472364
ERCOT,3.082819986310746,0.06240540932133237,0.15748418676472364
ERCOT,3.0882956878850103,0.0630897166931867,0.15748418676472364
ERCOT,3.0910335386721424,0.0630897166931867,0.1588552089222295
ERCOT,3.0937713894592744,0.0630897166931867,0.15954072000098246
ERCOT,3.0965092402464065,0.0630897166931867,0.1602262310797354
ERCOT,3.1047227926078027,0.0630897166931867,0.16091174215848836
ERCOT,3.1101984941820673,0.06377949317420743,0.16160151863950908
ERCOT,3.1156741957563314,0.06377949317420743,0.1622912951205298
ERCOT,3.1211498973305956,0.06446926965522816,0.1622912951205298
ERCOT,3.1266255989048597,0.06515966200810695,0.16436247217916616
ERCOT,3.1293634496919918,0.06654791041497674,0.16436247217916616
ERCOT,3.134839151266256,0.06654791041497674,0.16505659638260106
ERCOT,3.137577002053388,0.06654791041497674,0.16575072058603596
ERCOT,3.1485284052019167,0.06724203461841162,0.16575072058603596
ERCOT,3.1512662559890487,0.06724203461841162,0.1671554957596542
ERCOT,3.164955509924709,0.06794571335887295,0.1671554957596542
ERCOT,3.167693360711841,0.06794571335887295,0.16785917450011553
ERCOT,3.186858316221766,0.06794571335887295,0.16785917450011553
ERCOT,3.1950718685831623,0.06794571335887295,0.16785917450011553
ERCOT,3.2005475701574264,0.06794571335887295,0.16856741834825364
ERCOT,3.2032854209445585,0.06794571335887295,0.16856741834825364
ERCOT,3.2060232717316905,0.06794571335887295,0.16928095747749933
ERCOT,3.2197125256673513,0.06794571335887295,0.169994496606745
ERCOT,3.2251882272416155,0.06865925248811862,0.1707080357359907
ERCOT,3.2279260780287475,0.06865925248811862,0.17142157486523638
ERCOT,3.2361396303901437,0.06865925248811862,0.17213511399448206
ERCOT,3.238877481177276,0.06865925248811862,0.17213511399448206
ERCOT,3.247091033538672,0.0693768381530689,0.17213511399448206
ERCOT,3.2553045859000687,0.0693768381530689,0.17285269965943234
ERCOT,3.260780287474333,0.0693768381530689,0.17285269965943234
ERCOT,3.263518138261465,0.0693768381530689,0.17285269965943234
ERCOT,3.277207392197125,0.0693768381530689,0.17285269965943234
ERCOT,3.2908966461327855,0.07010616487317237,0.17285269965943234
ERCOT,3.293634496919918,0.07010616487317237,0.17285269965943234
ERCOT,3.29637234770705,0.07010616487317237,0.17432554233543895
ERCOT,3.299110198494182,0.07084910321416685,0.17432554233543895
ERCOT,3.3073237508555784,0.07159204155516133,0.17432554233543895
ERCOT,3.3127994524298425,0.07233497989615581,0.17432554233543895
ERCOT,3.323750855578371,0.07233497989615581,0.17506848067643344
ERCOT,3.3292265571526354,0.07233497989615581,0.17506848067643344
ERCOT,3.3319644079397674,0.07309059891164518,0.17506848067643344
ERCOT,3.345653661875428,0.07309059891164518,0.17582485987201887
ERCOT,3.353867214236824,0.07384697810723062,0.17582485987201887
ERCOT,3.359342915811088,0.07460335730281606,0.17582485987201887
ERCOT,3.3648186173853527,0.0753597364984015,0.17582485987201887
ERCOT,3.3675564681724848,0.0753597364984015,0.1765812390676043
ERCOT,3.370294318959617,0.0753597364984015,0.17733761826318975
ERCOT,3.373032169746749,0.0753597364984015,0.17885037665436063
ERCOT,3.375770020533881,0.0753597364984015,0.1811195142411169
ERCOT,3.378507871321013,0.0753597364984015,0.1811195142411169
ERCOT,3.3867214236824092,0.07688178511510668,0.1811195142411169
ERCOT,3.3921971252566734,0.07688178511510668,0.1818805385494695
ERCOT,3.3976728268309375,0.07688178511510668,0.1826415628578221
ERCOT,3.405886379192334,0.07840383373181187,0.1826415628578221
ERCOT,3.4140999315537304,0.07917197781020102,0.1826415628578221
ERCOT,3.4168377823408624,0.07994012188859018,0.1826415628578221
ERCOT,3.4195756331279945,0.08070826596697933,0.1826415628578221
ERCOT,3.4223134839151266,0.08070826596697933,0.18340970693621125
ERCOT,3.430527036276523,0.08070826596697933,0.1841778510146004
ERCOT,3.436002737850787,0.08070826596697933,0.18494599509298956
ERCOT,3.4469541409993156,0.08070826596697933,0.1864903604745669
ERCOT,3.455167693360712,0.08225263134855668,0.1872625431653556
ERCOT,3.457905544147844,0.08225263134855668,0.1872625431653556
ERCOT,3.460643394934976,0.08225263134855668,0.18804381035838885
ERCOT,3.468856947296372,0.08381516573462318,0.18804381035838885
ERCOT,3.477070499657769,0.08459643292765642,0.18804381035838885
ERCOT,3.479808350444901,0.08537770012068967,0.18804381035838885
ERCOT,3.482546201232033,0.08615896731372291,0.18804381035838885
ERCOT,3.485284052019165,0.08694023450675616,0.18804381035838885
ERCOT,3.490759753593429,0.08694023450675616,0.18960634474445534
ERCOT,3.512662559890486,0.08694023450675616,0.18960634474445534
ERCOT,3.515400410677618,0.087734365594296,0.18960634474445534
ERCOT,3.5208761122518824,0.08852849668183584,0.18960634474445534
ERCOT,3.5290896646132786,0.08932262776937568,0.18960634474445534
ERCOT,3.540041067761807,0.09091088994445534,0.18960634474445534
ERCOT,3.542778918548939,0.09091088994445534,0.19119460691953502
ERCOT,3.5455167693360714,0.09170678185480569,0.19119460691953502
ERCOT,3.5592060232717317,0.09170678185480569,0.19119460691953502
ERCOT,3.561943874058864,0.09251251063146373,0.19119460691953502
ERCOT,3.567419575633128,0.09251251063146373,0.19200306389746843
ERCOT,3.572895277207392,0.09251251063146373,0.19281152087540185
ERCOT,3.5811088295687883,0.09332096760939715,0.19442843483126868
ERCOT,3.583846680355921,0.09332096760939715,0.19442843483126868
ERCOT,3.592060232717317,0.09332096760939715,0.19524805577207344
ERCOT,3.62217659137577,0.09414058855020191,0.19524805577207344
ERCOT,3.6276522929500343,0.09414058855020191,0.19524805577207344
ERCOT,3.6303901437371664,0.09414058855020191,0.19689680601726536
ERCOT,3.6413415468856947,0.09414058855020191,0.19689680601726536
ERCOT,3.6440793976728267,0.09414058855020191,0.19689680601726536
ERCOT,3.646817248459959,0.09414058855020191,0.19689680601726536
ERCOT,3.652292950034223,0.09497662935849499,0.19689680601726536
ERCOT,3.6632443531827517,0.09497662935849499,0.19856888763385153
ERCOT,3.67419575633128,0.09581267016678807,0.19856888763385153
ERCOT,3.685147159479808,0.09664871097508115,0.19856888763385153
ERCOT,3.6906228610540723,0.09748475178337423,0.19856888763385153
ERCOT,3.696098562628337,0.09832079259166732,0.19856888763385153
ERCOT,3.698836413415469,0.0991568333999604,0.19856888763385153
ERCOT,3.701574264202601,0.0991568333999604,0.1994049284421446
ERCOT,3.704312114989733,0.0991568333999604,0.1994049284421446
ERCOT,3.707049965776865,0.0991568333999604,0.20024699115301844
ERCOT,3.7125256673511293,0.0991568333999604,0.2010900671764204
ERCOT,3.7316906228610542,0.0991568333999604,0.20193314319982233
ERCOT,3.7344284736481863,0.09999990942336234,0.20193314319982233
ERCOT,3.7399041752224504,0.10084298544676429,0.20193314319982233
ERCOT,3.756331279945243,0.10084298544676429,0.20193314319982233
ERCOT,3.7727583846680357,0.10084298544676429,0.20278238055835268
ERCOT,3.7754962354551678,0.10169222280529464,0.20278238055835268
ERCOT,3.7782340862423,0.10169222280529464,0.20363161791688303
ERCOT,3.780971937029432,0.10169222280529464,0.20363161791688303
ERCOT,3.789185489390828,0.10254249962203615,0.20363161791688303
ERCOT,3.79192334017796,0.10339277643877767,0.20363161791688303
ERCOT,3.7946611909650922,0.10509333007226071,0.20363161791688303
ERCOT,3.7973990417522243,0.10594360688900223,0.20533217155036607
ERCOT,3.800136892539357,0.10594360688900223,0.20533217155036607
ERCOT,3.802874743326489,0.10594360688900223,0.20533217155036607
ERCOT,3.805612594113621,0.10594360688900223,0.20533217155036607
ERCOT,3.811088295687885,0.10594360688900223,0.20619092993136437
ERCOT,3.8165639972621492,0.10680236527000052,0.20619092993136437
ERCOT,3.8193018480492813,0.10680236527000052,0.20619092993136437
ERCOT,3.8220396988364134,0.10680236527000052,0.20619092993136437
ERCOT,3.8247775496235454,0.10767420118979575,0.20619092993136437
ERCOT,3.838466803559206,0.10767420118979575,0.20619092993136437
ERCOT,3.8412046543463383,0.10767420118979575,0.20619092993136437
ERCOT,3.8466803559206024,0.10767420118979575,0.2070728513566585
ERCOT,3.8494182067077345,0.10767420118979575,0.20795477278195265
ERCOT,3.8576317590691307,0.10767420118979575,0.20795477278195265
ERCOT,3.8603696098562628,0.10767420118979575,0.20795477278195265
ERCOT,3.868583162217659,0.10767420118979575,0.20884472210058497
ERCOT,3.871321013004791,0.10856415050842806,0.20884472210058497
ERCOT,3.8822724161533197,0.10945409982706038,0.20884472210058497
ERCOT,3.890485968514716,0.10945409982706038,0.21151457005648192
ERCOT,3.893223819301848,0.1103440491456927,0.21151457005648192
ERCOT,3.89596167008898,0.1103440491456927,0.21151457005648192
ERCOT,3.898699520876112,0.1103440491456927,0.21151457005648192
ERCOT,3.9014373716632442,0.11123987659720898,0.21151457005648192
ERCOT,3.9041752224503763,0.11213570404872526,0.21151457005648192
ERCOT,3.9069130732375084,0.11213570404872526,0.2124103975079982
ERCOT,3.923340177960301,0.11213570404872526,0.2124103975079982
ERCOT,3.9315537303216974,0.11393931926486218,0.2124103975079982
ERCOT,3.9342915811088295,0.11484112687293065,0.21331220511606666
ERCOT,3.9425051334702257,0.11574293448099911,0.21331220511606666
ERCOT,3.9452429842573578,0.11574293448099911,0.21331220511606666
ERCOT,3.9479808350444903,0.11664595582743643,0.21331220511606666
ERCOT,3.9534565366187544,0.11754897717387376,0.21331220511606666
ERCOT,3.9561943874058865,0.11845199852031109,0.21331220511606666
ERCOT,3.9644079397672827,0.11845199852031109,0.21331220511606666
ERCOT,3.9671457905544147,0.11935746707906938,0.21421767367482494
ERCOT,3.980835044490075,0.11935746707906938,0.21421767367482494
ERCOT,3.9835728952772076,0.11935746707906938,0.21421767367482494
ERCOT,3.991786447638604,0.11935746707906938,0.21512684810763
ERCOT,4.005475701574264,0.11935746707906938,0.21512684810763
ERCOT,4.0191649555099245,0.11935746707906938,0.21512684810763
ERCOT,4.024640657084189,0.11935746707906938,0.21604101800435158
ERCOT,4.027378507871321,0.11935746707906938,0.21695518790107315
ERCOT,4.030116358658453,0.12118580687251251,0.21786935779779473
ERCOT,4.032854209445585,0.122110205243603,0.21786935779779473
ERCOT,4.035592060232717,0.122110205243603,0.21786935779779473
ERCOT,4.043805612594114,0.122110205243603,0.21786935779779473
ERCOT,4.046543463381246,0.12303720023933137,0.21786935779779473
ERCOT,4.049281314168378,0.12303720023933137,0.2187963527935231
ERCOT,4.054757015742642,0.12396944733135283,0.2187963527935231
ERCOT,4.060232717316906,0.12490169442337429,0.2187963527935231
ERCOT,4.0629705681040384,0.12583394151539573,0.2187963527935231
ERCOT,4.071184120465435,0.12583394151539573,0.2187963527935231
ERCOT,4.076659822039699,0.12583394151539573,0.2187963527935231
ERCOT,4.082135523613963,0.12677556465575648,0.21973797593388386
ERCOT,4.095824777549623,0.12771718779611724,0.21973797593388386
ERCOT,4.098562628336755,0.128658810936478,0.21973797593388386
ERCOT,4.101300479123887,0.128658810936478,0.21973797593388386
ERCOT,4.1040383299110195,0.128658810936478,0.21973797593388386
ERCOT,4.114989733059549,0.12960316341927458,0.21973797593388386
ERCOT,4.123203285420945,0.12960316341927458,0.21973797593388386
ERCOT,4.125941136208077,0.12960316341927458,0.21973797593388386
ERCOT,4.134154688569473,0.12960316341927458,0.21973797593388386
ERCOT,4.139630390143737,0.1305558118243212,0.22069062433893047
ERCOT,4.145106091718001,0.13151126626296147,0.22069062433893047
ERCOT,4.15605749486653,0.13151126626296147,0.22069062433893047
ERCOT,4.158795345653662,0.13151126626296147,0.22069062433893047
ERCOT,4.161533196440794,0.13247239105435332,0.22069062433893047
ERCOT,4.172484599589322,0.13247239105435332,0.22069062433893047
ERCOT,4.175222450376454,0.13343638059922175,0.22069062433893047
ERCOT,4.177960301163586,0.13343638059922175,0.22069062433893047
ERCOT,4.180698151950718,0.13343638059922175,0.22069062433893047
ERCOT,4.183436002737851,0.1344032563403323,0.22069062433893047
ERCOT,4.186173853524983,0.13537013208144283,0.221657500080041
ERCOT,4.191649555099247,0.13537013208144283,0.221657500080041
ERCOT,4.1943874058863795,0.1363384639607177,0.221657500080041
ERCOT,4.199863107460644,0.13730679583999256,0.221657500080041
ERCOT,4.202600958247776,0.13730679583999256,0.221657500080041
ERCOT,4.210814510609172,0.13730679583999256,0.221657500080041
ERCOT,4.219028062970568,0.13828398441328518,0.221657500080041
ERCOT,4.2217659137577,0.1392611729865778,0.221657500080041
ERCOT,4.229979466119096,0.14121555013316306,0.221657500080041
ERCOT,4.232717316906228,0.14121555013316306,0.221657500080041
ERCOT,4.2354551676933605,0.14121555013316306,0.2226376953874053
ERCOT,4.238193018480493,0.14121555013316306,0.2226376953874053
ERCOT,4.240930869267625,0.14220335565254105,0.2226376953874053
ERCOT,4.243668720054757,0.14220335565254105,0.22362703954466395
ERCOT,4.249144421629021,0.14220335565254105,0.22362703954466395
ERCOT,4.254620123203286,0.14220335565254105,0.22362703954466395
ERCOT,4.257357973990418,0.14220335565254105,0.22362703954466395
ERCOT,4.26009582477755,0.14220335565254105,0.22362703954466395
ERCOT,4.265571526351814,0.14320047767267124,0.22362703954466395
ERCOT,4.27378507871321,0.14320047767267124,0.22362703954466395
ERCOT,4.276522929500342,0.14419917244046723,0.22362703954466395
ERCOT,4.287474332648871,0.1452058185997266,0.22362703954466395
ERCOT,4.290212183436003,0.1452058185997266,0.22362703954466395
ERCOT,4.292950034223135,0.1452058185997266,0.22362703954466395
ERCOT,4.295687885010267,0.1452058185997266,0.22362703954466395
ERCOT,4.298425735797399,0.1452058185997266,0.22362703954466395
ERCOT,4.301163586584531,0.14622219080883386,0.22362703954466395
ERCOT,4.309377138945927,0.14622219080883386,0.22362703954466395
ERCOT,4.312114989733059,0.1472402049762757,0.22362703954466395
ERCOT,4.317590691307323,0.1472402049762757,0.22362703954466395
ERCOT,4.3203285420944555,0.14826152438452095,0.22362703954466395
ERCOT,4.328542094455853,0.14826152438452095,0.22362703954466395
ERCOT,4.331279945242985,0.14826152438452095,0.22362703954466395
ERCOT,4.334017796030117,0.14826152438452095,0.22362703954466395
ERCOT,4.336755646817249,0.14826152438452095,0.22362703954466395
ERCOT,4.339493497604381,0.14929121526332556,0.22362703954466395
ERCOT,4.342231348391513,0.14929121526332556,0.22465673042346856
ERCOT,4.344969199178645,0.15032090614213017,0.22465673042346856
ERCOT,4.350444900752909,0.15032090614213017,0.22465673042346856
ERCOT,4.353182751540041,0.15032090614213017,0.22465673042346856
ERCOT,4.355920602327173,0.15136087679676313,0.22465673042346856
ERCOT,4.3668720054757015,0.15136087679676313,0.22465673042346856
ERCOT,4.369609856262834,0.15136087679676313,0.22465673042346856
ERCOT,4.372347707049966,0.15241135220548327,0.22465673042346856
ERCOT,4.375085557837098,0.15241135220548327,0.2267612301443167
ERCOT,4.37782340862423,0.15451942493095083,0.2267612301443167
ERCOT,4.380561259411362,0.15557525999054936,0.2267612301443167
ERCOT,4.386036960985626,0.15557525999054936,0.2267612301443167
ERCOT,4.39151266255989,0.15769781500726804,0.2267612301443167
ERCOT,4.394250513347022,0.15769781500726804,0.2267612301443167
ERCOT,4.396988364134154,0.1587609254646919,0.2267612301443167
ERCOT,4.405201916495551,0.15982403592211575,0.2267612301443167
ERCOT,4.4106776180698155,0.15982403592211575,0.2267612301443167
ERCOT,4.413415468856948,0.15982403592211575,0.22782618627961804
ERCOT,4.418891170431212,0.15982403592211575,0.22889299773919689
ERCOT,4.421629021218344,0.15982403592211575,0.2310266206583546
ERCOT,4.427104722792608,0.1608908473816946,0.2310266206583546
ERCOT,4.42984257357974,0.1608908473816946,0.2310266206583546
ERCOT,4.432580424366872,0.16196141521965227,0.2310266206583546
ERCOT,4.462696783025325,0.16303198305760994,0.2310266206583546
ERCOT,4.465434633812457,0.16303198305760994,0.2310266206583546
ERCOT,4.468172484599589,0.16303198305760994,0.2310266206583546
ERCOT,4.470910335386721,0.16411209249840145,0.2310266206583546
ERCOT,4.48186173853525,0.16519220193919296,0.2310266206583546
ERCOT,4.498288843258043,0.16519220193919296,0.2310266206583546
ERCOT,4.501026694045175,0.16519220193919296,0.2310266206583546
ERCOT,4.503764544832307,0.16519220193919296,0.2310266206583546
ERCOT,4.520191649555099,0.16519220193919296,0.2310266206583546
ERCOT,4.528405201916495,0.16628403046975798,0.2310266206583546
ERCOT,4.5338809034907595,0.16737784054030588,0.2310266206583546
ERCOT,4.539356605065024,0.16737784054030588,0.2310266206583546
ERCOT,4.542094455852156,0.16847764956919317,0.2321264296872419
ERCOT,4.547570157426421,0.16957948030585412,0.2321264296872419
ERCOT,4.555783709787817,0.16957948030585412,0.23322826042390285
ERCOT,4.558521560574949,0.17178314177917606,0.23322826042390285
ERCOT,4.566735112936345,0.17288701672870652,0.2343321353734333
ERCOT,4.577686516084873,0.17288701672870652,0.2343321353734333
ERCOT,4.5804243668720055,0.17399917591800831,0.2343321353734333
ERCOT,4.583162217659138,0.1751134295690602,0.2354463890244852
ERCOT,4.58590006844627,0.1751134295690602,0.2365606426755371
ERCOT,4.594113620807666,0.1751134295690602,0.2365606426755371
ERCOT,4.605065023956194,0.1751134295690602,0.2365606426755371
ERCOT,4.616016427104722,0.17624049073334258,0.2365606426755371
ERCOT,4.621492128678987,0.17736755189762496,0.2365606426755371
ERCOT,4.635181382614648,0.17849461306190734,0.2365606426755371
ERCOT,4.640657084188912,0.1807487353904721,0.2365606426755371
ERCOT,4.643394934976044,0.1807487353904721,0.23768988806688202
ERCOT,4.65160848733744,0.18301162012410108,0.23768988806688202
ERCOT,4.657084188911704,0.18301162012410108,0.23768988806688202
ERCOT,4.659822039698836,0.18301162012410108,0.23768988806688202
ERCOT,4.670773442847365,0.18301162012410108,0.23768988806688202
ERCOT,4.673511293634497,0.18301162012410108,0.23883474674634647
ERCOT,4.676249144421629,0.18301162012410108,0.23998187697080986
ERCOT,4.678986995208761,0.18531045081296596,0.23998187697080986
ERCOT,4.681724845995893,0.18531045081296596,0.23998187697080986
ERCOT,4.692676249144422,0.18646448228327966,0.23998187697080986
ERCOT,4.695414099931554,0.18762317650700877,0.23998187697080986
ERCOT,4.698151950718686,0.18994526553955313,0.23998187697080986
ERCOT,4.7091033538672145,0.19110867953442995,0.23998187697080986
ERCOT,4.7118412046543465,0.19227209352930677,0.23998187697080986
ERCOT,4.717316906228611,0.19227209352930677,0.23998187697080986
ERCOT,4.720054757015743,0.19227209352930677,0.24115007867759974
ERCOT,4.736481861738535,0.19227209352930677,0.24115007867759974
ERCOT,4.739219712525667,0.19344270887598672,0.24115007867759974
ERCOT,4.741957563312799,0.19461332422266667,0.2423206940242797
ERCOT,4.7501711156741955,0.19461332422266667,0.2423206940242797
ERCOT,4.7529089664613275,0.19461332422266667,0.2423206940242797
ERCOT,4.75564681724846,0.19461332422266667,0.2446766186341251
ERCOT,4.761122518822724,0.19461332422266667,0.24585706085968975
ERCOT,4.766598220396989,0.19461332422266667,0.24585706085968975
ERCOT,4.772073921971253,0.19579626209775683,0.24585706085968975
ERCOT,4.783025325119781,0.19579626209775683,0.24703999873477991
ERCOT,4.785763175906913,0.19579626209775683,0.24703999873477991
ERCOT,4.788501026694045,0.19579626209775683,0.24703999873477991
ERCOT,4.791238877481177,0.19579626209775683,0.24703999873477991
ERCOT,4.7939767282683095,0.19579626209775683,0.24703999873477991
ERCOT,4.799452429842574,0.19579626209775683,0.2482512242547092
ERCOT,4.810403832991102,0.1970074876176861,0.2482512242547092
ERCOT,4.815879534565366,0.1970074876176861,0.2482512242547092
ERCOT,4.8350444900752905,0.1970074876176861,0.2482512242547092
ERCOT,4.837782340862423,0.1970074876176861,0.2482512242547092
ERCOT,4.865160848733744,0.19824024603574744,0.2482512242547092
ERCOT,4.876112251882272,0.19947300445380878,0.2482512242547092
ERCOT,4.878850102669404,0.19947300445380878,0.24948398267277053
ERCOT,4.887063655030801,0.19947300445380878,0.24948398267277053
ERCOT,4.889801505817933,0.19947300445380878,0.24948398267277053
ERCOT,4.892539356605065,0.19947300445380878,0.24948398267277053
ERCOT,4.903490759753593,0.19947300445380878,0.24948398267277053
ERCOT,4.908966461327857,0.19947300445380878,0.24948398267277053
ERCOT,4.914442162902122,0.20074562111171507,0.24948398267277053
ERCOT,4.9281314168377826,0.20074562111171507,0.24948398267277053
ERCOT,4.930869267624915,0.20074562111171507,0.24948398267277053
ERCOT,4.933607118412047,0.2020577222960003,0.24948398267277053
ERCOT,4.941820670773443,0.2020577222960003,0.24948398267277053
ERCOT,4.952772073921971,0.2020577222960003,0.2508055689258578
ERCOT,4.980150581793292,0.2033793085490876,0.2508055689258578
ERCOT,4.982888432580425,0.20470089480217488,0.2508055689258578
ERCOT,4.999315537303217,0.20734406730834948,0.2508055689258578
ERCOT,5.002053388090349,0.20866565356143676,0.25212715517894513
ERCOT,5.004791238877481,0.20998723981452405,0.25212715517894513
ERCOT,5.023956194387406,0.20998723981452405,0.25212715517894513
ERCOT,5.026694045174538,0.20998723981452405,0.25212715517894513
ERCOT,5.04312114989733,0.2113286004255129,0.25212715517894513
ERCOT,5.0513347022587265,0.21266996103650176,0.25212715517894513
ERCOT,5.075975359342916,0.21266996103650176,0.25212715517894513
ERCOT,5.078713210130048,0.21266996103650176,0.25212715517894513
ERCOT,5.0978781656399725,0.21405649700485552,0.25212715517894513
ERCOT,5.111567419575633,0.21544303297320927,0.25212715517894513
ERCOT,5.117043121149897,0.21544303297320927,0.25212715517894513
ERCOT,5.119780971937029,0.21544303297320927,0.25212715517894513
ERCOT,5.136208076659822,0.21683682829218268,0.25352095049791856
ERCOT,5.152635181382615,0.21683682829218268,0.254914745816892
ERCOT,5.158110882956879,0.2182380177507793,0.254914745816892
ERCOT,5.163586584531143,0.2182380177507793,0.2563159352754886
ERCOT,5.169062286105407,0.21963920720937594,0.2563159352754886
ERCOT,5.188227241615332,0.21963920720937594,0.2563159352754886
ERCOT,5.196440793976728,0.22107102375996374,0.2563159352754886
ERCOT,5.215605749486653,0.22250284031055154,0.2563159352754886
ERCOT,5.218343600273785,0.22250284031055154,0.2563159352754886
ERCOT,5.232032854209446,0.22250284031055154,0.2563159352754886
ERCOT,5.234770704996578,0.22250284031055154,0.2563159352754886
ERCOT,5.242984257357974,0.22396683251396154,0.2563159352754886
ERCOT,5.2648870636550305,0.22396683251396154,0.2563159352754886
ERCOT,5.27583846680356,0.225455993637774,0.2563159352754886
ERCOT,5.30321697467488,0.225455993637774,0.2563159352754886
ERCOT,5.322381930184805,0.22696247058860752,0.2563159352754886
ERCOT,5.327857631759069,0.22696247058860752,0.2563159352754886
ERCOT,5.330595482546201,0.22696247058860752,0.25783124786826256
ERCOT,5.347022587268994,0.22847778318138143,0.25783124786826256
ERCOT,5.360711841204655,0.22847778318138143,0.25783124786826256
ERCOT,5.363449691991787,0.22847778318138143,0.25783124786826256
ERCOT,5.4072553045859,0.22847778318138143,0.25783124786826256
ERCOT,5.409993155373032,0.22847778318138143,0.25783124786826256
ERCOT,5.423682409308693,0.2300632491349319,0.25783124786826256
ERCOT,5.426420260095825,0.2300632491349319,0.259416713821813
ERCOT,5.437371663244353,0.23164871508848237,0.259416713821813
ERCOT,5.4401095140314855,0.23325926752863965,0.259416713821813
ERCOT,5.4428473648186175,0.23325926752863965,0.2610272662619703
ERCOT,5.451060917180014,0.23486981996879694,0.2610272662619703
ERCOT,5.453798767967146,0.23486981996879694,0.2642483711422849
ERCOT,5.475701574264202,0.23486981996879694,0.2642483711422849
ERCOT,5.489390828199863,0.23486981996879694,0.2658641189128943
ERCOT,5.500342231348392,0.23648556773940635,0.2658641189128943
ERCOT,5.514031485284052,0.23810131551001576,0.2658641189128943
ERCOT,5.516769336071184,0.23810131551001576,0.26911680458880965
ERCOT,5.533196440793977,0.23973304358915873,0.26911680458880965
ERCOT,5.560574948665297,0.23973304358915873,0.26911680458880965
ERCOT,5.563312799452429,0.24137568623739294,0.26911680458880965
ERCOT,5.577002053388091,0.24137568623739294,0.26911680458880965
ERCOT,5.579739904175223,0.24303503372611768,0.2707761520775344
ERCOT,5.598904859685147,0.2446943812148424,0.2707761520775344
ERCOT,5.61533196440794,0.2446943812148424,0.2707761520775344
ERCOT,5.66735112936345,0.2446943812148424,0.2707761520775344
ERCOT,5.670088980150582,0.2446943812148424,0.2707761520775344
ERCOT,5.68104038329911,0.24640047088634812,0.2707761520775344
ERCOT,5.691991786447638,0.24640047088634812,0.2707761520775344
ERCOT,5.735797399041752,0.24640047088634812,0.2724882917124143
ERCOT,5.765913757700205,0.24640047088634812,0.2724882917124143
ERCOT,5.779603011635865,0.24813108684822308,0.2724882917124143
ERCOT,5.796030116358659,0.24986170281009804,0.2724882917124143
ERCOT,5.798767967145791,0.25159231877197297,0.2724882917124143
ERCOT,5.801505817932923,0.2533229347338479,0.2724882917124143
ERCOT,5.812457221081451,0.2533229347338479,0.27421890767428925
ERCOT,5.820670773442847,0.2533229347338479,0.27421890767428925
ERCOT,5.831622176591376,0.25505991325440625,0.27421890767428925
ERCOT,5.842573579739904,0.25505991325440625,0.27595588619484757
ERCOT,5.845311430527036,0.25679689177496456,0.27595588619484757
ERCOT,5.848049281314168,0.25679689177496456,0.2776928647154059
ERCOT,5.861738535249829,0.25679689177496456,0.2811668217565225
ERCOT,5.8699520876112254,0.2585338702955229,0.2811668217565225
ERCOT,5.897330595482546,0.2585338702955229,0.2811668217565225
ERCOT,5.905544147843942,0.2585338702955229,0.2829103797411739
ERCOT,5.9110198494182065,0.2585338702955229,0.28641080531341284
ERCOT,5.919233401779603,0.2585338702955229,0.28641080531341284
ERCOT,5.921971252566735,0.2585338702955229,0.28641080531341284
ERCOT,5.924709103353867,0.2585338702955229,0.28641080531341284
ERCOT,5.927446954141,0.26207515686665955,0.28641080531341284
ERCOT,5.94113620807666,0.26207515686665955,0.28641080531341284
ERCOT,5.965776865160849,0.26207515686665955,0.28641080531341284
ERCOT,5.976728268309377,0.26207515686665955,0.28641080531341284
ERCOT,5.979466119096509,0.26389577798690117,0.28641080531341284
ERCOT,5.9958932238193015,0.26389577798690117,0.28641080531341284
ERCOT,5.9986310746064335,0.26389577798690117,0.2882538111195591
ERCOT,6.031485284052019,0.26389577798690117,0.2882538111195591
ERCOT,6.034223134839151,0.26389577798690117,0.2882538111195591
ERCOT,6.036960985626283,0.26389577798690117,0.2882538111195591
ERCOT,6.039698836413415,0.26389577798690117,0.2882538111195591
ERCOT,6.0424366872005475,0.26389577798690117,0.2882538111195591
ERCOT,6.056125941136208,0.26389577798690117,0.2882538111195591
ERCOT,6.05886379192334,0.26389577798690117,0.2882538111195591
ERCOT,6.064339493497604,0.2658261676890285,0.2882538111195591
ERCOT,6.078028747433265,0.2658261676890285,0.2882538111195591
ERCOT,6.080766598220397,0.2658261676890285,0.2882538111195591
ERCOT,6.09719370294319,0.2658261676890285,0.2882538111195591
ERCOT,6.116358658453114,0.26779057306872633,0.2882538111195591
ERCOT,6.132785763175907,0.26975497844842417,0.2882538111195591
ERCOT,6.135523613963039,0.271719383828122,0.2882538111195591
ERCOT,6.138261464750171,0.271719383828122,0.2882538111195591
ERCOT,6.140999315537303,0.2736925982005539,0.2882538111195591
ERCOT,6.165639972621492,0.2736925982005539,0.29022702549199103
ERCOT,6.168377823408624,0.2736925982005539,0.29022702549199103
ERCOT,6.1711156741957565,0.2736925982005539,0.29022702549199103
ERCOT,6.217659137577002,0.2736925982005539,0.29224591612304407
ERCOT,6.247775496235455,0.2736925982005539,0.29628369738515015
ERCOT,6.261464750171116,0.2736925982005539,0.29628369738515015
ERCOT,6.272416153319644,0.2736925982005539,0.29628369738515015
ERCOT,6.294318959616701,0.27573062523569275,0.29628369738515015
ERCOT,6.310746064339494,0.27573062523569275,0.29628369738515015
ERCOT,6.33264887063655,0.2777784035963586,0.29628369738515015
ERCOT,6.3436002737850785,0.2777784035963586,0.29628369738515015
ERCOT,6.346338124572211,0.2777784035963586,0.29834136839490133
ERCOT,6.349075975359343,0.2777784035963586,0.29834136839490133
ERCOT,6.351813826146475,0.27985624785130336,0.29834136839490133
ERCOT,6.376454483230664,0.27985624785130336,0.29834136839490133
ERCOT,6.406570841889117,0.27985624785130336,0.29834136839490133
ERCOT,6.417522245037645,0.27985624785130336,0.29834136839490133
ERCOT,6.425735797399041,0.27985624785130336,0.29834136839490133
ERCOT,6.436687200547571,0.27985624785130336,0.29834136839490133
ERCOT,6.521560574948666,0.27985624785130336,0.29834136839490133
ERCOT,6.529774127310062,0.27985624785130336,0.29834136839490133
ERCOT,6.54072553045859,0.27985624785130336,0.29834136839490133
ERCOT,6.5571526351813825,0.2820417524303386,0.29834136839490133
ERCOT,6.587268993839836,0.2820417524303386,0.29834136839490133
ERCOT,6.590006844626968,0.2820417524303386,0.29834136839490133
ERCOT,6.5927446954141,0.2820417524303386,0.29834136839490133
ERCOT,6.611909650924025,0.28426194755824735,0.29834136839490133
ERCOT,6.617385352498289,0.28426194755824735,0.3005615635228101
ERCOT,6.633812457221081,0.28426194755824735,0.3005615635228101
ERCOT,6.6447638603696095,0.28426194755824735,0.3005615635228101
ERCOT,6.652977412731006,0.28426194755824735,0.3005615635228101
ERCOT,6.655715263518139,0.28426194755824735,0.3005615635228101
ERCOT,6.672142368240931,0.286530671541411,0.3005615635228101
ERCOT,6.685831622176591,0.286530671541411,0.3005615635228101
ERCOT,6.6885694729637235,0.286530671541411,0.3005615635228101
ERCOT,6.691307323750856,0.286530671541411,0.3005615635228101
ERCOT,6.71047227926078,0.286530671541411,0.3005615635228101
ERCOT,6.7323750855578375,0.288850378085994,0.3005615635228101
ERCOT,6.76249144421629,0.288850378085994,0.3005615635228101
ERCOT,6.767967145790554,0.288850378085994,0.3005615635228101
ERCOT,6.770704996577686,0.2912375179603614,0.3005615635228101
ERCOT,6.7734428473648185,0.2912375179603614,0.3005615635228101
ERCOT,6.784394250513347,0.29365290801075683,0.3005615635228101
ERCOT,6.798083504449007,0.2984836881115477,0.3005615635228101
ERCOT,6.822724161533197,0.2984836881115477,0.3005615635228101
ERCOT,6.839151266255989,0.2984836881115477,0.3005615635228101
ERCOT,6.844626967830253,0.2984836881115477,0.30300640954942987
ERCOT,6.869267624914442,0.2984836881115477,0.30546634721818927
ERCOT,6.896646132785763,0.3009436257803071,0.30546634721818927
ERCOT,6.9021218343600275,0.3009436257803071,0.30546634721818927
ERCOT,6.913073237508556,0.3034190347551593,0.30546634721818927
ERCOT,6.91854893908282,0.3034190347551593,0.30546634721818927
ERCOT,6.93223819301848,0.3034190347551593,0.30546634721818927
ERCOT,6.9431895961670085,0.3034190347551593,0.30546634721818927
ERCOT,6.954140999315538,0.3034190347551593,0.30546634721818927
ERCOT,6.959616700889802,0.3034190347551593,0.30546634721818927
ERCOT,6.962354551676934,0.3034190347551593,0.30546634721818927
ERCOT,6.97056810403833,0.3034190347551593,0.30546634721818927
ERCOT,6.9869952087611225,0.3087767692486751,0.30546634721818927
ERCOT,6.9897330595482545,0.31145563649543295,0.30546634721818927
ERCOT,6.992470910335387,0.31145563649543295,0.30546634721818927
ERCOT,7.008898015058179,0.31145563649543295,0.30546634721818927
ERCOT,7.055441478439425,0.31145563649543295,0.30546634721818927
ERCOT,7.069130732375085,0.31145563649543295,0.30546634721818927
ERCOT,7.0718685831622174,0.31145563649543295,0.30546634721818927
ERCOT,7.085557837097878,0.31145563649543295,0.30546634721818927
ERCOT,7.112936344969199,0.31145563649543295,0.30546634721818927
ERCOT,7.148528405201916,0.31145563649543295,0.30546634721818927
ERCOT,7.1649555099247095,0.31145563649543295,0.3083906068844975
ERCOT,7.189596167008898,0.31145563649543295,0.3083906068844975
ERCOT,7.225188227241615,0.31145563649543295,0.3083906068844975
ERCOT,7.241615331964408,0.31145563649543295,0.3083906068844975
ERCOT,7.260780287474333,0.31145563649543295,0.3083906068844975
ERCOT,7.285420944558521,0.31145563649543295,0.3083906068844975
ERCOT,7.299110198494182,0.31145563649543295,0.3083906068844975
ERCOT,7.301848049281314,0.31145563649543295,0.3083906068844975
ERCOT,7.304585900068446,0.31145563649543295,0.3083906068844975
ERCOT,7.36208076659822,0.3146772785006878,0.3083906068844975
ERCOT,7.364818617385352,0.31792669328184997,0.3083906068844975
ERCOT,7.433264887063655,0.31792669328184997,0.3083906068844975
ERCOT,7.436002737850787,0.32120461170144343,0.3083906068844975
ERCOT,7.474332648870637,0.32120461170144343,0.3083906068844975
ERCOT,7.477070499657769,0.32120461170144343,0.3083906068844975
ERCOT,7.496235455167693,0.32120461170144343,0.3083906068844975
ERCOT,7.534565366187543,0.32120461170144343,0.3083906068844975
ERCOT,7.5482546201232035,0.32120461170144343,0.3083906068844975
ERCOT,7.567419575633128,0.32120461170144343,0.3083906068844975
ERCOT,7.572895277207392,0.32120461170144343,0.3083906068844975
ERCOT,7.600273785078714,0.3247322762863392,0.3083906068844975
ERCOT,7.611225188227242,0.3247322762863392,0.3083906068844975
ERCOT,7.630390143737166,0.3247322762863392,0.3083906068844975
ERCOT,7.646817248459959,0.3247322762863392,0.3083906068844975
ERCOT,7.649555099247091,0.3247322762863392,0.3083906068844975
ERCOT,7.660506502395619,0.3247322762863392,0.3083906068844975
ERCOT,7.685147159479809,0.3247322762863392,0.3083906068844975
ERCOT,7.704312114989733,0.3284759203356164,0.3083906068844975
ERCOT,7.7207392197125255,0.3284759203356164,0.3083906068844975
ERCOT,7.8904859685147155,0.3284759203356164,0.3083906068844975
ERCOT,7.8932238193018485,0.3284759203356164,0.3083906068844975
ERCOT,7.972621492128679,0.3323390423864662,0.3083906068844975
ERCOT,7.991786447638604,0.3323390423864662,0.3083906068844975
ERCOT,7.994524298425736,0.3323390423864662,0.3083906068844975
ERCOT,8.073921971252567,0.3363309351723444,0.3083906068844975
ERCOT,8.098562628336756,0.3403228279582226,0.3083906068844975
ERCOT,8.134154688569472,0.3403228279582226,0.3083906068844975
ERCOT,8.145106091718,0.3403228279582226,0.3083906068844975
ERCOT,8.202600958247775,0.3403228279582226,0.3083906068844975
ERCOT,8.238193018480493,0.3403228279582226,0.3083906068844975
ERCOT,8.27378507871321,0.3403228279582226,0.3083906068844975
ERCOT,8.284736481861739,0.3446596991330038,0.3083906068844975
ERCOT,8.301163586584531,0.3446596991330038,0.3083906068844975
ERCOT,8.317590691307323,0.3446596991330038,0.3083906068844975
ERCOT,8.394250513347023,0.3446596991330038,0.3083906068844975
ERCOT,8.432580424366872,0.3446596991330038,0.3083906068844975
ERCOT,8.454483230663929,0.3493482085111457,0.3083906068844975
ERCOT,8.473648186173854,0.3493482085111457,0.3083906068844975
ERCOT,8.476386036960985,0.3493482085111457,0.3083906068844975
ERCOT,8.506502395619439,0.3493482085111457,0.3083906068844975
ERCOT,8.522929500342231,0.3493482085111457,0.3083906068844975
ERCOT,8.528405201916495,0.3493482085111457,0.3083906068844975
ERCOT,8.53388090349076,0.3493482085111457,0.3083906068844975
ERCOT,8.536618754277892,0.3493482085111457,0.3083906068844975
ERCOT,8.588637919233403,0.3493482085111457,0.3083906068844975
ERCOT,8.722792607802875,0.3493482085111457,0.3083906068844975
ERCOT,8.796714579055442,0.3493482085111457,0.3083906068844975
ERCOT,8.813141683778234,0.3493482085111457,0.3083906068844975
ERCOT,8.821355236139631,0.3493482085111457,0.3083906068844975
ERCOT,8.85968514715948,0.3555711391403158,0.3083906068844975
ERCOT,8.919917864476385,0.3555711391403158,0.3083906068844975
ERCOT,8.930869267624914,0.3555711391403158,0.3083906068844975
ERCOT,9.026694045174539,0.3555711391403158,0.3083906068844975
ERCOT,9.034907597535934,0.3621601245123783,0.3083906068844975
ERCOT,9.14715947980835,0.3621601245123783,0.3083906068844975
ERCOT,9.155373032169747,0.3621601245123783,0.3083906068844975
ERCOT,9.22655715263518,0.3621601245123783,0.3083906068844975
ERCOT,9.242984257357975,0.3621601245123783,0.3083906068844975
ERCOT,9.264887063655031,0.369647607889722,0.3083906068844975
ERCOT,9.322381930184806,0.37713509126706574,0.3083906068844975
ERCOT,9.374401095140314,0.38462257464440947,0.3083906068844975
ERCOT,9.598904859685147,0.38462257464440947,0.3083906068844975
ERCOT,9.604380561259411,0.38462257464440947,0.3083906068844975
ERCOT,9.623545516769337,0.38462257464440947,0.3162620637683716
ERCOT,9.645448323066393,0.38462257464440947,0.3162620637683716
ERCOT,9.749486652977414,0.38462257464440947,0.3162620637683716
ERCOT,9.77138945927447,0.3931687278326157,0.3162620637683716
ERCOT,9.776865160848734,0.3931687278326157,0.32480821695657786
ERCOT,9.900068446269678,0.3931687278326157,0.3333543701447841
ERCOT,10.102669404517453,0.3931687278326157,0.3333543701447841
ERCOT,10.198494182067078,0.40199056338173184,0.3333543701447841
ERCOT,10.360027378507871,0.40199056338173184,0.3421762056939002
ERCOT,10.453114305270363,0.40199056338173184,0.3421762056939002
ERCOT,10.622861054072553,0.40199056338173184,0.3421762056939002
ERCOT,10.642026009582478,0.40199056338173184,0.3421762056939002
ERCOT,10.661190965092402,0.40199056338173184,0.3421762056939002
ERCOT,10.694045174537989,0.40199056338173184,0.3421762056939002
ERCOT,10.737850787132102,0.40199056338173184,0.3421762056939002
ERCOT,10.757015742642025,0.40199056338173184,0.3421762056939002
ERCOT,10.767967145790555,0.40199056338173184,0.3421762056939002
ERCOT,10.872005475701574,0.40199056338173184,0.3421762056939002
ERCOT,10.962354551676933,0.40199056338173184,0.3421762056939002
ERCOT,11.003422313483915,0.40199056338173184,0.3421762056939002
ERCOT,11.534565366187543,0.40199056338173184,0.3421762056939002
ERCOT,11.709787816563997,0.419046112110023,0.3421762056939002
ERCOT,11.794661190965092,0.419046112110023,0.3421762056939002
ERCOT,11.887748117727584,0.419046112110023,0.3421762056939002
ERCOT,11.890485968514716,0.419046112110023,0.3421762056939002
ERCOT,12.093086926762492,0.419046112110023,0.3421762056939002
ERCOT,12.128678986995208,0.44292388032963065,0.3421762056939002
ERCOT,12.251882272416154,0.44292388032963065,0.3421762056939002
ERCOT,12.265571526351813,0.44292388032963065,0.3779928580233117
ERCOT,12.553045859000685,0.44292388032963065,0.3779928580233117
ERCOT,15.025325119780971,0.44292388032963065,0.422763673435076
ERCOT,15.548254620123203,0.44292388032963065,0.422763673435076
ERCOT,16.50924024640657,0.44292388032963065,0.422763673435076
ERCOT,19.449691991786448,0.44292388032963065,0.422763673435076
MISO,0.010951403148528405,0.00019376089905057158,0.00019376089905057158
MISO,0.01642710472279261,0.00019376089905057158,0.0007750435962022863
MISO,0.024640657084188913,0.00019376089905057158,0.0007750435962022863
MISO,0.03285420944558522,0.00019376089905057158,0.0007750435962022863
MISO,0.03559206023271732,0.00019376089905057158,0.0011627910037337232
MISO,0.038329911019849415,0.00019376089905057158,0.0013566647074994417
MISO,0.04106776180698152,0.00019376089905057158,0.0017444121150308786
MISO,0.04654346338124572,0.00019376089905057158,0.0021321595225623153
MISO,0.049281314168377825,0.00019376089905057158,0.0023260332263280335
MISO,0.05475701574264202,0.00019376089905057158,0.0025199069300937517
MISO,0.057494866529774126,0.00019376089905057158,0.0029076543376251886
MISO,0.06023271731690623,0.00019376089905057158,0.0032954017451566255
MISO,0.06297056810403832,0.00019376089905057158,0.0038770228564537807
MISO,0.07118412046543464,0.00019376089905057158,0.004070896560219499
MISO,0.07665982203969883,0.00019376089905057158,0.004458643967750936
MISO,0.08213552361396304,0.00038763460281629003,0.004458643967750936
MISO,0.08487337440109514,0.00038763460281629003,0.005040265079048091
MISO,0.08761122518822724,0.00038763460281629003,0.005621886190345247
MISO,0.09034907597535935,0.0005815083065820084,0.005815759894110965
MISO,0.09582477754962354,0.0005815083065820084,0.006397381005408121
MISO,0.09856262833675565,0.0005815083065820084,0.006785128412939557
MISO,0.11225188227241616,0.0005815083065820084,0.007366749524236713
MISO,0.11498973305954825,0.0005815083065820084,0.007560661123566107
MISO,0.11772758384668036,0.0005815083065820084,0.00775461064068966
MISO,0.12046543463381246,0.0005815083065820084,0.007948560157813212
MISO,0.12320328542094455,0.0005815083065820084,0.00833645919206032
MISO,0.12594113620807665,0.0005815083065820084,0.008530408709183873
MISO,0.12867898699520877,0.0005815083065820084,0.008724358226307426
MISO,0.13141683778234087,0.0005815083065820084,0.008918307743430979
MISO,0.13415468856947296,0.0005815083065820084,0.011440145266217863
MISO,0.13689253935660506,0.0005815083065820084,0.012410082774982048
MISO,0.13963039014373715,0.0005815083065820084,0.012604070276734885
MISO,0.14236824093086928,0.0005815083065820084,0.012992121563174792
MISO,0.14510609171800137,0.0007755339498019617,0.013768224136054606
MISO,0.14784394250513347,0.0007755339498019617,0.01396224977927456
MISO,0.15058179329226556,0.0007755339498019617,0.01454432670893442
MISO,0.15331964407939766,0.0007755339498019617,0.014932530982280078
MISO,0.15605749486652978,0.0007755339498019617,0.016097373508987673
MISO,0.15879534565366188,0.0007755339498019617,0.016679909807155485
MISO,0.16153319644079397,0.0007755339498019617,0.01765080363743517
MISO,0.16427104722792607,0.0007755339498019617,0.017844982403491107
MISO,0.1697467488021903,0.001940606546137585,0.017844982403491107
MISO,0.17248459958932238,0.001940606546137585,0.01842751870165892
MISO,0.17796030116358658,0.001940606546137585,0.018815876233770793
MISO,0.1806981519507187,0.001940606546137585,0.019398990674354414
MISO,0.1834360027378508,0.001940606546137585,0.019593362154548953
MISO,0.188911704312115,0.001940606546137585,0.019593362154548953
MISO,0.19164955509924708,0.002135209973205865,0.019982569008685513
MISO,0.1943874058863792,0.002135209973205865,0.020566844384717044
MISO,0.1971252566735113,0.002135209973205865,0.020956438941480877
MISO,0.1998631074606434,0.002135209973205865,0.02193061958675941
MISO,0.2026009582477755,0.002135209973205865,0.022320291844870825
MISO,0.2053388090349076,0.0023300461022615717,0.02270996410298224
MISO,0.2108145106091718,0.0023300461022615717,0.02407436232940433
MISO,0.2135523613963039,0.0023300461022615717,0.024464268453380435
MISO,0.2190280629705681,0.0023300461022615717,0.025049127639344592
MISO,0.22176591375770022,0.0023300461022615717,0.025439033763320698
MISO,0.2245037645448323,0.0023300461022615717,0.026023892949284855
MISO,0.2272416153319644,0.0023300461022615717,0.02641387732052646
MISO,0.2299794661190965,0.0023300461022615717,0.027389034023917232
MISO,0.2327173169062286,0.0023300461022615717,0.028169159386629852
MISO,0.23545516769336072,0.0023300461022615717,0.028365295497192487
MISO,0.23819301848049282,0.0023300461022615717,0.028562589341768214
MISO,0.24093086926762491,0.0023300461022615717,0.029549058564646846
MISO,0.243668720054757,0.0023300461022615717,0.030535930017585776
MISO,0.2464065708418891,0.0025278240212554676,0.03132704169356136
MISO,0.24914442162902123,0.0027256424353187727,0.03231613376387789
MISO,0.2518822724161533,0.0027256424353187727,0.03231613376387789
MISO,0.2546201232032854,0.0027256424353187727,0.03271217653990941
MISO,0.2600958247775496,0.0027256424353187727,0.03310878927881762
MISO,0.26283367556468173,0.0027256424353187727,0.03330709564827173
MISO,0.2655715263518138,0.0027256424353187727,0.03390225962969779
MISO,0.2683093771389459,0.0027256424353187727,0.035093078044944985
MISO,0.27104722792607805,0.0027256424353187727,0.036085836278044174
MISO,0.2737850787132101,0.0027256424353187727,0.03688020695679346
MISO,0.27652292950034224,0.0027256424353187727,0.03727747444411834
MISO,0.28199863107460643,0.0027256424353187727,0.03747610818778078
MISO,0.28473648186173856,0.002924481931771414,0.038072626677138705
MISO,0.2874743326488706,0.002924481931771414,0.039266158589262024
MISO,0.29021218343600275,0.002924481931771414,0.04105720040004754
MISO,0.2929500342231348,0.002924481931771414,0.04145545839532693
MISO,0.29568788501026694,0.002924481931771414,0.04225197438588572
MISO,0.29842573579739906,0.00312361092941111,0.04265023238116511
MISO,0.30390143737166325,0.00312361092941111,0.0430484903764445
MISO,0.3066392881587953,0.00312361092941111,0.043446748371723895
MISO,0.30937713894592744,0.003322739927050806,0.04364587736936359
MISO,0.31211498973305957,0.003322739927050806,0.044243264362282674
MISO,0.31485284052019163,0.003322739927050806,0.04444243500128532
MISO,0.31759069130732376,0.003322739927050806,0.045039946918293265
MISO,0.3203285420944558,0.003322739927050806,0.045039946918293265
MISO,0.32306639288158795,0.003322739927050806,0.04523915925096118
MISO,0.3258042436687201,0.003322739927050806,0.045637667356017514
MISO,0.32854209445585214,0.003322739927050806,0.046036258970735426
MISO,0.33401779603011633,0.003322739927050806,0.04623568020025131
MISO,0.3394934976043806,0.003322739927050806,0.0466346900994422
MISO,0.34223134839151265,0.003322739927050806,0.047033783806635435
MISO,0.34496919917864477,0.003322739927050806,0.04743321323934471
MISO,0.34770704996577684,0.003322739927050806,0.04743321323934471
MISO,0.35044490075290896,0.003322739927050806,0.04803311468036026
MISO,0.3531827515400411,0.003322739927050806,0.048433133295326565
MISO,0.35592060232717315,0.003322739927050806,0.048633142602809716
MISO,0.3586584531143053,0.003322739927050806,0.04943317983274232
MISO,0.3613963039014374,0.003322739927050806,0.04983345199848929
MISO,0.36413415468856947,0.0035230029998245915,0.05003371507126308
MISO,0.3668720054757016,0.0037233084563174828,0.05003371507126308
MISO,0.36960985626283366,0.0039237411986331825,0.05063501329821018
MISO,0.3723477070499658,0.004124173940948882,0.05123631152515728
MISO,0.3750855578370979,0.004324606683264582,0.051637177009788676
MISO,0.37782340862423,0.004324606683264582,0.05183760975210438
MISO,0.3805612594113621,0.004324606683264582,0.05263934072136718
MISO,0.38329911019849416,0.004324606683264582,0.05283977346368288
MISO,0.3860369609856263,0.004324606683264582,0.05283977346368288
MISO,0.3887748117727584,0.004525380878292915,0.05324132185373955
MISO,0.3915126625598905,0.004525380878292915,0.05364304144328036
MISO,0.39698836413415467,0.004525380878292915,0.054044761032821166
MISO,0.3997262149212868,0.004525380878292915,0.05424562082759157
MISO,0.4024640657084189,0.004525380878292915,0.05464751194556515
MISO,0.405201916495551,0.004525380878292915,0.05566024295436616
MISO,0.4079397672826831,0.004525380878292915,0.055862789156126365
MISO,0.4134154688569473,0.004525380878292915,0.05606533535788657
MISO,0.4161533196440794,0.004525380878292915,0.05626788155964677
MISO,0.4188911704312115,0.004525380878292915,0.057280612568447783
MISO,0.4216290212183436,0.004525380878292915,0.05748324626316771
MISO,0.4243668720054757,0.004525380878292915,0.05809114734732749
MISO,0.4271047227926078,0.004525380878292915,0.05809114734732749
MISO,0.432580424366872,0.004525380878292915,0.05849702891120468
MISO,0.4353182751540041,0.004525380878292915,0.05869996969314328
MISO,0.4380561259411362,0.004525380878292915,0.05910593920535501
MISO,0.4407939767282683,0.00472840964670496,0.060324111815827273
MISO,0.44353182751540043,0.00472840964670496,0.06073016935265136
MISO,0.4462696783025325,0.00472840964670496,0.0609331981210634
MISO,0.4490075290896646,0.00472840964670496,0.06133925565788749
MISO,0.4517453798767967,0.00472840964670496,0.06215137073153567
MISO,0.4544832306639288,0.00472840964670496,0.06215137073153567
MISO,0.45722108145106094,0.00472840964670496,0.06215137073153567
MISO,0.459958932238193,0.00472840964670496,0.06357319083108993
MISO,0.46269678302532513,0.00472840964670496,0.06377639658889195
MISO,0.4654346338124572,0.004931615404506967,0.06377639658889195
MISO,0.4681724845995893,0.004931615404506967,0.06397969106346225
MISO,0.47091033538672145,0.004931615404506967,0.06479286896174351
MISO,0.4736481861738535,0.004931615404506967,0.06560604686002476
MISO,0.47638603696098564,0.004931615404506967,0.0658093858094309
MISO,0.4791238877481177,0.004931615404506967,0.06601272475883703
MISO,0.48186173853524983,0.004931615404506967,0.06723275845527388
MISO,0.48459958932238195,0.004931615404506967,0.06804629254220086
MISO,0.487337440109514,0.004931615404506967,0.06946997719432307
MISO,0.49007529089664614,0.004931615404506967,0.0704868948029818
MISO,0.4928131416837782,0.004931615404506967,0.07130042888990878
MISO,0.49555099247091033,0.004931615404506967,0.07130042888990878
MISO,0.49828884325804246,0.004931615404506967,0.07252126759788974
MISO,0.5010266940451745,0.004931615404506967,0.07313168695188021
MISO,0.5037645448323066,0.004931615404506967,0.07313168695188021
MISO,0.5065023956194388,0.004931615404506967,0.07333520498668013
MISO,0.5092402464065708,0.004931615404506967,0.07353872302148004
MISO,0.5119780971937029,0.005135133439306882,0.07353872302148004
MISO,0.5147159479808351,0.005135133439306882,0.07394575909107987
MISO,0.5174537987679672,0.005338651474106796,0.07475983123027952
MISO,0.5201916495550992,0.005338651474106796,0.08228999851787634
MISO,0.5229295003422314,0.005338651474106796,0.08778621146973187
MISO,0.5256673511293635,0.005338651474106796,0.09165391688029687
MISO,0.5284052019164955,0.005338651474106796,0.09511449540553923
MISO,0.5311430527036276,0.005338651474106796,0.0961323126188458
MISO,0.5338809034907598,0.005338651474106796,0.09653943950416843
MISO,0.5366187542778919,0.005338651474106796,0.09837151048812028
MISO,0.5393566050650239,0.005338651474106796,0.09857516643859467
MISO,0.5420944558521561,0.005338651474106796,0.09918627317791312
MISO,0.5475701574264202,0.005338651474106796,0.09959386310752076
MISO,0.5503080082135524,0.005338651474106796,0.10040904296673603
MISO,0.5530458590006845,0.005338651474106796,0.10122459454499336
MISO,0.5557837097878165,0.005338651474106796,0.10244820114711282
MISO,0.5585215605749486,0.005338651474106796,0.1026521355807994
MISO,0.5612594113620808,0.005542585907793374,0.10407967661660544
MISO,0.5694729637234771,0.005542585907793374,0.1042836577706663
MISO,0.5722108145106092,0.005746613814353434,0.10469171358378641
MISO,0.5749486652977412,0.005746613814353434,0.10571185311658671
MISO,0.5776865160848734,0.005746613814353434,0.106731992649387
MISO,0.5804243668720055,0.005746613814353434,0.10693606746969886
MISO,0.5831622176591376,0.005746613814353434,0.10754829193063442
MISO,0.5859000684462696,0.005746613814353434,0.10775236675094628
MISO,0.5886379192334018,0.005746613814353434,0.10816051639157
MISO,0.5913757700205339,0.005746613814353434,0.10836459121188186
MISO,0.5941136208076659,0.005746613814353434,0.10856871305404171
MISO,0.5968514715947981,0.005746613814353434,0.10958932226484099
MISO,0.5995893223819302,0.005746613814353434,0.10979349121566508
MISO,0.6023271731690623,0.005746613814353434,0.10999766016648917
MISO,0.6050650239561944,0.005746613814353434,0.11081433596978554
MISO,0.6078028747433265,0.005746613814353434,0.11122267387143374
MISO,0.6105407255304586,0.005950829982788728,0.11142689003986904
MISO,0.6132785763175906,0.005950829982788728,0.11163110620830434
MISO,0.6160164271047228,0.005950829982788728,0.11183541694315244
MISO,0.6187542778918549,0.005950829982788728,0.11183541694315244
MISO,0.6242299794661191,0.005950829982788728,0.11265322806998818
MISO,0.6297056810403833,0.005950829982788728,0.11306213363340605
MISO,0.6324435318275154,0.005950829982788728,0.11326677638285641
MISO,0.6351813826146475,0.005950829982788728,0.11408534738065786
MISO,0.6379192334017796,0.005950829982788728,0.11408534738065786
MISO,0.6406570841889117,0.005950829982788728,0.11551817984366225
MISO,0.6433949349760438,0.006155520334646498,0.11613225089923555
MISO,0.6461327857631759,0.006155520334646498,0.11633694125109333
MISO,0.648870636550308,0.006360258444402508,0.11654167936084933
MISO,0.6516084873374401,0.006360258444402508,0.11674641747060534
MISO,0.6543463381245722,0.006360258444402508,0.11756575250829279
MISO,0.6570841889117043,0.006360258444402508,0.11838508754598025
MISO,0.6625598904859685,0.006360258444402508,0.11899987657946862
MISO,0.6652977412731006,0.006360258444402508,0.11940973593512753
MISO,0.6680355920602327,0.006360258444402508,0.11981969138911135
MISO,0.6707734428473648,0.006360258444402508,0.12022983926527492
MISO,0.6735112936344969,0.006360258444402508,0.12022983926527492
MISO,0.6789869952087612,0.006360258444402508,0.12084607390941202
MISO,0.6817248459958932,0.006360258444402508,0.12372183558205184
MISO,0.6844626967830253,0.006360258444402508,0.12372183558205184
MISO,0.6872005475701575,0.006360258444402508,0.12392729564487034
MISO,0.6899383983572895,0.006360258444402508,0.12516005602178137
MISO,0.6926762491444216,0.006360258444402508,0.12536551608459987
MISO,0.6954140999315537,0.006360258444402508,0.12557102477701904
MISO,0.6981519507186859,0.006360258444402508,0.12598204216185738
MISO,0.70362765229295,0.006360258444402508,0.12618755085427655
MISO,0.7063655030800822,0.006360258444402508,0.12618755085427655
MISO,0.7091033538672142,0.006360258444402508,0.1268051010612305
MISO,0.7118412046543463,0.006360258444402508,0.12783435140615376
MISO,0.7145790554414785,0.006360258444402508,0.1284519016131077
MISO,0.7173169062286106,0.006360258444402508,0.12865784968260127
MISO,0.7200547570157426,0.006360258444402508,0.12906974582158842
MISO,0.7227926078028748,0.006566206513896079,0.13009948616905628
MISO,0.7255304585900069,0.006566206513896079,0.13009948616905628
MISO,0.7282683093771389,0.006566206513896079,0.1303054833791057
MISO,0.731006160164271,0.0067723020989264035,0.1303054833791057
MISO,0.7337440109514032,0.0067723020989264035,0.13051197349983362
MISO,0.7364818617385352,0.0067723020989264035,0.1309254485654465
MISO,0.7392197125256673,0.0067723020989264035,0.1315456611638658
MISO,0.7419575633127995,0.0067723020989264035,0.1317523986966722
MISO,0.7446954140999316,0.0069790396317328356,0.1317523986966722
MISO,0.7474332648870636,0.007185777164539268,0.13195913622947864
MISO,0.7501711156741958,0.007185777164539268,0.13195913622947864
MISO,0.7529089664613279,0.007185777164539268,0.13237310837980612
MISO,0.758384668035592,0.007185777164539268,0.13258019408725633
MISO,0.7611225188227242,0.007185777164539268,0.13278727979470653
MISO,0.7638603696098563,0.007185777164539268,0.13402979403940785
MISO,0.7665982203969883,0.007185777164539268,0.13402979403940785
MISO,0.7693360711841205,0.007392912820302908,0.13402979403940785
MISO,0.7720739219712526,0.007600248558805755,0.13402979403940785
MISO,0.7748117727583846,0.007600248558805755,0.13444446551641354
MISO,0.7775496235455168,0.007600248558805755,0.13465180125491638
MISO,0.7885010266940452,0.007807584297308602,0.13506647273192207
MISO,0.7912388774811773,0.007807584297308602,0.13506647273192207
MISO,0.7939767282683093,0.007807584297308602,0.1354812445407635
MISO,0.7967145790554415,0.007807584297308602,0.1356886304451842
MISO,0.7994524298425736,0.007807584297308602,0.1358960163496049
MISO,0.8021902806297057,0.007807584297308602,0.1358960163496049
MISO,0.8049281314168378,0.007807584297308602,0.13631108973756084
MISO,0.8076659822039699,0.008015272073568036,0.13631108973756084
MISO,0.810403832991102,0.008223010271720226,0.13631108973756084
MISO,0.813141683778234,0.008223010271720226,0.13672676801743971
MISO,0.8158795345653662,0.008223010271720226,0.1371424462973186
MISO,0.8186173853524983,0.008223010271720226,0.13735028543725802
MISO,0.8213552361396304,0.008638789689866708,0.13735028543725802
MISO,0.8240930869267625,0.008638789689866708,0.13838998707455152
MISO,0.8268309377138946,0.008638789689866708,0.13922215412161063
MISO,0.8323066392881588,0.008638789689866708,0.13943029751589214
MISO,0.8350444900752909,0.008638789689866708,0.13984658430445518
MISO,0.837782340862423,0.008638789689866708,0.13984658430445518
MISO,0.8432580424366872,0.008847187787273874,0.1402633804992695
MISO,0.8459958932238193,0.008847187787273874,0.1402633804992695
MISO,0.8487337440109514,0.008847187787273874,0.14109717710065456
MISO,0.8514715947980835,0.00905563693762014,0.1419309737020396
MISO,0.8542094455852156,0.00905563693762014,0.14234787200273213
MISO,0.8569472963723477,0.00905563693762014,0.14276477030342466
MISO,0.8596851471594799,0.00905563693762014,0.14359877186955933
MISO,0.8624229979466119,0.009264291355544992,0.14443338954125873
MISO,0.865160848733744,0.009264291355544992,0.14526841896316617
MISO,0.8678986995208761,0.009264291355544992,0.14589484570286582
MISO,0.8706365503080082,0.009473100268778208,0.14589484570286582
MISO,0.8733744010951403,0.009473100268778208,0.14652127244256546
MISO,0.8761122518822724,0.009473100268778208,0.14673008135579868
MISO,0.8788501026694046,0.009473100268778208,0.14673008135579868
MISO,0.8815879534565366,0.009682116077144674,0.14673008135579868
MISO,0.8843258042436687,0.009682116077144674,0.14714821657392363
MISO,0.8870636550308009,0.009682116077144674,0.14714821657392363
MISO,0.8898015058179329,0.009682116077144674,0.147566974789642
MISO,0.8952772073921971,0.009682116077144674,0.14777640593008268
MISO,0.8980150581793293,0.009891807833738196,0.14819578944326972
MISO,0.9007529089664613,0.009891807833738196,0.14903539293638665
MISO,0.9062286105407256,0.009891807833738196,0.1492452938096659
MISO,0.9117043121149897,0.009891807833738196,0.14966520037563671
MISO,0.9144421629021219,0.009891807833738196,0.14966520037563671
MISO,0.919917864476386,0.009891807833738196,0.14966520037563671
MISO,0.9226557152635181,0.009891807833738196,0.1500856320873879
MISO,0.9253935660506503,0.009891807833738196,0.1502958479432635
MISO,0.9281314168377823,0.009891807833738196,0.1505062217769867
MISO,0.9308692676249144,0.009891807833738196,0.15134771711187947
MISO,0.9336071184120466,0.009891807833738196,0.15218921244677225
MISO,0.9363449691991786,0.009891807833738196,0.15260996011421865
MISO,0.9390828199863107,0.009891807833738196,0.15282033394794184
MISO,0.9418206707734429,0.009891807833738196,0.1538722031165578
MISO,0.944558521560575,0.009891807833738196,0.15492407228517377
MISO,0.947296372347707,0.009891807833738196,0.15513444611889696
MISO,0.9527720739219713,0.009891807833738196,0.15555519378634336
MISO,0.9555099247091033,0.009891807833738196,0.15576562066440183
MISO,0.9582477754962354,0.009891807833738196,0.15618647442051878
MISO,0.9609856262833676,0.010312661589855148,0.15639690129857725
MISO,0.9637234770704997,0.010312661589855148,0.15681807412501728
MISO,0.9664613278576317,0.010312661589855148,0.15723967334763694
MISO,0.971937029431896,0.010312661589855148,0.15723967334763694
MISO,0.974674880219028,0.010312661589855148,0.15787271339711414
MISO,0.9774127310061602,0.010312661589855148,0.15850575344659135
MISO,0.9801505817932923,0.010312661589855148,0.15850575344659135
MISO,0.9828884325804244,0.010312661589855148,0.1591389542477317
MISO,0.9856262833675564,0.010523728523568594,0.1599832219825855
MISO,0.9883641341546886,0.01073479545728204,0.16124962358486616
MISO,0.9911019849418207,0.01073479545728204,0.16124962358486616
MISO,0.9938398357289527,0.010945916207143807,0.1616718650845897
MISO,0.9965776865160849,0.010945916207143807,0.162305227334175
MISO,0.999315537303217,0.010945916207143807,0.162305227334175
MISO,1.002053388090349,0.010945916207143807,0.1629393993028214
MISO,1.0047912388774811,0.010945916207143807,0.1635735712714678
MISO,1.0075290896646132,0.010945916207143807,0.16378496192768327
MISO,1.0102669404517455,0.010945916207143807,0.16399635258389875
MISO,1.0130047912388775,0.010945916207143807,0.1648419152087606
MISO,1.0184804928131417,0.010945916207143807,0.16568834619061845
MISO,1.0212183436002737,0.010945916207143807,0.1659000627598142
MISO,1.0239561943874058,0.010945916207143807,0.16653553935865598
MISO,1.0266940451745379,0.010945916207143807,0.17077205001760112
MISO,1.0294318959616702,0.010945916207143807,0.1709838755505484
MISO,1.0321697467488022,0.010945916207143807,0.17119570108349566
MISO,1.0349075975359343,0.010945916207143807,0.17183150703014716
MISO,1.0376454483230664,0.010945916207143807,0.17183150703014716
MISO,1.0403832991101984,0.010945916207143807,0.17289173351790366
MISO,1.0431211498973305,0.010945916207143807,0.1739522355322942
MISO,1.0458590006844628,0.011370117012900019,0.17480063714380661
MISO,1.0485968514715949,0.011370117012900019,0.17522483794956284
MISO,1.051334702258727,0.011370117012900019,0.1754369936733598
MISO,1.054072553045859,0.011370117012900019,0.1764977722923446
MISO,1.056810403832991,0.011582272736696977,0.17670992801614155
MISO,1.0595482546201231,0.011582272736696977,0.1769220837399385
MISO,1.0622861054072552,0.011582272736696977,0.17777092855533952
MISO,1.0650239561943875,0.011582272736696977,0.17798319532640733
MISO,1.0677618069815196,0.011582272736696977,0.17819546209747514
MISO,1.0732375085557837,0.011582272736696977,0.17840778449400707
MISO,1.0759753593429158,0.011582272736696977,0.17840778449400707
MISO,1.0787132101300478,0.011794650802446661,0.1794696748227555
MISO,1.08145106091718,0.011794650802446661,0.1807442779344573
MISO,1.0841889117043122,0.011794650802446661,0.1813815794903082
MISO,1.0924024640657084,0.011794650802446661,0.1822313148981094
MISO,1.0951403148528405,0.011794650802446661,0.1828687844744074
MISO,1.0978781656399725,0.011794650802446661,0.18329387635338507
MISO,1.1006160164271048,0.011794650802446661,0.1835064222928739
MISO,1.103353867214237,0.012007196741935483,0.1847816979298068
MISO,1.108829568788501,0.012007196741935483,0.18541933574827327
MISO,1.111567419575633,0.012007196741935483,0.18541933574827327
MISO,1.1143052703627652,0.012007196741935483,0.18584465290116664
MISO,1.1170431211498972,0.012007196741935483,0.1860573114776133
MISO,1.1197809719370295,0.012007196741935483,0.18627002646217047
MISO,1.1252566735112937,0.012007196741935483,0.18627002646217047
MISO,1.1279945242984257,0.012007196741935483,0.18669556933732753
MISO,1.1307323750855578,0.01221996817951401,0.1871211122124846
MISO,1.1389459274469542,0.01221996817951401,0.18775942652522018
MISO,1.1416837782340863,0.01221996817951401,0.18818496940037724
MISO,1.1471594798083504,0.01221996817951401,0.18818496940037724
MISO,1.1526351813826146,0.012432796250427001,0.18818496940037724
MISO,1.1553730321697468,0.012645680999920795,0.18839785414987104
MISO,1.1690622861054072,0.012645680999920795,0.18882362364885863
MISO,1.1718001368925393,0.012645680999920795,0.1894624482051396
MISO,1.1800136892539357,0.01285862251868112,0.1894624482051396
MISO,1.1827515400410678,0.01285862251868112,0.1894624482051396
MISO,1.1854893908281998,0.01285862251868112,0.18988912856313703
MISO,1.1882272416153319,0.01285862251868112,0.19052932041184006
MISO,1.1937029431895962,0.01285862251868112,0.1909561149776421
MISO,1.1964407939767283,0.013072019801582133,0.1909561149776421
MISO,1.1991786447638604,0.013072019801582133,0.19415707422115727
MISO,1.2019164955509924,0.013072019801582133,0.19415707422115727
MISO,1.2046543463381245,0.013072019801582133,0.19437058645007654
MISO,1.2073921971252566,0.013072019801582133,0.1954381475946729
MISO,1.2101300479123889,0.013072019801582133,0.19565165982359217
MISO,1.212867898699521,0.013072019801582133,0.19586517205251144
MISO,1.215605749486653,0.013285532030501406,0.19607868428143072
MISO,1.218343600273785,0.01371255648833995,0.19629219651035
MISO,1.2210814510609171,0.01371255648833995,0.19650570873926926
MISO,1.2238193018480492,0.01371255648833995,0.19757326988386562
MISO,1.2265571526351813,0.013926068717259224,0.19800029434170416
MISO,1.2292950034223136,0.013926068717259224,0.1984273187995427
MISO,1.2320328542094456,0.013926068717259224,0.19885434325738124
MISO,1.2347707049965777,0.013926068717259224,0.19906797136810725
MISO,1.2375085557837098,0.013926068717259224,0.19928159947883325
MISO,1.242984257357974,0.013926068717259224,0.1997088557002853
MISO,1.2457221081451062,0.013926068717259224,0.1999224838110113
MISO,1.2484599589322383,0.013926068717259224,0.1999224838110113
MISO,1.2511978097193703,0.01413981299335268,0.1999224838110113
MISO,1.2539356605065024,0.01413981299335268,0.2003499723631982
MISO,1.2594113620807665,0.014353557269446135,0.2003499723631982
MISO,1.2621492128678986,0.014353557269446135,0.20056371663929165
MISO,1.264887063655031,0.014353557269446135,0.201204949467572
MISO,1.267624914442163,0.01456730154553959,0.20376988078069347
MISO,1.270362765229295,0.014781045821633046,0.20526609071334764
MISO,1.273100616016427,0.014994790097726501,0.20612106781772147
MISO,1.2758384668035592,0.015208534373819957,0.2063348120938149
MISO,1.2785763175906912,0.015422278649913412,0.2063348120938149
MISO,1.2813141683778233,0.015422278649913412,0.20676230064600182
MISO,1.2840520191649556,0.015422278649913412,0.20761751276332352
MISO,1.2867898699520877,0.015422278649913412,0.20932793699796692
MISO,1.2895277207392197,0.015422278649913412,0.20954174002729734
MISO,1.2922655715263518,0.015636081679243838,0.2108245582032799
MISO,1.2950034223134839,0.015636081679243838,0.2110383612326103
MISO,1.3004791238877482,0.015636081679243838,0.21232117940859285
MISO,1.3032169746748803,0.015849884708574263,0.2127487854672537
MISO,1.3059548254620124,0.015849884708574263,0.21296258849658412
MISO,1.3086926762491444,0.01606368773790469,0.21339019455524497
MISO,1.3141683778234086,0.01606368773790469,0.21381780061390582
MISO,1.3169062286105406,0.01606368773790469,0.21381780061390582
MISO,1.319644079397673,0.01606368773790469,0.21424552541904227
MISO,1.322381930184805,0.01606368773790469,0.2146732502241787
MISO,1.325119780971937,0.01606368773790469,0.2153148374318834
MISO,1.3278576317590691,0.01606368773790469,0.21552869983445164
MISO,1.3333333333333333,0.016277550140472916,0.21552869983445164
MISO,1.3360711841204653,0.016277550140472916,0.21574256223701987
MISO,1.3388090349075976,0.016277550140472916,0.21617028704215632
MISO,1.3415468856947297,0.0164914721479471,0.21681205306457887
MISO,1.3470225872689938,0.016705453860140086,0.21724001648896485
MISO,1.3497604380561259,0.016705453860140086,0.21766797991335082
MISO,1.352498288843258,0.016919435572333073,0.2183099250499298
MISO,1.3552361396303902,0.016919435572333073,0.2185239067621228
MISO,1.3579739904175223,0.016919435572333073,0.2187378884743158
MISO,1.3607118412046544,0.01713341728452606,0.21916585189870177
MISO,1.3661875427789185,0.017347398996719048,0.21916585189870177
MISO,1.3716632443531827,0.017561380708912035,0.21916585189870177
MISO,1.374401095140315,0.017561380708912035,0.2204497421718597
MISO,1.377138945927447,0.017775362421105022,0.22087770559624567
MISO,1.379876796714579,0.017775362421105022,0.22109174746635607
MISO,1.3826146475017111,0.017775362421105022,0.22151983120657684
MISO,1.3853524982888432,0.017775362421105022,0.2219479149467976
MISO,1.3880903490759753,0.017775362421105022,0.222161956816908
MISO,1.3908281998631074,0.01798940429121541,0.222161956816908
MISO,1.3935660506502396,0.01798940429121541,0.22280408242723918
MISO,1.3963039014373717,0.01798940429121541,0.22344620803757034
MISO,1.3990417522245038,0.01798940429121541,0.22366024990768074
MISO,1.4017796030116358,0.01798940429121541,0.22387429177779114
MISO,1.4072553045859,0.01798940429121541,0.22408833364790154
MISO,1.4099931553730323,0.01798940429121541,0.2245164173881223
MISO,1.4127310061601643,0.018203446161325798,0.2247304592582327
MISO,1.4154688569472964,0.018203446161325798,0.22537258486856387
MISO,1.4182067077344285,0.018417548615039386,0.22537258486856387
MISO,1.4209445585215605,0.018631651068752975,0.22537258486856387
MISO,1.4236824093086926,0.018631651068752975,0.22558668732227746
MISO,1.4264202600958247,0.018631651068752975,0.2266571995908454
MISO,1.431895961670089,0.018631651068752975,0.22708540449827258
MISO,1.434633812457221,0.018631651068752975,0.22794205747321064
MISO,1.4373716632443532,0.018631651068752975,0.2309403428854939
MISO,1.4401095140314852,0.018845814312487493,0.23522360776018425
MISO,1.4428473648186173,0.01905997755622201,0.2360802607351223
MISO,1.4455852156057496,0.01905997755622201,0.23736524019752941
MISO,1.4483230663928817,0.01905997755622201,0.2395068726348746
MISO,1.4510609171800137,0.01905997755622201,0.24593176994691016
MISO,1.4537987679671458,0.01905997755622201,0.2506447345505042
MISO,1.4565366187542779,0.019274266079664874,0.25300190830837566
MISO,1.45927446954141,0.019274266079664874,0.25535908206624713
MISO,1.462012320328542,0.019274266079664874,0.25921627548821863
MISO,1.4647501711156743,0.019488618265770672,0.2639320235825462
MISO,1.4674880219028064,0.01970297045187647,0.26414637576865196
MISO,1.4702258726899384,0.01970297045187647,0.26671860200192155
MISO,1.4729637234770705,0.019917387046692037,0.26714743519155265
MISO,1.4757015742642026,0.019917387046692037,0.26757626838118376
MISO,1.4784394250513346,0.019917387046692037,0.26757626838118376
MISO,1.486652977412731,0.019917387046692037,0.2677907495204288
MISO,1.4948665297741273,0.019917387046692037,0.26800523065967385
MISO,1.4976043805612593,0.019917387046692037,0.268434192938164
MISO,1.5003422313483916,0.020131868185937107,0.26886315521665416
MISO,1.5030800821355237,0.020131868185937107,0.2692921174951443
MISO,1.5058179329226558,0.020131868185937107,0.2699355609128795
MISO,1.5085557837097878,0.020131868185937107,0.27079374473989815
MISO,1.51129363449692,0.020131868185937107,0.2716519285669168
MISO,1.514031485284052,0.020131868185937107,0.2733682962209541
MISO,1.516769336071184,0.020131868185937107,0.2737973881344634
MISO,1.5195071868583163,0.020131868185937107,0.2737973881344634
MISO,1.5249828884325805,0.020131868185937107,0.27487044397592175
MISO,1.5359342915811087,0.020131868185937107,0.27508505514421344
MISO,1.538672142368241,0.020131868185937107,0.27508505514421344
MISO,1.541409993155373,0.020131868185937107,0.2752997316829493
MISO,1.5468856947296372,0.020131868185937107,0.27551440822168516
MISO,1.5496235455167693,0.020346610174837222,0.27572915021058525
MISO,1.5523613963039014,0.020561352163737338,0.27572915021058525
MISO,1.5550992470910336,0.020561352163737338,0.27594389219948534
MISO,1.5578370978781657,0.020776094152637453,0.27594389219948534
MISO,1.5605749486652978,0.020776094152637453,0.280882957944188
MISO,1.5633127994524298,0.020776094152637453,0.28345986181098937
MISO,1.566050650239562,0.020776094152637453,0.28582202368889065
MISO,1.568788501026694,0.020776094152637453,0.2860368322025705
MISO,1.571526351813826,0.020776094152637453,0.28668145750354207
MISO,1.5742642026009583,0.020776094152637453,0.2871113410841403
MISO,1.5770020533880904,0.020776094152637453,0.2871113410841403
MISO,1.5797399041752225,0.02099110271578229,0.2871113410841403
MISO,1.5824777549623545,0.021206111278927124,0.2879713753367197
MISO,1.5852156057494866,0.021851136968361627,0.2879713753367197
MISO,1.5906913073237507,0.021851136968361627,0.28883167759623346
MISO,1.593429158110883,0.02206621253324007,0.2890467531611119
MISO,1.596167008898015,0.02206621253324007,0.28947717305133724
MISO,1.6016427104722792,0.022281422478352735,0.29012280288667525
MISO,1.6043805612594113,0.022281422478352735,0.2903380802112322
MISO,1.6071184120465434,0.022281422478352735,0.29055335753578915
MISO,1.6098562628336757,0.022281422478352735,0.2907686348603461
MISO,1.6125941136208077,0.022281422478352735,0.29098391218490305
MISO,1.6153319644079398,0.022281422478352735,0.29098391218490305
MISO,1.6180698151950719,0.022281422478352735,0.2920606363387706
MISO,1.620807665982204,0.022281422478352735,0.29249132600031763
MISO,1.623545516769336,0.022281422478352735,0.29270667083109114
MISO,1.626283367556468,0.022281422478352735,0.29292201566186465
MISO,1.6290212183436004,0.02249683504892832,0.2931374282324402
MISO,1.6317590691307324,0.02249683504892832,0.29378366594416694
MISO,1.6344969199178645,0.022712247619503904,0.29442990365589367
MISO,1.6372347707049966,0.022927728165014982,0.29572278692896015
MISO,1.6427104722792607,0.022927728165014982,0.29636922856549336
MISO,1.648186173853525,0.022927728165014982,0.29658470911100443
MISO,1.6509240246406571,0.022927728165014982,0.2968001896565155
MISO,1.6536618754277892,0.022927728165014982,0.29701567020202657
MISO,1.6563997262149213,0.022927728165014982,0.2972312190456503
MISO,1.6646132785763177,0.02314327700863874,0.29744676788927404
MISO,1.6673511293634498,0.023358825852262496,0.2980934144201453
MISO,1.6700889801505818,0.023574374695886254,0.29852451210739284
MISO,1.672826830937714,0.023574374695886254,0.2987401295098091
MISO,1.678302532511978,0.02378999209830251,0.2996025991194741
MISO,1.68104038329911,0.02378999209830251,0.30887414742337327
MISO,1.6837782340862424,0.02378999209830251,0.31685199131277486
MISO,1.6865160848733745,0.02378999209830251,0.32332051338526263
MISO,1.6892539356605065,0.02378999209830251,0.3250454526045927
MISO,1.6947296372347707,0.02400560950071877,0.3269860092263391
MISO,1.6974674880219027,0.024221226903135027,0.32806409623842037
MISO,1.700205338809035,0.024436844305551285,0.3284953310432529
MISO,1.702943189596167,0.024436844305551285,0.3289268534338172
MISO,1.7056810403832992,0.024436844305551285,0.32959097835911055
MISO,1.7084188911704312,0.024436844305551285,0.32981550813920624
MISO,1.7111567419575633,0.02466318417500633,0.32981550813920624
MISO,1.7138945927446954,0.02466318417500633,0.33027090235979584
MISO,1.7166324435318274,0.02489088128530114,0.33049859947009064
MISO,1.7193702943189597,0.02489088128530114,0.3307267801848675
MISO,1.7221081451060918,0.02489088128530114,0.3307267801848675
MISO,1.7248459958932238,0.02489088128530114,0.3318725524795507
MISO,1.727583846680356,0.02489088128530114,0.33324796922844985
MISO,1.73305954825462,0.02512019930941198,0.33393592330078237
MISO,1.7357973990417521,0.02512019930941198,0.3346238773731149
MISO,1.7385352498288844,0.02512019930941198,0.33485319539722574
MISO,1.7412731006160165,0.025350011375944607,0.33508300746375835
MISO,1.7440109514031485,0.025350011375944607,0.33577244366335623
MISO,1.7467488021902806,0.025350011375944607,0.3364618798629541
MISO,1.7494866529774127,0.025350011375944607,0.3366916919294867
MISO,1.7522245037645447,0.02580963550900986,0.3366916919294867
MISO,1.754962354551677,0.02580963550900986,0.33692150399601933
MISO,1.757700205338809,0.02580963550900986,0.3376109401956172
MISO,1.7604380561259412,0.02580963550900986,0.3378407522621498
MISO,1.7631759069130732,0.02580963550900986,0.33807089678736824
MISO,1.7659137577002053,0.026040197113831758,0.33899314320665586
MISO,1.7686516084873374,0.026040197113831758,0.33899314320665586
MISO,1.7713894592744694,0.026040197113831758,0.3401476280424368
MISO,1.7741273100616017,0.026040197113831758,0.3408403189439054
MISO,1.7768651608487338,0.026040197113831758,0.34107121591106154
MISO,1.7796030116358659,0.026271094080987944,0.3417639068125301
MISO,1.782340862422998,0.026271094080987944,0.34291839164831106
MISO,1.78507871321013,0.026502244874051593,0.34338069323443837
MISO,1.787816563997262,0.026502244874051593,0.343611844027502
MISO,1.7932922655715264,0.026502244874051593,0.34477057454828647
MISO,1.7960301163586585,0.026502244874051593,0.3452340667566003
MISO,1.8015058179329226,0.026965908112700557,0.3456977299952492
MISO,1.8069815195071868,0.026965908112700557,0.3459295616145737
MISO,1.809719370294319,0.026965908112700557,0.34639322485322266
MISO,1.8151950718685832,0.026965908112700557,0.34662505647254716
MISO,1.8206707734428473,0.026965908112700557,0.3477842145691696
MISO,1.8234086242299794,0.026965908112700557,0.34917520428511645
MISO,1.8288843258042438,0.02719773973202504,0.34940703590444094
MISO,1.8316221765913758,0.02719773973202504,0.34963886752376544
MISO,1.834360027378508,0.02719773973202504,0.35079802562038787
MISO,1.839835728952772,0.02719773973202504,0.3510299436795406
MISO,1.842573579739904,0.02719773973202504,0.351493779797846
MISO,1.8453114305270362,0.02719773973202504,0.35218953397530417
MISO,1.8480492813141685,0.02719773973202504,0.3524214520344569
MISO,1.8507871321013005,0.02719773973202504,0.3528852881527623
MISO,1.8590006844626967,0.027429657791177755,0.3528852881527623
MISO,1.8617385352498288,0.027429657791177755,0.35311720621191506
MISO,1.8699520876112252,0.027429657791177755,0.3535810423302205
MISO,1.8726899383983573,0.027429657791177755,0.3538129603893732
MISO,1.8781656399726214,0.027429657791177755,0.3547406326259841
MISO,1.8809034907597535,0.02766157585033047,0.3547406326259841
MISO,1.8836413415468858,0.02766157585033047,0.3552044687442895
MISO,1.8863791923340179,0.02766157585033047,0.3565959770992058
MISO,1.88911704312115,0.02766157585033047,0.35682789515835855
MISO,1.891854893908282,0.027893493909483185,0.35729173127666397
MISO,1.894592744695414,0.027893493909483185,0.3579874854541221
MISO,1.8973305954825461,0.027893493909483185,0.35821940351327486
MISO,1.9000684462696784,0.027893493909483185,0.35961091186819116
MISO,1.9028062970568105,0.027893493909483185,0.3633230063786295
MISO,1.9082819986310746,0.027893493909483185,0.3637870181924343
MISO,1.9110198494182067,0.027893493909483185,0.36401902409933673
MISO,1.9137577002053388,0.028125499816385582,0.36425103000623915
MISO,1.9219712525667352,0.028125499816385582,0.3644830359131416
MISO,1.9274469541409993,0.028125499816385582,0.364715041820044
MISO,1.9356605065023955,0.028125499816385582,0.3649470477269464
MISO,1.9411362080766599,0.028125499816385582,0.36517905363384884
MISO,1.949349760438056,0.028357505723287976,0.36541105954075126
MISO,1.9520876112251881,0.028357505723287976,0.3656430654476537
MISO,1.9548254620123204,0.02858951163019037,0.3663390831683609
MISO,1.9630390143737166,0.02858951163019037,0.3665710890752633
MISO,1.9712525667351128,0.02858951163019037,0.36680309498216573
MISO,1.9739904175222451,0.02858951163019037,0.36749911270287294
MISO,1.9767282683093772,0.02858951163019037,0.36749911270287294
MISO,1.9794661190965093,0.028821785236216115,0.36749911270287294
MISO,1.9904175222450375,0.028821785236216115,0.3677313863088987
MISO,1.995893223819302,0.02905405884224186,0.36819593352095015
MISO,2.001368925393566,0.029286332448267605,0.3686604807330016
MISO,2.004106776180698,0.02951860605429335,0.3686604807330016
MISO,2.00684462696783,0.02951860605429335,0.36889275433902735
MISO,2.0095824777549622,0.029750879660319095,0.3700541223691561
MISO,2.0123203285420943,0.029750879660319095,0.3702863959751818
MISO,2.0150581793292264,0.02998315326634484,0.3702863959751818
MISO,2.020533880903491,0.02998315326634484,0.37051866958120755
MISO,2.028747433264887,0.030215426872370586,0.3707509431872333
MISO,2.0314852840520192,0.03044770047839633,0.370983216793259
MISO,2.0342231348391513,0.03044770047839633,0.371912311217362
MISO,2.0369609856262834,0.03044770047839633,0.3786482457921086
MISO,2.0396988364134154,0.03044770047839633,0.3802741610342888
MISO,2.0424366872005475,0.03044770047839633,0.38050643464031453
MISO,2.0451745379876796,0.03044770047839633,0.38073870824634026
MISO,2.0479123887748116,0.03044770047839633,0.38120325545839173
MISO,2.0533880903490758,0.030679974084422076,0.3816678026704432
MISO,2.0561259411362083,0.030679974084422076,0.3816678026704432
MISO,2.0616016427104724,0.030679974084422076,0.38236489902067466
MISO,2.0643394934976045,0.030679974084422076,0.38236489902067466
MISO,2.0698151950718686,0.030679974084422076,0.38259735649667265
MISO,2.0725530458590007,0.030912431560420058,0.38282981397267063
MISO,2.0752908966461328,0.030912431560420058,0.3832947289246666
MISO,2.078028747433265,0.030912431560420058,0.3835271864006646
MISO,2.080766598220397,0.03137734651241602,0.3835271864006646
MISO,2.086242299794661,0.03137734651241602,0.3835271864006646
MISO,2.0917180013689256,0.03137734651241602,0.3837597362683462
MISO,2.0971937029431897,0.03184263125165169,0.3837597362683462
MISO,2.099931553730322,0.03184263125165169,0.3844576633771997
MISO,2.105407255304586,0.03184263125165169,0.38469030574681756
MISO,2.11088295687885,0.03184263125165169,0.3849229481164354
MISO,2.1218343600273784,0.03184263125165169,0.38655144470376024
MISO,2.1245722108145104,0.03184263125165169,0.3867840870733781
MISO,2.127310061601643,0.03184263125165169,0.3870167294429959
MISO,2.130047912388775,0.03207527362126952,0.3870167294429959
MISO,2.1409993155373033,0.03207527362126952,0.38724937181261376
MISO,2.1437371663244353,0.03230791599088736,0.3874820141822316
MISO,2.1464750171115674,0.03230791599088736,0.38818022124580187
MISO,2.1492128678986995,0.03230791599088736,0.38818022124580187
MISO,2.1519507186858315,0.03230791599088736,0.3886458796329158
MISO,2.1601642710472277,0.03230791599088736,0.3888787088264728
MISO,2.16290212183436,0.03254074518444433,0.39050851318137164
MISO,2.1656399726214923,0.03300640357155828,0.39120700076204257
MISO,2.1683778234086244,0.03300640357155828,0.3928368051169414
MISO,2.1711156741957565,0.03300640357155828,0.3930696343104984
MISO,2.1738535249828885,0.03323932725748276,0.3933025579964229
MISO,2.1793292265571527,0.03323932725748276,0.39353548168234737
MISO,2.1820670773442847,0.03323932725748276,0.39376840536827185
MISO,2.184804928131417,0.03323932725748276,0.3947001001119698
MISO,2.187542778918549,0.03323932725748276,0.3965634895993657
MISO,2.190280629705681,0.03323932725748276,0.3972622606571392
MISO,2.193018480492813,0.03347225094340725,0.3972622606571392
MISO,2.195756331279945,0.03347225094340725,0.3974951843430637
MISO,2.198494182067077,0.03347225094340725,0.3981939554008372
MISO,2.2012320328542097,0.03347225094340725,0.39842687908676166
MISO,2.2039698836413417,0.03417130861769334,0.39842687908676166
MISO,2.206707734428474,0.03417130861769334,0.39865999404662017
MISO,2.212183436002738,0.03417130861769334,0.3988931090064787
MISO,2.21492128678987,0.03417130861769334,0.3991262239663372
MISO,2.217659137577002,0.03417130861769334,0.3991262239663372
MISO,2.223134839151266,0.03417130861769334,0.3993595308693491
MISO,2.2258726899383983,0.034404711650455166,0.3995929339021109
MISO,2.2286105407255303,0.03510492074874065,0.3995929339021109
MISO,2.239561943874059,0.03510492074874065,0.3995929339021109
MISO,2.242299794661191,0.03510492074874065,0.4000601257577714
MISO,2.245037645448323,0.03510492074874065,0.4002937216856016
MISO,2.2477754962354553,0.03510492074874065,0.40052741430048805
MISO,2.2505133470225873,0.03510492074874065,0.4007611069153745
MISO,2.2532511978097194,0.03510492074874065,0.4009947995302609
MISO,2.2559890485968515,0.0353386133636271,0.4009947995302609
MISO,2.2642026009582477,0.0353386133636271,0.4014621847600338
MISO,2.269678302532512,0.0353386133636271,0.40520281872849434
MISO,2.2751540041067764,0.0353386133636271,0.4059041875975807
MISO,2.2778918548939084,0.0353386133636271,0.40613797722060946
MISO,2.2806297056810405,0.0353386133636271,0.40637176684363824
MISO,2.2888432580424367,0.035806192609684664,0.40637176684363824
MISO,2.291581108829569,0.036039982232713444,0.40637176684363824
MISO,2.297056810403833,0.03650756147877101,0.40637176684363824
MISO,2.299794661190965,0.03674135110179979,0.4068393460896958
MISO,2.302532511978097,0.03674135110179979,0.4077745045818109
MISO,2.305270362765229,0.03720912722332938,0.4077745045818109
MISO,2.308008213552361,0.03720912722332938,0.4080084912463113
MISO,2.3134839151266258,0.03744311388782974,0.4080084912463113
MISO,2.31895961670089,0.03744311388782974,0.40824247791081164
MISO,2.321697467488022,0.03744311388782974,0.408476464575312
MISO,2.327173169062286,0.03744311388782974,0.40871045123981237
MISO,2.3381245722108144,0.03744311388782974,0.4091784245688131
MISO,2.3408624229979464,0.03744311388782974,0.40941241123331346
MISO,2.3436002737850785,0.03744311388782974,0.40941241123331346
MISO,2.351813826146475,0.03767719957334766,0.40964649691883137
MISO,2.3545516769336072,0.037911285258865585,0.41128509671745683
MISO,2.3572895277207393,0.03814537094438351,0.4119873537740106
MISO,2.3600273785078714,0.03837945662990143,0.4122214394595285
MISO,2.3655030800821355,0.03884762800093728,0.4124555251450464
MISO,2.3682409308692676,0.0390817136864552,0.4124555251450464
MISO,2.3709787816563996,0.0390817136864552,0.41292369651608224
MISO,2.379192334017796,0.039315799371973124,0.41315778220160015
MISO,2.3846680355920604,0.039315799371973124,0.41339186788711807
MISO,2.3983572895277208,0.039315799371973124,0.41549863905677936
MISO,2.406570841889117,0.039315799371973124,0.4157327247422973
MISO,2.409308692676249,0.039315799371973124,0.4159668104278152
MISO,2.412046543463381,0.039315799371973124,0.4162009967520629
MISO,2.414784394250513,0.03978417202046858,0.4166693694005584
MISO,2.425735797399042,0.0400183583447163,0.41924541896728335
MISO,2.433949349760438,0.040252544668964024,0.41924541896728335
MISO,2.43668720054757,0.040252544668964024,0.41947960529153105
MISO,2.439425051334702,0.040252544668964024,0.41971379161577876
MISO,2.4421629021218343,0.04048673099321175,0.4199479779400265
MISO,2.4449007529089664,0.04072091731745947,0.4201821642642742
MISO,2.4476386036960984,0.04072091731745947,0.4204163505885219
MISO,2.4503764544832305,0.040955103641707194,0.4206505369127696
MISO,2.458590006844627,0.04118928996595492,0.4206505369127696
MISO,2.461327857631759,0.04165766261445037,0.4206505369127696
MISO,2.4640657084188913,0.04165766261445037,0.4208847232370173
MISO,2.4695414099931554,0.04165766261445037,0.421118909561265
MISO,2.4722792607802875,0.041891848938698094,0.42135309588551273
MISO,2.4777549623545516,0.041891848938698094,0.42158728220976044
MISO,2.4804928131416837,0.041891848938698094,0.42182146853400815
MISO,2.4914442162902124,0.041891848938698094,0.42205565485825586
MISO,2.4941820670773445,0.041891848938698094,0.42228984118250357
MISO,2.4996577686516086,0.041891848938698094,0.4225240275067513
MISO,2.5051334702258727,0.041891848938698094,0.422758213830999
MISO,2.510609171800137,0.041891848938698094,0.4229924001552467
MISO,2.524298425735797,0.04212603526294582,0.4229924001552467
MISO,2.532511978097194,0.04212603526294582,0.4241633317764853
MISO,2.535249828884326,0.04212603526294582,0.424397518100733
MISO,2.54072553045859,0.04236022158719354,0.4246317044249807
MISO,2.546201232032854,0.04236022158719354,0.4255684497219716
MISO,2.5489390828199863,0.04236022158719354,0.4258026360462193
MISO,2.5516769336071183,0.04236022158719354,0.426036822370467
MISO,2.5571526351813825,0.042594407911441264,0.42627100869471474
MISO,2.5626283367556466,0.042594407911441264,0.4267393813432102
MISO,2.565366187542779,0.042594407911441264,0.4276761266402011
MISO,2.568104038329911,0.042594407911441264,0.4279103129644488
MISO,2.5790554414784395,0.042594407911441264,0.4283786856129443
MISO,2.5817932922655715,0.04282859423568899,0.4283786856129443
MISO,2.5872689938398357,0.04306278055993671,0.428612871937192
MISO,2.5900068446269677,0.04329696688418443,0.4288470582614397
MISO,2.595482546201232,0.043531153208432156,0.4293154309099352
MISO,2.598220396988364,0.043531153208432156,0.4295496172341829
MISO,2.6064339493497606,0.04376533953267988,0.4297838035584306
MISO,2.6119096509240247,0.04376533953267988,0.4300179898826783
MISO,2.620123203285421,0.04376533953267988,0.4307205488554215
MISO,2.622861054072553,0.04423392099644439,0.4307205488554215
MISO,2.628336755646817,0.04446821172832664,0.4307205488554215
MISO,2.6338124572210813,0.0447025024602089,0.4307205488554215
MISO,2.642026009582478,0.0447025024602089,0.43095483958730374
MISO,2.64476386036961,0.0447025024602089,0.43142342105106823
MISO,2.647501711156742,0.04493679319209115,0.43142342105106823
MISO,2.650239561943874,0.04493679319209115,0.43189200251483273
MISO,2.652977412731006,0.04493679319209115,0.4323605839785972
MISO,2.6557152635181382,0.04540537465585566,0.4323605839785972
MISO,2.6611909650924024,0.04540537465585566,0.43259487471047947
MISO,2.6666666666666665,0.045639665387737914,0.4328291654423617
MISO,2.6694045174537986,0.04587395611962017,0.43306345617424397
MISO,2.674880219028063,0.04587395611962017,0.4332977469061262
MISO,2.6803559206023273,0.04610824685150242,0.43353203763800846
MISO,2.6830937713894594,0.04610824685150242,0.43400061910177296
MISO,2.6913073237508556,0.04634253758338468,0.43400061910177296
MISO,2.6940451745379876,0.04634253758338468,0.4342349098336552
MISO,2.6967830253251197,0.04657682831526693,0.43446920056553745
MISO,2.6995208761122518,0.04657682831526693,0.4347034912974197
MISO,2.702258726899384,0.046811119047149186,0.4347034912974197
MISO,2.704996577686516,0.04704540977903144,0.4347034912974197
MISO,2.707734428473648,0.047279700510913694,0.4347034912974197
MISO,2.7104722792607805,0.04751420336659123,0.4347034912974197
MISO,2.7214236824093088,0.04751420336659123,0.43493799415309725
MISO,2.729637234770705,0.04751420336659123,0.4354069998644523
MISO,2.732375085557837,0.04774870622226876,0.43728302270987257
MISO,2.735112936344969,0.04774870622226876,0.4375175255655501
MISO,2.7405886379192332,0.04774870622226876,0.4377520284212277
MISO,2.746064339493498,0.04774870622226876,0.43798653127690523
MISO,2.751540041067762,0.04774870622226876,0.4384555369882603
MISO,2.7679671457905544,0.04774870622226876,0.43892454269961534
MISO,2.7789185489390826,0.04774870622226876,0.43962805126664795
MISO,2.7816563997262147,0.047983209077946294,0.43962805126664795
MISO,2.784394250513347,0.047983209077946294,0.4398625541223255
MISO,2.7898699520876113,0.04821771193362383,0.44009705697800305
MISO,2.7953456536618755,0.04845221478930136,0.4405660626893581
MISO,2.8008213552361396,0.048686717644978894,0.4405660626893581
MISO,2.8062970568104038,0.048686717644978894,0.44080056554503566
MISO,2.809034907597536,0.04892122050065643,0.44150407411206827
MISO,2.8145106091718,0.04892122050065643,0.4417385769677458
MISO,2.817248459958932,0.04892122050065643,0.44338009695748853
MISO,2.8199863107460645,0.04892122050065643,0.44408360552452114
MISO,2.833675564681725,0.04892122050065643,0.4445526112358762
MISO,2.836413415468857,0.04915572335633396,0.44478711409155375
MISO,2.839151266255989,0.04915572335633396,0.44549062265858635
MISO,2.841889117043121,0.04915572335633396,0.4457251255142639
MISO,2.844626967830253,0.04915572335633396,0.44595962836994146
MISO,2.847364818617385,0.04915572335633396,0.446194131225619
MISO,2.8501026694045173,0.04962472906768902,0.446194131225619
MISO,2.855578370978782,0.04962472906768902,0.44783565121536173
MISO,2.858316221765914,0.04962472906768902,0.449711674060782
MISO,2.861054072553046,0.04962472906768902,0.44994617691645955
MISO,2.86652977412731,0.04962472906768902,0.4504151826278146
MISO,2.869267624914442,0.049859231923366554,0.45088418833916966
MISO,2.8720054757015743,0.05009373477904409,0.4581537768651731
MISO,2.8747433264887063,0.05032823763472162,0.4759759938966654
MISO,2.8774811772758384,0.05032823763472162,0.4891081538146071
MISO,2.8802190280629705,0.05032823763472162,0.49731575376332066
MISO,2.8829568788501025,0.05032823763472162,0.49801926233035326
MISO,2.8856947296372346,0.050562740490399154,0.4982537651860308
MISO,2.891170431211499,0.050562740490399154,0.4994262794644185
MISO,2.8939082819986313,0.050562740490399154,0.49966078232009603
MISO,2.9021218343600275,0.050562740490399154,0.5005987937428061
MISO,2.9048596851471595,0.05079724334607669,0.5008332965984836
MISO,2.9103353867214237,0.05103174620175422,0.5010677994541611
MISO,2.9130732375085557,0.05103174620175422,0.5020058108768712
MISO,2.915811088295688,0.05103174620175422,0.5022403137325487
MISO,2.924024640657084,0.05103174620175422,0.5024748165882262
MISO,2.926762491444216,0.05103174620175422,0.5027093194439037
MISO,2.9295003422313486,0.05103174620175422,0.5029438222995812
MISO,2.9322381930184807,0.05103174620175422,0.5031783251552587
MISO,2.940451745379877,0.05103174620175422,0.5034128280109362
MISO,2.943189596167009,0.05150075191310928,0.5041163365779688
MISO,2.945927446954141,0.05150075191310928,0.5043508394336463
MISO,2.948665297741273,0.05173525476878681,0.5043508394336463
MISO,2.951403148528405,0.05173525476878681,0.5048198451450014
MISO,2.954140999315537,0.05173525476878681,0.5050543480006789
MISO,2.973305954825462,0.05173525476878681,0.5052888508563564
MISO,2.976043805612594,0.05173525476878681,0.5055233537120339
MISO,2.9787816563997263,0.05173525476878681,0.505992359423389
MISO,2.9815195071868583,0.05173525476878681,0.5066958679904217
MISO,2.9842573579739904,0.05173525476878681,0.5069303708460992
MISO,2.9869952087611225,0.05173525476878681,0.5073993765574543
MISO,2.9897330595482545,0.05173525476878681,0.5076338794131318
MISO,2.9924709103353866,0.05173525476878681,0.5102134108255846
MISO,2.9952087611225187,0.05173525476878681,0.5116204279596498
MISO,2.9979466119096507,0.05173525476878681,0.5118549308153273
MISO,3.0088980150581794,0.05173525476878681,0.5118549308153273
MISO,3.0116358658453115,0.05196988370126847,0.5120895597478089
MISO,3.0171115674195756,0.05220451263375012,0.5120895597478089
MISO,3.028062970568104,0.05243914156623178,0.5120895597478089
MISO,3.0362765229295,0.05243914156623178,0.5123241886802905
MISO,3.0390143737166326,0.05243914156623178,0.5125588176127721
MISO,3.0417522245037647,0.052908399431195095,0.5127934465452537
MISO,3.0444900752908968,0.053143155190126745,0.5127934465452537
MISO,3.047227926078029,0.053377910949058395,0.5130282023041853
MISO,3.052703627652293,0.053377910949058395,0.5130282023041853
MISO,3.055441478439425,0.05384767680685553,0.5130282023041853
MISO,3.058179329226557,0.05384767680685553,0.5151421486642724
MISO,3.060917180013689,0.05384767680685553,0.5163165633087653
MISO,3.0636550308008212,0.05384767680685553,0.5165514462376639
MISO,3.0663928815879533,0.05384767680685553,0.5174909779532582
MISO,3.0691307323750854,0.05384767680685553,0.5177258608821568
MISO,3.0718685831622174,0.05384767680685553,0.5181956267399539
MISO,3.07460643394935,0.05384767680685553,0.5184305096688525
MISO,3.077344284736482,0.05384767680685553,0.5189002755266496
MISO,3.080082135523614,0.05384767680685553,0.5191351584555483
MISO,3.082819986310746,0.0540825597357541,0.5193700413844469
MISO,3.0882956878850103,0.0540825597357541,0.519839807242244
MISO,3.0965092402464065,0.0540825597357541,0.5200746901711426
MISO,3.0992470910335386,0.054552325593551235,0.5200746901711426
MISO,3.1019849418206706,0.054552325593551235,0.5203095731000412
MISO,3.1047227926078027,0.054552325593551235,0.5207793389578383
MISO,3.1074606433949348,0.0547872085224498,0.521014221886737
MISO,3.1101984941820673,0.0547872085224498,0.5212491048156356
MISO,3.1156741957563314,0.0547872085224498,0.5332281341894625
MISO,3.1184120465434635,0.0547872085224498,0.5468513440655793
MISO,3.1211498973305956,0.0547872085224498,0.5517838855724493
MISO,3.1238877481177276,0.0547872085224498,0.5550722465770292
MISO,3.1266255989048597,0.05525697438024694,0.5550722465770292
MISO,3.132101300479124,0.055726740238044074,0.5555420124348264
MISO,3.134839151266256,0.05596162316694264,0.5569513100082177
MISO,3.137577002053388,0.05619650609584121,0.5581257246527106
MISO,3.14031485284052,0.05619650609584121,0.5585954905105077
MISO,3.1457905544147846,0.05643138902473978,0.5590652563683048
MISO,3.1512662559890487,0.05643138902473978,0.5593001392972035
MISO,3.156741957563313,0.05643138902473978,0.5602396710127977
MISO,3.159479808350445,0.05643138902473978,0.5609443197994934
MISO,3.162217659137577,0.05643138902473978,0.5616489685861892
MISO,3.164955509924709,0.05643138902473978,0.5618838515150878
MISO,3.167693360711841,0.056901154882536914,0.5621187344439864
MISO,3.1731690622861053,0.056901154882536914,0.5632931490884793
MISO,3.189596167008898,0.056901154882536914,0.5635280320173779
MISO,3.1950718685831623,0.05713603781143548,0.5637629149462765
MISO,3.1978097193702943,0.05713603781143548,0.5639977978751751
MISO,3.2005475701574264,0.05713603781143548,0.5642326808040737
MISO,3.2087611225188226,0.05713603781143548,0.5654070954485666
MISO,3.2224503764544834,0.05737092074033405,0.5656419783774652
MISO,3.2279260780287475,0.05760580366923262,0.5656419783774652
MISO,3.2361396303901437,0.057840686598131186,0.5656419783774652
MISO,3.238877481177276,0.057840686598131186,0.5658768613063638
MISO,3.241615331964408,0.057840686598131186,0.5661117442352624
MISO,3.247091033538672,0.057840686598131186,0.5663466271641611
MISO,3.252566735112936,0.057840686598131186,0.5668163930219582
MISO,3.2580424366872007,0.058075569527029754,0.5668163930219582
MISO,3.263518138261465,0.058075569527029754,0.5672861588797553
MISO,3.266255989048597,0.058075569527029754,0.5677559247375524
MISO,3.268993839835729,0.058075569527029754,0.567990807666451
MISO,3.271731690622861,0.05831045245592832,0.5682256905953497
MISO,3.2826830937713893,0.05831045245592832,0.5684605735242483
MISO,3.293634496919918,0.05831045245592832,0.5684605735242483
MISO,3.29637234770705,0.05831045245592832,0.5684605735242483
MISO,3.299110198494182,0.05859821573582024,0.5687483368041402
MISO,3.3018480492813143,0.0588921064672556,0.5690422275355755
MISO,3.3045859000684463,0.0588921064672556,0.5696346887871634
MISO,3.3100616016427105,0.0588921064672556,0.5696346887871634
MISO,3.3127994524298425,0.0588921064672556,0.5699323435986583
MISO,3.3155373032169746,0.0588921064672556,0.5702314375148018
MISO,3.3182751540041067,0.0588921064672556,0.5702314375148018
MISO,3.3210130047912387,0.0588921064672556,0.570830591724847
MISO,3.323750855578371,0.0588921064672556,0.5711304114024242
MISO,3.3292265571526354,0.059191926144832846,0.5711304114024242
MISO,3.3319644079397674,0.059191926144832846,0.5726295097903104
MISO,3.3347022587268995,0.059191926144832846,0.5729298185701349
MISO,3.3374401095140316,0.059191926144832846,0.5729298185701349
MISO,3.3401779603011637,0.05949272602650499,0.5729298185701349
MISO,3.3429158110882957,0.05949272602650499,0.5741330180968235
MISO,3.345653661875428,0.05979352590817713,0.5744338179784957
MISO,3.34839151266256,0.05979352590817713,0.57503541774184
MISO,3.351129363449692,0.05979352590817713,0.57503541774184
MISO,3.356605065023956,0.05979352590817713,0.57503541774184
MISO,3.36208076659822,0.05979352590817713,0.5753369627925006
MISO,3.3675564681724848,0.05979352590817713,0.5753369627925006
MISO,3.373032169746749,0.06009557020561034,0.575941051387367
MISO,3.375770020533881,0.060397614503043554,0.575941051387367
MISO,3.378507871321013,0.060397614503043554,0.5762430956848001
MISO,3.383983572895277,0.060397614503043554,0.576545642970239
MISO,3.3867214236824092,0.060397614503043554,0.5768481902556779
MISO,3.3949349760438055,0.06070016178848248,0.5771507375411168
MISO,3.403148528405202,0.06070016178848248,0.5777558321119947
MISO,3.4086242299794662,0.06100270907392141,0.5777558321119947
MISO,3.4195756331279945,0.06130525635936034,0.5783609266828725
MISO,3.4223134839151266,0.06130525635936034,0.5786634739683114
MISO,3.4250513347022586,0.06130525635936034,0.5789660212537503
MISO,3.430527036276523,0.06160780364479927,0.5789660212537503
MISO,3.433264887063655,0.06160780364479927,0.5789660212537503
MISO,3.4387405886379194,0.061910861128021404,0.5789660212537503
MISO,3.4442162902121836,0.06251697609446567,0.5792690787369724
MISO,3.457905544147844,0.06282003357768781,0.5792690787369724
MISO,3.463381245722108,0.06312309106090995,0.5792690787369724
MISO,3.468856947296372,0.06312309106090995,0.5810874236363052
MISO,3.4715947980835042,0.06312309106090995,0.5816956107906689
MISO,3.4743326488706368,0.06342718463809181,0.5826078915222145
MISO,3.482546201232033,0.06342718463809181,0.5829119850993963
MISO,3.485284052019165,0.06342718463809181,0.5829119850993963
MISO,3.488021902806297,0.06342718463809181,0.5832166025242564
MISO,3.509924709103354,0.06342718463809181,0.5835212199491165
MISO,3.512662559890486,0.06342718463809181,0.5841309809083787
MISO,3.5181382614647503,0.06342718463809181,0.5844358613880097
MISO,3.5263518138261465,0.06342718463809181,0.5844358613880097
MISO,3.5290896646132786,0.06373312465023247,0.5844358613880097
MISO,3.5318275154004106,0.06373312465023247,0.5847418014001504
MISO,3.5373032169746748,0.06373312465023247,0.5856596214365724
MISO,3.540041067761807,0.06403906466237312,0.585965561448713
MISO,3.5455167693360714,0.06403906466237312,0.5865774414729944
MISO,3.5482546201232035,0.06403906466237312,0.5868833814851351
MISO,3.5509924709103355,0.06434527304294548,0.5868833814851351
MISO,3.5537303216974676,0.06434527304294548,0.5881082150074245
MISO,3.5564681724845997,0.06465148142351783,0.5896392569102863
MISO,3.564681724845996,0.06465148142351783,0.5899454652908587
MISO,3.567419575633128,0.06465148142351783,0.5917827155742929
MISO,3.57015742642026,0.06465148142351783,0.5923951323354376
MISO,3.572895277207392,0.06465148142351783,0.5930075490965824
MISO,3.575633127994524,0.06465148142351783,0.5933137574771548
MISO,3.578370978781656,0.06465148142351783,0.5936199658577271
MISO,3.5811088295687883,0.06495768980409018,0.5936199658577271
MISO,3.586584531143053,0.06495768980409018,0.5939261742382995
MISO,3.589322381930185,0.06495768980409018,0.5942326577387107
MISO,3.597535934291581,0.06495768980409018,0.5945391412391219
MISO,3.600273785078713,0.06495768980409018,0.5945391412391219
MISO,3.6030116358658453,0.06495768980409018,0.5954602499017643
MISO,3.6112251882272415,0.06526472602497096,0.5960743223435259
MISO,3.6167008898015056,0.06557176224585175,0.5963813585644067
MISO,3.62217659137577,0.06557176224585175,0.6012939380984992
MISO,3.6249144421629023,0.06587879846673253,0.60160097431938
MISO,3.6276522929500343,0.06587879846673253,0.6022150467611416
MISO,3.6303901437371664,0.06618668914833932,0.6022150467611416
MISO,3.6358658453114305,0.06618668914833932,0.6025229374427483
MISO,3.6386036960985626,0.06618668914833932,0.6028308281243551
MISO,3.6440793976728267,0.06618668914833932,0.6031387188059618
MISO,3.649555099247091,0.06649457982994611,0.6031387188059618
MISO,3.6550308008213555,0.06649457982994611,0.6031387188059618
MISO,3.6577686516084875,0.06680275772300963,0.6037550745920889
MISO,3.6605065023956196,0.06711093561607315,0.6040632524851524
MISO,3.6659822039698837,0.06711093561607315,0.6040632524851524
MISO,3.671457905544148,0.06741940260659733,0.605297120447249
MISO,3.67419575633128,0.06741940260659733,0.6056055874377733
MISO,3.682409308692676,0.06741940260659733,0.6059140544282975
MISO,3.685147159479808,0.06741940260659733,0.6059140544282975
MISO,3.6878850102669403,0.06741940260659733,0.6062233977454993
MISO,3.6906228610540723,0.06772874592379914,0.6062233977454993
MISO,3.696098562628337,0.06772874592379914,0.606532741062701
MISO,3.698836413415469,0.06803808924100095,0.606532741062701
MISO,3.704312114989733,0.06803808924100095,0.6068423787122693
MISO,3.7097878165639973,0.06834772689056927,0.6068423787122693
MISO,3.7125256673511293,0.06834772689056927,0.6068423787122693
MISO,3.7207392197125255,0.06834772689056927,0.6071523118176101
MISO,3.7234770704996576,0.06834772689056927,0.6074622449229509
MISO,3.7262149212867897,0.06834772689056927,0.608394718637773
MISO,3.7316906228610542,0.06834772689056927,0.6087055432093803
MISO,3.7344284736481863,0.06834772689056927,0.609327192352595
MISO,3.7371663244353184,0.06834772689056927,0.609327192352595
MISO,3.7399041752224504,0.06834772689056927,0.613067908957123
MISO,3.7453798767967146,0.06834772689056927,0.6133802465690371
MISO,3.7481177275838466,0.0686600645024833,0.6133802465690371
MISO,3.7508555783709787,0.06897240211439733,0.6133802465690371
MISO,3.753593429158111,0.06897240211439733,0.6140049217928651
MISO,3.756331279945243,0.06897240211439733,0.6143172594047792
MISO,3.759069130732375,0.06897240211439733,0.6146295970166933
MISO,3.761806981519507,0.06897240211439733,0.6146295970166933
MISO,3.7645448323066395,0.06928785376032844,0.6149450486626244
MISO,3.7672826830937716,0.06928785376032844,0.6152605003085556
MISO,3.7700205338809036,0.06960330540625954,0.6152605003085556
MISO,3.7727583846680357,0.06960330540625954,0.6152605003085556
MISO,3.7754962354551678,0.06960330540625954,0.6155794640679536
MISO,3.7782340862423,0.06960330540625954,0.6155794640679536
MISO,3.783709787816564,0.0699238932173856,0.6155794640679536
MISO,3.79192334017796,0.0699238932173856,0.6155794640679536
MISO,3.7946611909650922,0.07056637869790584,0.6155794640679536
MISO,3.7973990417522243,0.07088762143816596,0.6155794640679536
MISO,3.808350444900753,0.07120886417842608,0.6159007068082137
MISO,3.811088295687885,0.07120886417842608,0.6159007068082137
MISO,3.813826146475017,0.07153043707566488,0.6162222797054525
MISO,3.8193018480492813,0.07153043707566488,0.6165441841211421
MISO,3.8275154004106775,0.07185234149135444,0.6165441841211421
MISO,3.8302532511978096,0.07185234149135444,0.6168660885368317
MISO,3.8329911019849416,0.07185234149135444,0.617188326186906
MISO,3.8412046543463383,0.07249681679150312,0.617188326186906
MISO,3.8466803559206024,0.07249681679150312,0.6175105638369803
MISO,3.8494182067077345,0.07281905444157746,0.6175105638369803
MISO,3.8521560574948666,0.07281905444157746,0.6178328014870547
MISO,3.8548939082819986,0.07281905444157746,0.618155039137129
MISO,3.8603696098562628,0.07314162845663101,0.6184776131521825
MISO,3.865845311430527,0.07314162845663101,0.6184776131521825
MISO,3.868583162217659,0.07314162845663101,0.6188005249410738
MISO,3.8740588637919235,0.073788129708682,0.6188005249410738
MISO,3.8767967145790556,0.07443531148836671,0.6194477067207586
MISO,3.8795345653661877,0.07508249326805144,0.6194477067207586
MISO,3.8822724161533197,0.07508249326805144,0.6197716407610674
MISO,3.885010266940452,0.07508249326805144,0.6197716407610674
MISO,3.887748117727584,0.07508249326805144,0.6200962640227385
MISO,3.893223819301848,0.07508249326805144,0.6204208872844097
MISO,3.898699520876112,0.07508249326805144,0.6207455105460808
MISO,3.9014373716632442,0.0754071165297226,0.621070133807752
MISO,3.9041752224503763,0.0754071165297226,0.6213947570694232
MISO,3.9069130732375084,0.0754071165297226,0.6217197282659943
MISO,3.909650924024641,0.07573208772629371,0.6230196130522788
MISO,3.912388774811773,0.07573208772629371,0.62334458424885
MISO,3.9288158795345653,0.07573208772629371,0.6243194978385633
MISO,3.9315537303216974,0.07573208772629371,0.6249701451583792
MISO,3.9342915811088295,0.07605741138620167,0.6249701451583792
MISO,3.9397672826830936,0.07605741138620167,0.6252954688182872
MISO,3.9425051334702257,0.07605741138620167,0.6259461161381031
MISO,3.9479808350444903,0.07703338236592557,0.6259461161381031
MISO,3.9589322381930185,0.07768402968574149,0.6259461161381031
MISO,3.9616700889801506,0.07768402968574149,0.626596763457919
MISO,3.969883641341547,0.07768402968574149,0.626922087117827
MISO,3.980835044490075,0.07768402968574149,0.6272481289315096
MISO,3.9863107460643397,0.07768402968574149,0.62855229618624
MISO,4.002737850787132,0.07801007149942409,0.62855229618624
MISO,4.005475701574264,0.07833611331310668,0.62855229618624
MISO,4.008213552361396,0.07866215512678927,0.62855229618624
MISO,4.010951403148528,0.07898819694047186,0.62855229618624
MISO,4.016427104722792,0.07964028056783705,0.62855229618624
MISO,4.0219028062970565,0.07964028056783705,0.6292043798136052
MISO,4.024640657084189,0.07996632238151964,0.630182505254653
MISO,4.027378507871321,0.07996632238151964,0.6305089142325402
MISO,4.030116358658453,0.07996632238151964,0.6308368018467938
MISO,4.032854209445585,0.08029420999577325,0.6308368018467938
MISO,4.03832991101985,0.08062209761002687,0.6324762399180619
MISO,4.041067761806982,0.08062209761002687,0.6324762399180619
MISO,4.046543463381246,0.08062209761002687,0.6328045026897688
MISO,4.049281314168378,0.08062209761002687,0.6331331419096086
MISO,4.05201916495551,0.08062209761002687,0.6337904203492879
MISO,4.054757015742642,0.08095073682986655,0.6344476987889672
MISO,4.060232717316906,0.08095073682986655,0.6351049772286466
MISO,4.0629705681040384,0.08127937604970623,0.6351049772286466
MISO,4.0657084188911705,0.08127937604970623,0.6354339977004814
MISO,4.068446269678303,0.08127937604970623,0.6357630181723162
MISO,4.076659822039699,0.08127937604970623,0.6357630181723162
MISO,4.079397672826831,0.08127937604970623,0.6357630181723162
MISO,4.082135523613963,0.08127937604970623,0.6357630181723162
MISO,4.084873374401095,0.08127937604970623,0.6357630181723162
MISO,4.087611225188227,0.08127937604970623,0.6357630181723162
MISO,4.090349075975359,0.08195469253127657,0.6357630181723162
MISO,4.095824777549623,0.08229235077206175,0.6357630181723162
MISO,4.098562628336755,0.08263000901284692,0.6361006764131013
MISO,4.1040383299110195,0.08263000901284692,0.6364383346538864
MISO,4.1067761806981515,0.08263000901284692,0.6364383346538864
MISO,4.114989733059549,0.08263000901284692,0.6367768065289867
MISO,4.120465434633813,0.0829688896704051,0.6371156871865449
MISO,4.123203285420945,0.08330859285383113,0.6371156871865449
MISO,4.125941136208077,0.08364829603725717,0.6371156871865449
MISO,4.136892539356605,0.08364829603725717,0.6377959210885575
MISO,4.139630390143737,0.08364829603725717,0.6381360380395639
MISO,4.145106091718001,0.08364829603725717,0.6381360380395639
MISO,4.147843942505133,0.08364829603725717,0.6384769886105481
MISO,4.15605749486653,0.08364829603725717,0.6391588897525167
MISO,4.158795345653662,0.08364829603725717,0.6391588897525167
MISO,4.161533196440794,0.08364829603725717,0.6391588897525167
MISO,4.164271047227926,0.08433272273901081,0.6391588897525167
MISO,4.172484599589322,0.08467536014608451,0.6401868019737378
MISO,4.177960301163586,0.08467536014608451,0.6408729312452595
MISO,4.180698151950718,0.08467536014608451,0.6412159958810203
MISO,4.191649555099247,0.08467536014608451,0.6415590605167811
MISO,4.1943874058863795,0.08467536014608451,0.6429313190598244
MISO,4.1971252566735116,0.08467536014608451,0.6439605129671069
MISO,4.199863107460644,0.08467536014608451,0.6449923157309351
MISO,4.202600958247776,0.08467536014608451,0.6453371273688471
MISO,4.205338809034908,0.08467536014608451,0.646371562282583
MISO,4.20807665982204,0.08502017178399647,0.646716373920495
MISO,4.210814510609172,0.08502017178399647,0.6484404321100548
MISO,4.213552361396304,0.08502017178399647,0.6487856903951661
MISO,4.216290212183436,0.08502017178399647,0.6494762069653888
MISO,4.219028062970568,0.08502017178399647,0.6498214652505001
MISO,4.2217659137577,0.0864012049244418,0.6501667235356114
MISO,4.224503764544832,0.0864012049244418,0.6508590548668597
MISO,4.232717316906228,0.0864012049244418,0.6515513861981079
MISO,4.240930869267625,0.086747828481158,0.6518980097548241
MISO,4.243668720054757,0.086747828481158,0.6522450936349888
MISO,4.246406570841889,0.086747828481158,0.6525921775151535
MISO,4.249144421629021,0.086747828481158,0.6529392613953182
MISO,4.251882272416153,0.086747828481158,0.6532863452754829
MISO,4.254620123203286,0.086747828481158,0.6539805130358123
MISO,4.268309377138946,0.086747828481158,0.654327596915977
MISO,4.271047227926078,0.0874419962414874,0.654327596915977
MISO,4.284736481861739,0.08813616400181679,0.654327596915977
MISO,4.287474332648871,0.08813616400181679,0.6546746807961417
MISO,4.290212183436003,0.08813616400181679,0.6546746807961417
MISO,4.292950034223135,0.08813616400181679,0.6546746807961417
MISO,4.295687885010267,0.08813616400181679,0.6553707272242933
MISO,4.298425735797399,0.08813616400181679,0.655719223295997
MISO,4.303901437371663,0.08848466007352045,0.655719223295997
MISO,4.306639288158795,0.08848466007352045,0.655719223295997
MISO,4.309377138945927,0.08848466007352045,0.655719223295997
MISO,4.312114989733059,0.08848466007352045,0.6564190758722773
MISO,4.314852840520191,0.08848466007352045,0.6567690021604176
MISO,4.317590691307323,0.08848466007352045,0.6574707827052276
MISO,4.323066392881588,0.08918644061833053,0.6574707827052276
MISO,4.32580424366872,0.08918644061833053,0.6578216729776327
MISO,4.328542094455853,0.08918644061833053,0.6581725632500378
MISO,4.331279945242985,0.08918644061833053,0.6585239415478565
MISO,4.336755646817249,0.08918644061833053,0.6588758099130362
MISO,4.339493497604381,0.08918644061833053,0.6592276782782158
MISO,4.344969199178645,0.08918644061833053,0.6592276782782158
MISO,4.347707049965777,0.08918644061833053,0.6592276782782158
MISO,4.350444900752909,0.08954128671297575,0.6610019087514418
MISO,4.353182751540041,0.08954128671297575,0.6620740726677838
MISO,4.355920602327173,0.08954128671297575,0.6620740726677838
MISO,4.358658453114305,0.08954128671297575,0.6620740726677838
MISO,4.3641341546885695,0.08990495382954856,0.6620740726677838
MISO,4.3668720054757015,0.09026862094612138,0.6620740726677838
MISO,4.369609856262834,0.09063389720922772,0.6620740726677838
MISO,4.372347707049966,0.09063389720922772,0.6620740726677838
MISO,4.375085557837098,0.09136988539411757,0.6620740726677838
MISO,4.383299110198494,0.09136988539411757,0.6620740726677838
MISO,4.386036960985626,0.09136988539411757,0.6620740726677838
MISO,4.388774811772758,0.09136988539411757,0.6620740726677838
MISO,4.39151266255989,0.09136988539411757,0.6624557383673784
MISO,4.394250513347022,0.09136988539411757,0.6628379967155748
MISO,4.396988364134154,0.09175273916030185,0.6628379967155748
MISO,4.399726214921286,0.09175273916030185,0.663220850481759
MISO,4.402464065708419,0.09175273916030185,0.663220850481759
MISO,4.407939767282683,0.09175273916030185,0.663220850481759
MISO,4.4106776180698155,0.092140439176691,0.6636085504981482
MISO,4.41615331964408,0.09291583920946929,0.6636085504981482
MISO,4.424366872005476,0.09291583920946929,0.6639962505145373
MISO,4.42984257357974,0.09330353922585843,0.6639962505145373
MISO,4.432580424366872,0.09369123924224758,0.6639962505145373
MISO,4.4435318275154,0.09369123924224758,0.6639962505145373
MISO,4.4517453798767965,0.09369123924224758,0.6639962505145373
MISO,4.459958932238193,0.09408143652122215,0.6639962505145373
MISO,4.462696783025325,0.09447163380019673,0.6639962505145373
MISO,4.465434633812457,0.0948618310791713,0.6639962505145373
MISO,4.484599589322382,0.09525202835814588,0.6639962505145373
MISO,4.506502395619439,0.09525202835814588,0.6643864477935119
MISO,4.517453798767967,0.09525202835814588,0.6647766450724865
MISO,4.520191649555099,0.09525202835814588,0.6651668423514611
MISO,4.531143052703627,0.09525202835814588,0.6659472369094103
MISO,4.5366187542778915,0.09525202835814588,0.6663374341883849
MISO,4.539356605065024,0.09564222563712045,0.6667276314673595
MISO,4.544832306639288,0.09564222563712045,0.6671178287463341
MISO,4.569472963723477,0.09564222563712045,0.6675080260253087
MISO,4.58590006844627,0.09603242291609503,0.6675080260253087
MISO,4.594113620807666,0.09720301475301876,0.6675080260253087
MISO,4.602327173169062,0.09720301475301876,0.6678982233042833
MISO,4.616016427104722,0.09759321203199334,0.6678982233042833
MISO,4.618754277891855,0.09798340931096791,0.6678982233042833
MISO,4.621492128678987,0.09837360658994249,0.6678982233042833
MISO,4.63791923340178,0.09876380386891706,0.6678982233042833
MISO,4.670773442847365,0.09915400114789163,0.6678982233042833
MISO,4.673511293634497,0.09954419842686621,0.6678982233042833
MISO,4.678986995208761,0.09954419842686621,0.6682884205832579
MISO,4.681724845995893,0.09954419842686621,0.6686786178622325
MISO,4.7091033538672145,0.09954419842686621,0.6686786178622325
MISO,4.720054757015743,0.09954419842686621,0.6690707958380546
MISO,4.736481861738535,0.09954419842686621,0.6694629738138768
MISO,4.747433264887063,0.09993637640268838,0.6694629738138768
MISO,4.761122518822724,0.10032922248409117,0.6694629738138768
MISO,4.772073921971253,0.10032922248409117,0.6698558198952795
MISO,4.785763175906913,0.10072206856549396,0.6698558198952795
MISO,4.791238877481177,0.10111491464689674,0.6698558198952795
MISO,4.80766598220397,0.10150776072829953,0.6698558198952795
MISO,4.810403832991102,0.10150776072829953,0.6698558198952795
MISO,4.832306639288158,0.10150776072829953,0.6702493421317277
MISO,4.8405201916495555,0.10150776072829953,0.6706428643681759
MISO,4.84599589322382,0.10190128296474776,0.6706428643681759
MISO,4.851471594798084,0.10190128296474776,0.6710363866046241
MISO,4.85968514715948,0.10190128296474776,0.6714299088410722
MISO,4.865160848733744,0.10190128296474776,0.6718234310775204
MISO,4.867898699520876,0.10229480520119599,0.6718234310775204
MISO,4.87337440109514,0.10268832743764422,0.6718234310775204
MISO,4.876112251882272,0.10426241638343714,0.6722169533139686
MISO,4.878850102669404,0.1050494608563336,0.6722169533139686
MISO,4.889801505817933,0.1050494608563336,0.6726104755504168
MISO,4.892539356605065,0.10544298309278183,0.6726104755504168
MISO,4.900752908966461,0.10583650532923006,0.6726104755504168
MISO,4.906228610540725,0.10583650532923006,0.6730039977868649
MISO,4.91170431211499,0.10583650532923006,0.6733975200233131
MISO,4.914442162902122,0.10583650532923006,0.6737910422597613
MISO,4.9253935660506505,0.10662354980212652,0.6737910422597613
MISO,4.944558521560575,0.10701707203857475,0.6737910422597613
MISO,4.947296372347707,0.10701707203857475,0.6745780867326577
MISO,4.955509924709103,0.10741059427502297,0.6749716089691059
MISO,4.958247775496235,0.1078041165114712,0.6749716089691059
MISO,4.960985626283367,0.10819763874791943,0.6749716089691059
MISO,4.9664613278576315,0.10819763874791943,0.6753651312055541
MISO,4.985626283367557,0.10898468322081589,0.6753651312055541
MISO,4.999315537303217,0.10898468322081589,0.6753651312055541
MISO,5.002053388090349,0.10898468322081589,0.6757600949153959
MISO,5.007529089664613,0.10898468322081589,0.6761557846614691
MISO,5.0102669404517455,0.10898468322081589,0.6765514744075423
MISO,5.021218343600274,0.10898468322081589,0.6769471641536154
MISO,5.026694045174538,0.10938037296688903,0.6769471641536154
MISO,5.040383299110198,0.11056744220510845,0.6769471641536154
MISO,5.04312114989733,0.11056744220510845,0.6773428538996886
MISO,5.048596851471594,0.11056744220510845,0.6777385436457618
MISO,5.100616016427105,0.11056744220510845,0.678529923137908
MISO,5.106091718001369,0.11096313195118158,0.678529923137908
MISO,5.117043121149897,0.11096313195118158,0.6789256128839812
MISO,5.119780971937029,0.11135882169725472,0.6789256128839812
MISO,5.130732375085558,0.112150201189401,0.6789256128839812
MISO,5.155373032169747,0.11254589093547414,0.6789256128839812
MISO,5.163586584531143,0.11294158068154728,0.6789256128839812
MISO,5.171800136892539,0.11294158068154728,0.6793213026300544
MISO,5.174537987679671,0.11294158068154728,0.6793213026300544
MISO,5.196440793976728,0.11294158068154728,0.6797177475092308
MISO,5.201916495550993,0.11294158068154728,0.6801141923884071
MISO,5.210130047912389,0.11373447043989994,0.6801141923884071
MISO,5.234770704996578,0.11413091531907626,0.6801141923884071
MISO,5.23750855578371,0.11413091531907626,0.6805106372675834
MISO,5.240246406570842,0.11452736019825259,0.6805106372675834
MISO,5.2676249144421625,0.11452736019825259,0.6813035270259361
MISO,5.2731006160164275,0.11492380507742891,0.6813035270259361
MISO,5.281314168377824,0.11532024995660524,0.6816999719051124
MISO,5.28952772073922,0.11571669483578156,0.6816999719051124
MISO,5.292265571526352,0.11611313971495789,0.6816999719051124
MISO,5.30321697467488,0.11611313971495789,0.6820964167842888
MISO,5.3114305270362765,0.11650958459413421,0.6820964167842888
MISO,5.319644079397673,0.11730247435248688,0.6820964167842888
MISO,5.330595482546201,0.1176989192316632,0.6820964167842888
MISO,5.344284736481861,0.1176989192316632,0.6824928616634651
MISO,5.347022587268994,0.1176989192316632,0.6828893065426415
MISO,5.3552361396303905,0.1176989192316632,0.6832857514218178
MISO,5.3579739904175225,0.1176989192316632,0.6836821963009941
MISO,5.374401095140315,0.1176989192316632,0.6840786411801705
MISO,5.379876796714579,0.1176989192316632,0.6844750860593468
MISO,5.3963039014373715,0.11809536411083953,0.6844750860593468
MISO,5.404517453798768,0.11809536411083953,0.6844750860593468
MISO,5.412731006160164,0.11849260666582909,0.6844750860593468
MISO,5.418206707734429,0.11849260666582909,0.6848723286143363
MISO,5.423682409308693,0.11849260666582909,0.6852695711693259
MISO,5.431895961670089,0.11849260666582909,0.6856668137243154
MISO,5.44558521560575,0.11888984922081865,0.6860640562793049
MISO,5.451060917180014,0.11888984922081865,0.6872557839442736
MISO,5.456536618754278,0.11888984922081865,0.6872557839442736
MISO,5.462012320328542,0.11928790746893961,0.6876538421923946
MISO,5.467488021902806,0.11968596571706057,0.6876538421923946
MISO,5.47296372347707,0.11968596571706057,0.6880519004405156
MISO,5.475701574264202,0.11968596571706057,0.6880519004405156
MISO,5.49760438056126,0.12008484981216933,0.6880519004405156
MISO,5.500342231348392,0.12008484981216933,0.6884507845356244
MISO,5.505817932922656,0.12008484981216933,0.6888496686307332
MISO,5.514031485284052,0.12048373390727808,0.6888496686307332
MISO,5.516769336071184,0.12048373390727808,0.6888496686307332
MISO,5.519507186858316,0.12048373390727808,0.6888496686307332
MISO,5.522245037645448,0.12048373390727808,0.6888496686307332
MISO,5.5249828884325805,0.12048373390727808,0.6888496686307332
MISO,5.530458590006845,0.12048373390727808,0.6888496686307332
MISO,5.533196440793977,0.12048373390727808,0.6888496686307332
MISO,5.535934291581109,0.12048373390727808,0.6893158461306402
MISO,5.538672142368241,0.12048373390727808,0.6893158461306402
MISO,5.541409993155373,0.12048373390727808,0.6893158461306402
MISO,5.544147843942505,0.12143236443077973,0.6893158461306402
MISO,5.546885694729637,0.12143236443077973,0.6893158461306402
MISO,5.552361396303901,0.12143236443077973,0.6893158461306402
MISO,5.555099247091033,0.12143236443077973,0.6893158461306402
MISO,5.557837097878165,0.12143236443077973,0.6893158461306402
MISO,5.563312799452429,0.12191762542934019,0.6893158461306402
MISO,5.574264202600959,0.12191762542934019,0.6898036149379788
MISO,5.607118412046543,0.12191762542934019,0.6902913837453174
MISO,5.626283367556468,0.12191762542934019,0.690779152552656
MISO,5.6290212183436,0.12191762542934019,0.6912669213599946
MISO,5.645448323066393,0.12240667111837335,0.6912669213599946
MISO,5.648186173853525,0.1228957168074065,0.6912669213599946
MISO,5.661875427789186,0.12338476249643966,0.6912669213599946
MISO,5.670088980150582,0.12387380818547282,0.6912669213599946
MISO,5.69472963723477,0.12387380818547282,0.6917559670490278
MISO,5.702943189596167,0.12387380818547282,0.6922450127380609
MISO,5.722108145106092,0.12387380818547282,0.6927340584270941
MISO,5.746748802190281,0.12387380818547282,0.6932231041161273
MISO,5.757700205338809,0.12387380818547282,0.6937121498051605
MISO,5.765913757700205,0.12387380818547282,0.6951792868722599
MISO,5.768651608487337,0.12387380818547282,0.6956683325612931
MISO,5.7850787132101305,0.12436285387450598,0.6956683325612931
MISO,5.798767967145791,0.12485189956353913,0.6956683325612931
MISO,5.8261464750171115,0.12485189956353913,0.6961573782503263
MISO,5.8288843258042435,0.12485189956353913,0.6966464239393595
MISO,5.856262833675565,0.12485189956353913,0.6971354696283927
MISO,5.883641341546886,0.12485189956353913,0.6976245153174259
MISO,5.943874058863792,0.12582999094160544,0.6976245153174259
MISO,5.9575633127994525,0.12582999094160544,0.698113561006459
MISO,5.973990417522245,0.12582999094160544,0.6986026066954922
MISO,5.979466119096509,0.12582999094160544,0.6990916523845254
MISO,5.990417522245037,0.1263190366306386,0.6995806980735586
MISO,6.0041067761806985,0.1263190366306386,0.7000697437625918
MISO,6.017796030116359,0.1263190366306386,0.700558789451625
MISO,6.039698836413415,0.12680808231967175,0.700558789451625
MISO,6.083504449007529,0.12680808231967175,0.7010478351406582
MISO,6.206707734428473,0.12680808231967175,0.7015368808296913
MISO,6.2587268993839835,0.12680808231967175,0.7020259265187245
MISO,6.269678302532512,0.12680808231967175,0.7025149722077577
MISO,6.291581108829569,0.12680808231967175,0.7030040178967909
MISO,6.3709787816564,0.12680808231967175,0.7034930635858241
MISO,6.439425051334703,0.12680808231967175,0.7039821092748573
MISO,6.458590006844627,0.12680808231967175,0.7044711549638905
MISO,6.4750171115674195,0.12680808231967175,0.7049602006529236
MISO,6.521560574948666,0.12680808231967175,0.7049602006529236
MISO,6.54072553045859,0.12729855379788577,0.7049602006529236
MISO,6.55441478439425,0.12729855379788577,0.7054506721311377
MISO,6.5598904859685145,0.12778902527609978,0.7054506721311377
MISO,6.581793292265571,0.12778902527609978,0.7059411436093517
MISO,6.620123203285421,0.1282794967543138,0.7059411436093517
MISO,6.633812457221081,0.1282794967543138,0.7064316150875657
MISO,6.669404517453799,0.1282794967543138,0.7074125580439937
MISO,6.674880219028063,0.1282794967543138,0.7074125580439937
MISO,6.680355920602327,0.12899699869842599,0.7074125580439937
MISO,6.685831622176591,0.12899699869842599,0.7074125580439937
MISO,6.71047227926078,0.12899699869842599,0.7081990505596552
MISO,6.746064339493498,0.12899699869842599,0.7089893610001499
MISO,6.74880219028063,0.12899699869842599,0.7097796714406446
MISO,6.757015742642026,0.12978730913892073,0.7097796714406446
MISO,6.7734428473648185,0.12978730913892073,0.7105699818811393
MISO,6.806297056810404,0.12978730913892073,0.711360292321634
MISO,6.8583162217659135,0.12978730913892073,0.711360292321634
MISO,6.86652977412731,0.12978730913892073,0.7121545543143313
MISO,6.940451745379876,0.12978730913892073,0.7121545543143313
MISO,6.976043805612594,0.12978730913892073,0.7145493745650395
MISO,6.9897330595482545,0.12978730913892073,0.7153476479819423
MISO,7.099247091033539,0.12978730913892073,0.716145921398845
MISO,7.129363449691992,0.12978730913892073,0.7169441948157478
MISO,7.167693360711842,0.1305855825558235,0.7169441948157478
MISO,7.173169062286106,0.1305855825558235,0.7177424682326505
MISO,7.2032854209445585,0.1305855825558235,0.7185407416495533
MISO,7.266255989048597,0.1305855825558235,0.719339015066456
MISO,7.271731690622861,0.1305855825558235,0.7201372884833588
MISO,7.277207392197125,0.1305855825558235,0.7209355619002615
MISO,7.2881587953456535,0.1305855825558235,0.7217338353171643
MISO,7.403148528405202,0.13138385597272628,0.7217338353171643
MISO,7.41409993155373,0.13138385597272628,0.722532108734067
MISO,7.474332648870637,0.13138385597272628,0.7233303821509698
MISO,7.477070499657769,0.13138385597272628,0.7241286555678725
MISO,7.479808350444901,0.13218212938962906,0.7241286555678725
MISO,7.592060232717317,0.13218212938962906,0.7249269289847753
MISO,7.60848733744011,0.13218212938962906,0.7265234758185808
MISO,7.660506502395619,0.13218212938962906,0.7265234758185808
MISO,7.693360711841205,0.13218212938962906,0.7273308723602482
MISO,7.731690622861054,0.13218212938962906,0.7281382689019156
MISO,7.759069130732375,0.13218212938962906,0.731367855068585
MISO,7.770020533880904,0.13218212938962906,0.7321752516102524
MISO,7.8056125941136205,0.13218212938962906,0.7321752516102524
MISO,7.811088295687885,0.13338250654892214,0.7321752516102524
MISO,7.813826146475017,0.13338250654892214,0.7321752516102524
MISO,7.816563997262149,0.13338250654892214,0.7321752516102524
MISO,7.838466803559206,0.13338250654892214,0.7334200871828527
MISO,7.874058863791923,0.13338250654892214,0.7346649227554529
MISO,7.882272416153319,0.13338250654892214,0.7359097583280532
MISO,7.885010266940451,0.1346273421215224,0.7359097583280532
MISO,7.898699520876113,0.1346273421215224,0.7371545939006534
MISO,7.956194387405886,0.13587217769412263,0.7371545939006534
MISO,7.967145790554415,0.13587217769412263,0.7383994294732537
MISO,7.969883641341547,0.13587217769412263,0.7396442650458539
MISO,7.994524298425736,0.13587217769412263,0.7408891006184541
MISO,8.049281314168377,0.13711701326672288,0.7408891006184541
MISO,8.05201916495551,0.13836184883932312,0.7408891006184541
MISO,8.125941136208077,0.13960668441192337,0.7408891006184541
MISO,8.183436002737851,0.13960668441192337,0.7421339361910544
MISO,8.188911704312115,0.13960668441192337,0.7433787717636546
MISO,8.199863107460644,0.13960668441192337,0.7446236073362549
MISO,8.317590691307323,0.13960668441192337,0.7458684429088551
MISO,8.421629021218344,0.13960668441192337,0.7471132784814554
MISO,8.438056125941136,0.13960668441192337,0.7483581140540556
MISO,8.542094455852157,0.13960668441192337,0.7483581140540556
MISO,8.553045859000685,0.13960668441192337,0.7502570157749712
MISO,8.687200547570157,0.13960668441192337,0.7502570157749712
MISO,8.739219712525667,0.14153890019811818,0.7502570157749712
MISO,8.752908966461328,0.143471115984313,0.7502570157749712
MISO,8.83504449007529,0.14540333177050782,0.7502570157749712
MISO,8.854209445585216,0.14733554755670264,0.7502570157749712
MISO,8.930869267624914,0.14733554755670264,0.752189231561166
MISO,8.960985626283367,0.14733554755670264,0.7541214473473609
MISO,9.127994524298426,0.14733554755670264,0.7541214473473609
MISO,9.240246406570842,0.1493466292933544,0.7541214473473609
MISO,9.297741273100616,0.1493466292933544,0.7541214473473609
MISO,9.47296372347707,0.1493466292933544,0.7541214473473609
MISO,9.541409993155373,0.1493466292933544,0.7541214473473609
MISO,9.60164271047228,0.15149178314578296,0.7541214473473609
MISO,9.645448323066393,0.15149178314578296,0.7541214473473609
MISO,9.653661875427789,0.15149178314578296,0.7541214473473609
MISO,9.790554414784394,0.15149178314578296,0.7541214473473609
MISO,9.79876796714579,0.15149178314578296,0.7541214473473609
MISO,9.924709103353868,0.15149178314578296,0.7568975288034449
MISO,9.99315537303217,0.15149178314578296,0.7596736102595288
MISO,10.050650239561945,0.15149178314578296,0.7624496917156128
MISO,10.124572210814511,0.15149178314578296,0.7624496917156128
MISO,10.132785763175907,0.15149178314578296,0.7624496917156128
MISO,10.220396988364135,0.15149178314578296,0.7624496917156128
MISO,10.231348391512663,0.15149178314578296,0.7657596349901745
MISO,10.297056810403832,0.15149178314578296,0.7657596349901745
MISO,10.376454483230663,0.15508954757465437,0.7657596349901745
MISO,10.57905544147844,0.15508954757465437,0.7693573994190459
MISO,10.622861054072553,0.15508954757465437,0.7693573994190459
MISO,10.910335386721425,0.15886720022496933,0.7693573994190459
MISO,10.921286789869953,0.1626448528752843,0.7693573994190459
MISO,11.249828884325805,0.1626448528752843,0.7731350520693608
MISO,11.351129363449692,0.1626448528752843,0.7731350520693608
MISO,11.619438740588638,0.1626448528752843,0.7731350520693608
MISO,11.652292950034223,0.1626448528752843,0.7774163917397178
MISO,12.008213552361397,0.1626448528752843,0.7816977314100747
MISO,12.019164955509925,0.1626448528752843,0.7859790710804316
MISO,12.761122518822724,0.1626448528752843,0.7902604107507886
MISO,12.826830937713895,0.16692619254564126,0.7902604107507886
MISO,13.169062286105408,0.16692619254564126,0.7902604107507886
MISO,13.6290212183436,0.16692619254564126,0.7902604107507886
MISO,14.261464750171116,0.16692619254564126,0.7902604107507886
MISO,17.590691307323752,0.16692619254564126,0.7902604107507886
MISO,19.704312114989733,0.16692619254564126,0.7902604107507886
MISO,23.82751540041068,0.16692619254564126,0.7902604107507886
MISO,24.079397672826833,0.16692619254564126,0.7902604107507886
MISO,24.13141683778234,0.16692619254564126,0.7902604107507886
MISO,24.824093086926762,0.16692619254564126,0.7902604107507886
MISO,24.854209445585216,0.16692619254564126,0.7902604107507886
PJM,0.0027378507871321013,0.00040203698740284106,0.00040203698740284106
PJM,0.0054757015742642025,0.00040203698740284106,0.0005360493165371214
PJM,0.008213552361396304,0.0005360493165371214,0.0021441972661484857
PJM,0.010951403148528405,0.0005360493165371214,0.0032162958992227285
PJM,0.013689253935660506,0.0006700616456714018,0.005360493165371214
PJM,0.01642710472279261,0.0006700616456714018,0.0075046904315197
PJM,0.019164955509924708,0.0006700616456714018,0.009648887697668185
PJM,0.02190280629705681,0.0006700616456714018,0.010586974001608148
PJM,0.024640657084188913,0.0006700616456714018,0.01085499865987671
PJM,0.02737850787132101,0.0006700616456714018,0.011659072634682391
PJM,0.030116358658453114,0.0006700616456714018,0.012329134280353793
PJM,0.03285420944558522,0.0006700616456714018,0.012865183596890914
PJM,0.03559206023271732,0.0006700616456714018,0.014205306888233718
PJM,0.038329911019849415,0.0008040739748056821,0.014339319217367998
PJM,0.04106776180698152,0.0008040739748056821,0.01487536853390512
PJM,0.04380561259411362,0.0008040739748056821,0.0156794425087108
PJM,0.04654346338124572,0.0008040739748056821,0.016885553470919325
PJM,0.049281314168377825,0.0008040739748056821,0.01862771374966497
PJM,0.05201916495550993,0.0008040739748056821,0.020503886357544895
PJM,0.05475701574264202,0.0008040739748056821,0.02291610828196194
PJM,0.057494866529774126,0.0008040739748056821,0.025328330206378986
PJM,0.06023271731690623,0.0009380863039399625,0.029214687751273116
PJM,0.06297056810403832,0.0009380863039399625,0.030822835700884482
PJM,0.06570841889117043,0.0009380863039399625,0.0313588850174216
PJM,0.06844626967830253,0.0012061109622085232,0.03283302063789868
PJM,0.07118412046543464,0.0013401232913428035,0.033235057625301524
PJM,0.07392197125256673,0.0013401232913428035,0.03511123023318145
PJM,0.07665982203969883,0.0013401232913428035,0.03631734119538997
PJM,0.07939767282683094,0.0013401232913428035,0.038059501474135615
PJM,0.08213552361396304,0.0013401232913428035,0.039131600107209855
PJM,0.08487337440109514,0.0013401232913428035,0.0408737603859555
PJM,0.08761122518822724,0.0014741356204770839,0.04194585901902974
PJM,0.09034907597535935,0.0014741356204770839,0.04341999463950682
PJM,0.09308692676249145,0.0014741356204770839,0.045028142589118185
PJM,0.09582477754962354,0.0014741356204770839,0.04690431519699811
PJM,0.09856262833675565,0.0014741356204770839,0.04784240150093807
PJM,0.10130047912388775,0.0016081479496113642,0.04824443848834091
PJM,0.10403832991101986,0.0016081479496113642,0.04864647547574375
PJM,0.10677618069815195,0.0016081479496113642,0.050388635754489396
PJM,0.10951403148528405,0.0016081479496113642,0.05065666041275796
PJM,0.11225188227241616,0.0016081479496113642,0.05079067274189224
PJM,0.11498973305954825,0.0016081479496113642,0.05119270972929508
PJM,0.11772758384668036,0.0016081479496113642,0.05186277137496648
PJM,0.12320328542094455,0.001876172607879925,0.052800857678906445
PJM,0.12594113620807665,0.001876172607879925,0.05293487000804072
PJM,0.12867898699520877,0.0020101849370142053,0.053336906995443564
PJM,0.13141683778234087,0.0021441972661484857,0.054274993299383525
PJM,0.13415468856947296,0.0021441972661484857,0.05467703028678637
PJM,0.13689253935660506,0.0021441972661484857,0.05507906727418921
PJM,0.13963039014373715,0.002278209595282766,0.05507906727418921
PJM,0.14236824093086928,0.002278209595282766,0.05534709193245777
PJM,0.14510609171800137,0.002278209595282766,0.05574912891986061
PJM,0.15058179329226556,0.0024122219244170464,0.05682122755293485
PJM,0.15331964407939766,0.0024122219244170464,0.057089252211203416
PJM,0.15605749486652978,0.0024122219244170464,0.05749128919860626
PJM,0.15879534565366188,0.0024122219244170464,0.057625301527740536
PJM,0.16153319644079397,0.0024122219244170464,0.0578933261860091
PJM,0.16427104722792607,0.0024122219244170464,0.05802733851514338
PJM,0.16700889801505817,0.0025462342535513267,0.05869740016081478
PJM,0.1697467488021903,0.003350308228357009,0.05909943714821762
PJM,0.17248459958932238,0.003350308228357009,0.0592334494773519
PJM,0.17522245037645448,0.003350308228357009,0.05963548646475474
PJM,0.1834360027378508,0.003350308228357009,0.059903511123023306
PJM,0.1861738535249829,0.003350308228357009,0.06030554811042615
PJM,0.188911704312115,0.003350308228357009,0.060439560439560426
PJM,0.19164955509924708,0.003350308228357009,0.06070758509782899
PJM,0.1943874058863792,0.003350308228357009,0.06097560975609755
PJM,0.1971252566735113,0.003350308228357009,0.06110962208523183
PJM,0.1998631074606434,0.003350308228357009,0.06151165907263467
PJM,0.2026009582477755,0.003350308228357009,0.06164567140176895
PJM,0.2053388090349076,0.003350308228357009,0.06177968373090323
PJM,0.2080766598220397,0.003350308228357009,0.06231573304744035
PJM,0.2108145106091718,0.003484320557491289,0.06244974537657463
PJM,0.2135523613963039,0.003484320557491289,0.06258375770570891
PJM,0.216290212183436,0.0036183328866255695,0.06285178236397747
PJM,0.2190280629705681,0.0036183328866255695,0.06311980702224602
PJM,0.22176591375770022,0.0036183328866255695,0.0632538193513803
PJM,0.2245037645448323,0.0036183328866255695,0.06432591798445454
PJM,0.2272416153319644,0.0036183328866255695,0.06472795497185738
PJM,0.2299794661190965,0.0036183328866255695,0.06499597963012593
PJM,0.2327173169062286,0.0036183328866255695,0.06539801661752877
PJM,0.23545516769336072,0.0036183328866255695,0.06566604127579732
PJM,0.24093086926762491,0.0036183328866255695,0.06593406593406588
PJM,0.243668720054757,0.00375234521575985,0.06593406593406588
PJM,0.2464065708418891,0.00375234521575985,0.06606807826320016
PJM,0.24914442162902123,0.00375234521575985,0.06647011525060299
PJM,0.2518822724161533,0.0038863575448941303,0.06660412757973727
PJM,0.2546201232032854,0.0038863575448941303,0.06673813990887155
PJM,0.25735797399041754,0.004020369874028411,0.06714017689627438
PJM,0.2600958247775496,0.004020369874028411,0.06727418922540866
PJM,0.26283367556468173,0.004020369874028411,0.06754221388367722
PJM,0.2655715263518138,0.004020369874028411,0.06781023854194577
PJM,0.2683093771389459,0.004020369874028411,0.06807826320021433
PJM,0.2737850787132101,0.004020369874028411,0.06848030018761717
PJM,0.2792607802874743,0.004154382203162691,0.06861431251675144
PJM,0.28199863107460643,0.004154382203162691,0.06874832484588572
PJM,0.28473648186173856,0.004154382203162691,0.06901634950415428
PJM,0.2874743326488706,0.004154382203162691,0.06928437416242283
PJM,0.2929500342231348,0.004154382203162691,0.06941838649155711
PJM,0.29842573579739906,0.004556419190565533,0.06968641114982567
PJM,0.30116358658453113,0.004556419190565533,0.06982042347895995
PJM,0.30390143737166325,0.004556419190565533,0.06995443580809423
PJM,0.3066392881587953,0.004556419190565533,0.0700884481372285
PJM,0.30937713894592744,0.004556419190565533,0.07035647279549706
PJM,0.31211498973305957,0.004556419190565533,0.07089252211203419
PJM,0.31759069130732376,0.004556419190565533,0.07102653444116847
PJM,0.32306639288158795,0.004556419190565533,0.07169659608683987
PJM,0.3258042436687201,0.004690431519699814,0.07250067006164555
PJM,0.32854209445585214,0.004690431519699814,0.07290270704904839
PJM,0.33127994524298426,0.004690431519699814,0.07357276869471979
PJM,0.33401779603011633,0.0048244438488340945,0.07410881801125692
PJM,0.33675564681724846,0.0048244438488340945,0.07437684266952548
PJM,0.3394934976043806,0.0048244438488340945,0.07598499061913684
PJM,0.34223134839151265,0.005226480836236936,0.0769230769230768
PJM,0.34496919917864477,0.005226480836236936,0.07745912623961393
PJM,0.34770704996577684,0.005226480836236936,0.07786116322701676
PJM,0.35044490075290896,0.005360493165371217,0.07799517555615104
PJM,0.3531827515400411,0.0054945054945054975,0.07812918788528532
PJM,0.35592060232717315,0.0054945054945054975,0.07879924953095672
PJM,0.3586584531143053,0.0054945054945054975,0.07906727418922528
PJM,0.3613963039014374,0.0054945054945054975,0.07933529884749384
PJM,0.36413415468856947,0.0054945054945054975,0.08040739748056808
PJM,0.3668720054757016,0.0054945054945054975,0.08080943446797091
PJM,0.36960985626283366,0.0054945054945054975,0.08094344679710519
PJM,0.3723477070499658,0.0054945054945054975,0.08121147145537375
PJM,0.3750855578370979,0.0054945054945054975,0.0814794961136423
PJM,0.37782340862423,0.005628517823639778,0.08241758241758226
PJM,0.3805612594113621,0.005628517823639778,0.08308764406325367
PJM,0.38329911019849416,0.005628517823639778,0.08429375502546219
PJM,0.3860369609856263,0.005628517823639778,0.08496381667113359
PJM,0.3887748117727584,0.005628517823639778,0.08509782900026787
PJM,0.3915126625598905,0.005762530152774059,0.08576789064593927
PJM,0.3942505133470226,0.00589654248190834,0.08657196462074496
PJM,0.39698836413415467,0.00589654248190834,0.08710801393728208
PJM,0.3997262149212868,0.00589654248190834,0.08764406325381921
PJM,0.4024640657084189,0.00589654248190834,0.08938622353256485
PJM,0.405201916495551,0.00589654248190834,0.0904583221656391
PJM,0.4079397672826831,0.00589654248190834,0.0911283838113105
PJM,0.4106776180698152,0.00589654248190834,0.09246850710265331
PJM,0.4134154688569473,0.00589654248190834,0.09327258107745899
PJM,0.4161533196440794,0.00589654248190834,0.0946127043688018
PJM,0.4188911704312115,0.006030554811042621,0.09555079067274176
PJM,0.4216290212183436,0.006030554811042621,0.0972929509514874
PJM,0.4243668720054757,0.0061645671401769015,0.09836504958456165
PJM,0.4271047227926078,0.0061645671401769015,0.10010720986330729
PJM,0.42984257357973993,0.0061645671401769015,0.10104529616724725
PJM,0.432580424366872,0.006298579469311182,0.10184937014205293
PJM,0.4353182751540041,0.006298579469311182,0.10251943178772434
PJM,0.4380561259411362,0.006298579469311182,0.10439560439560426
PJM,0.4407939767282683,0.006298579469311182,0.10533369069954422
PJM,0.44353182751540043,0.006298579469311182,0.10640578933261846
PJM,0.4462696783025325,0.006298579469311182,0.1068078263200213
PJM,0.4490075290896646,0.006432591798445463,0.1074778879656927
PJM,0.4517453798767967,0.006432591798445463,0.1081479496113641
PJM,0.4544832306639288,0.006566604127579744,0.10868399892790123
PJM,0.45722108145106094,0.0068346287858483045,0.11042615920664688
PJM,0.459958932238193,0.0068346287858483045,0.1123023318145268
PJM,0.46269678302532513,0.0068346287858483045,0.11337443044760104
PJM,0.4654346338124572,0.0068346287858483045,0.11417850442240672
PJM,0.4681724845995893,0.0068346287858483045,0.11484856606807813
PJM,0.47091033538672145,0.0068346287858483045,0.11618868935942094
PJM,0.4736481861738535,0.007102653444116865,0.11806486196730086
PJM,0.47638603696098564,0.007102653444116865,0.11873492361297226
PJM,0.4791238877481177,0.007102653444116865,0.12020905923344935
PJM,0.48186173853524983,0.007102653444116865,0.12114714553738931
PJM,0.48459958932238195,0.007102653444116865,0.12302331814526923
PJM,0.487337440109514,0.007102653444116865,0.12355936746180636
PJM,0.49007529089664614,0.007102653444116865,0.1246314660948806
PJM,0.4928131416837782,0.007236665773251146,0.12489949075314916
PJM,0.49555099247091033,0.007370678102385427,0.12610560171535767
PJM,0.49828884325804246,0.007370678102385427,0.12717770034843193
PJM,0.5010266940451745,0.007370678102385427,0.1281157866523719
PJM,0.5037645448323066,0.007370678102385427,0.12838385286485104
PJM,0.5065023956194388,0.007370678102385427,0.1286519190773302
PJM,0.5092402464065708,0.007370678102385427,0.1291880515022885
PJM,0.5119780971937029,0.007504711208624999,0.1295901508210072
PJM,0.5147159479808351,0.007504711208624999,0.13039434945844464
PJM,0.5174537987679672,0.007504711208624999,0.13173468052084036
PJM,0.5201916495550992,0.007638744314864571,0.1325388791582778
PJM,0.5229295003422314,0.007638744314864571,0.13347711090195483
PJM,0.5256673511293635,0.007638744314864571,0.1336111440081944
PJM,0.5284052019164955,0.007638744314864571,0.1350855081768297
PJM,0.5311430527036276,0.007638744314864571,0.13655987234546502
PJM,0.5338809034907598,0.007638744314864571,0.13696197166418372
PJM,0.5366187542778919,0.007638744314864571,0.13776617030162117
PJM,0.5393566050650239,0.007638744314864571,0.13830230272657945
PJM,0.5420944558521561,0.007638744314864571,0.13870440204529816
PJM,0.5448323066392882,0.007638744314864571,0.13937456757649602
PJM,0.5475701574264202,0.007638744314864571,0.1413850641700896
PJM,0.5503080082135524,0.007638744314864571,0.14205522970128748
PJM,0.5530458590006845,0.007638744314864571,0.14232329591376663
PJM,0.5557837097878165,0.007638744314864571,0.1433955607636832
PJM,0.5585215605749486,0.007638744314864571,0.14406572629488107
PJM,0.5612594113620808,0.007638744314864571,0.14460185871983935
PJM,0.5639972621492129,0.007638744314864571,0.14527202425103722
PJM,0.5667351129363449,0.0077727774211041436,0.14594218978223508
PJM,0.5694729637234771,0.0077727774211041436,0.1463442891009538
PJM,0.5722108145106092,0.0077727774211041436,0.1467463884196725
PJM,0.5749486652977412,0.0077727774211041436,0.14728252084463078
PJM,0.5776865160848734,0.0077727774211041436,0.14808671948206822
PJM,0.5804243668720055,0.0077727774211041436,0.1482207525883078
PJM,0.5831622176591376,0.0077727774211041436,0.14848881880078696
PJM,0.5859000684462696,0.008040843633583289,0.14956108365070353
PJM,0.5886379192334018,0.008040843633583289,0.15009721607566182
PJM,0.5913757700205339,0.008040843633583289,0.1506333485006201
PJM,0.5941136208076659,0.008040843633583289,0.1521077126692554
PJM,0.5968514715947981,0.008040843633583289,0.154118209262849
PJM,0.5995893223819302,0.008040843633583289,0.15465434168780728
PJM,0.6023271731690623,0.008040843633583289,0.15519047411276557
PJM,0.6050650239561944,0.008040843633583289,0.15586063964396343
PJM,0.6078028747433265,0.008040843633583289,0.15666483828140088
PJM,0.6105407255304586,0.008308909846062433,0.15706693760011958
PJM,0.6132785763175906,0.008308909846062433,0.15760307002507787
PJM,0.6160164271047228,0.008442942952302007,0.15867533487499444
PJM,0.621492128678987,0.00857697605854158,0.15921146729995272
PJM,0.6242299794661191,0.00857697605854158,0.1593455004061923
PJM,0.6269678302532512,0.00857697605854158,0.1598816328311506
PJM,0.6297056810403833,0.00857697605854158,0.16068583146858803
PJM,0.6324435318275154,0.008711009164781153,0.1608198645748276
PJM,0.6351813826146475,0.008711009164781153,0.16149013828448086
PJM,0.6379192334017796,0.008979161968966235,0.1622945966970361
PJM,0.6406570841889117,0.008979161968966235,0.16256274950122118
PJM,0.6433949349760438,0.008979161968966235,0.16296497870749882
PJM,0.6461327857631759,0.008979161968966235,0.163501284315869
PJM,0.648870636550308,0.008979161968966235,0.16390351352214663
PJM,0.6516084873374401,0.009113238371058777,0.16484204833679442
PJM,0.6543463381245722,0.009113238371058777,0.16497612473888695
PJM,0.6570841889117043,0.009247314773151319,0.16564650674934966
PJM,0.6598220396988365,0.00938139117524386,0.16591465955353474
PJM,0.6625598904859685,0.009649543979428942,0.1664509651619049
PJM,0.6652977412731006,0.009649543979428942,0.16712134717236762
PJM,0.6680355920602327,0.009649543979428942,0.1673894999765527
PJM,0.6707734428473648,0.009917696783614025,0.16765765278073777
PJM,0.6735112936344969,0.009917696783614025,0.16846211119329302
PJM,0.676249144421629,0.009917696783614025,0.16886434039957066
PJM,0.6789869952087612,0.010051773185706566,0.16913249320375573
PJM,0.6817248459958932,0.010051773185706566,0.16926656960584827
PJM,0.6844626967830253,0.010319925989891648,0.1694006460079408
PJM,0.6872005475701575,0.010319925989891648,0.17020510442049605
PJM,0.6899383983572895,0.010319925989891648,0.17127771563723637
PJM,0.6926762491444216,0.010319925989891648,0.17221625045188416
PJM,0.6954140999315537,0.01045400239198419,0.1726184796581618
PJM,0.6981519507186859,0.010588078794076732,0.17315478526653197
PJM,0.7008898015058179,0.010722155196169274,0.1735570144728096
PJM,0.70362765229295,0.010722155196169274,0.1744955492874574
PJM,0.7063655030800822,0.010722155196169274,0.17489777849373503
PJM,0.7091033538672142,0.011124384402446898,0.176372618916753
PJM,0.7118412046543463,0.011124384402446898,0.17717734291478612
PJM,0.7145790554414785,0.011124384402446898,0.1775797049138027
PJM,0.7173169062286106,0.011124384402446898,0.1779820669128193
PJM,0.7200547570157426,0.011258505068785755,0.178250308245497
PJM,0.7227926078028748,0.011258505068785755,0.17905503224353014
PJM,0.7255304585900069,0.011258505068785755,0.1801283531551294
PJM,0.7282683093771389,0.011258505068785755,0.1813364405183407
PJM,0.731006160164271,0.011258505068785755,0.1825453317992783
PJM,0.7337440109514032,0.011258505068785755,0.18402409748119447
PJM,0.7364818617385352,0.011258505068785755,0.18442759943545656
PJM,0.7392197125256673,0.01139305071875159,0.18523487333525157
PJM,0.7419575633127995,0.01139305071875159,0.18563851028514908
PJM,0.7446954140999316,0.01139305071875159,0.18644605480978477
PJM,0.7474332648870636,0.01139305071875159,0.18819749781081416
PJM,0.7501711156741958,0.01139305071875159,0.18873676643232026
PJM,0.7529089664613279,0.011527867874128116,0.18954566936457942
PJM,0.75564681724846,0.011662685029504643,0.18968048651995595
PJM,0.758384668035592,0.011662685029504643,0.1908938409183447
PJM,0.7611225188227242,0.011797502184881169,0.19237682962748648
PJM,0.7638603696098563,0.011932319340257696,0.19412945264738132
PJM,0.7665982203969883,0.014359852566726611,0.1953432192606158
PJM,0.7693360711841205,0.014494715523752663,0.19628725995979815
PJM,0.7720739219712526,0.014494715523752663,0.19709643770195445
PJM,0.7748117727583846,0.014764441437804764,0.19831020431518892
PJM,0.7775496235455168,0.014764441437804764,0.19844506727221498
PJM,0.7802874743326489,0.014764441437804764,0.19965883388544944
PJM,0.783025325119781,0.014899304394830816,0.2008726004986839
PJM,0.785763175906913,0.014899304394830816,0.2014120523267881
PJM,0.7885010266940452,0.014899304394830816,0.20249114168069982
PJM,0.7912388774811773,0.01503421381629685,0.20262605110216586
PJM,0.7939767282683093,0.01503421381629685,0.20424580210647547
PJM,0.7967145790554415,0.015169193066655984,0.20532563610934854
PJM,0.7994524298425736,0.015169193066655984,0.20627049086186247
PJM,0.8021902806297057,0.015304289425509269,0.2070810690149822
PJM,0.8049281314168378,0.01570971937418472,0.20775678559610794
PJM,0.8076659822039699,0.01570971937418472,0.20816249797595626
PJM,0.810403832991102,0.01570971937418472,0.2082978769717089
PJM,0.813141683778234,0.01570971937418472,0.20843337416110197
PJM,0.8158795345653662,0.015980713752970856,0.20911086010806731
PJM,0.8186173853524983,0.015980713752970856,0.20938185448685345
PJM,0.8213552361396304,0.015980713752970856,0.20965303860439596
PJM,0.8240930869267625,0.015980713752970856,0.21087422245384116
PJM,0.8268309377138946,0.015980713752970856,0.21196048176370164
PJM,0.8295687885010267,0.015980713752970856,0.21277646781740958
PJM,0.8323066392881588,0.016116879504812245,0.21277646781740958
PJM,0.8350444900752909,0.016253045256653633,0.2138657938321407
PJM,0.837782340862423,0.01788732332687024,0.21427436334969485
PJM,0.840520191649555,0.01788732332687024,0.2153642686915308
PJM,0.8432580424366872,0.018023634154955857,0.21577320117578766
PJM,0.8459958932238193,0.018023634154955857,0.2163192216031308
PJM,0.8487337440109514,0.018160456375156342,0.21645604382333128
PJM,0.8514715947980835,0.018297303058475045,0.2170034305566061
PJM,0.8542094455852156,0.018297303058475045,0.2176876639731996
PJM,0.8569472963723477,0.018297303058475045,0.21823505070647442
PJM,0.8596851471594799,0.018571537126806602,0.21850928477480597
PJM,0.8624229979466119,0.018709000041779285,0.22015883975447817
PJM,0.865160848733744,0.018709000041779285,0.22112160179304452
PJM,0.8678986995208761,0.018709000041779285,0.22153518688453808
PJM,0.8706365503080082,0.01884686173894381,0.22194877197603163
PJM,0.8733744010951403,0.018984723436108332,0.22222449537036068
PJM,0.8761122518822724,0.019122610185371196,0.22263815561814926
PJM,0.8788501026694046,0.019260597307153994,0.22319010410528045
PJM,0.8815879534565366,0.019398760593418368,0.22415724710913107
PJM,0.8843258042436687,0.019398760593418368,0.22471020324385144
PJM,0.8870636550308009,0.019398760593418368,0.22471020324385144
PJM,0.8898015058179329,0.0195371008269767,0.2249868837109681
PJM,0.892539356605065,0.0195371008269767,0.22512522394452641
PJM,0.8952772073921971,0.0195371008269767,0.22512522394452641
PJM,0.8980150581793293,0.01981398413901061,0.22581743222461118
PJM,0.9007529089664613,0.01981398413901061,0.2260944680614222
PJM,0.9034907597535934,0.01981398413901061,0.2262330623543462
PJM,0.9062286105407256,0.01981398413901061,0.22651101736024726
PJM,0.9089664613278576,0.01981398413901061,0.22665017448700145
PJM,0.9117043121149897,0.01995316696896517,0.22720690580681968
PJM,0.9144421629021219,0.01995316696896517,0.22748532293966886
PJM,0.917180013689254,0.01995316696896517,0.22762463458537255
PJM,0.919917864476386,0.0202318934732977,0.22790336108970508
PJM,0.9226557152635181,0.020650060739947865,0.22790336108970508
PJM,0.9253935660506503,0.020650060739947865,0.228600435837544
PJM,0.9281314168377823,0.020650060739947865,0.2291583028287552
PJM,0.9308692676249144,0.020650060739947865,0.22943723632436083
PJM,0.9336071184120466,0.020650060739947865,0.22943723632436083
PJM,0.9363449691991786,0.020650060739947865,0.23027419246603012
PJM,0.9390828199863107,0.020650060739947865,0.2306928264526885
PJM,0.9418206707734429,0.020650060739947865,0.23111146043934686
PJM,0.944558521560575,0.020650060739947865,0.23166963908822466
PJM,0.947296372347707,0.02092915006438677,0.23180918375044413
PJM,0.9500342231348392,0.02092915006438677,0.2319487284126636
PJM,0.9527720739219713,0.02092915006438677,0.2325069070615414
PJM,0.9555099247091033,0.021068694726606222,0.2330650857104192
PJM,0.9582477754962354,0.021208239388825673,0.23376280902151647
PJM,0.9609856262833676,0.021208239388825673,0.23418144300817484
PJM,0.9637234770704997,0.021347784051045125,0.2343209876703943
PJM,0.9691991786447639,0.021347784051045125,0.2348791663192721
PJM,0.971937029431896,0.021347784051045125,0.23543734496814991
PJM,0.974674880219028,0.021347784051045125,0.23557688963036938
PJM,0.9774127310061602,0.021347784051045125,0.23599552361702775
PJM,0.9801505817932923,0.021347784051045125,0.2361350682792472
PJM,0.9828884325804244,0.021347784051045125,0.23641415760368611
PJM,0.9856262833675564,0.02162687337548403,0.23711188091478339
PJM,0.9883641341546886,0.021766418037703482,0.2373909702392223
PJM,0.9911019849418207,0.021766418037703482,0.23753051490144175
PJM,0.9938398357289527,0.021905962699922933,0.2392050508480752
PJM,0.9965776865160849,0.021905962699922933,0.23962368483473356
PJM,0.999315537303217,0.021905962699922933,0.241298220781367
PJM,1.002053388090349,0.021905962699922933,0.2418563994302448
PJM,1.0047912388774811,0.022045507362142384,0.24325184605243935
PJM,1.0075290896646132,0.022045507362142384,0.24394956936353662
PJM,1.0102669404517455,0.022045507362142384,0.24450774801241443
PJM,1.0130047912388775,0.022045507362142384,0.2449263819990728
PJM,1.0157426420260096,0.022045507362142384,0.2454845606479506
PJM,1.0184804928131417,0.022045507362142384,0.24646137328348677
PJM,1.0212183436002737,0.022045507362142384,0.24729864125680348
PJM,1.0239561943874058,0.022045507362142384,0.24771727524346185
PJM,1.0266940451745379,0.022045507362142384,0.24869408787899802
PJM,1.0294318959616702,0.022185052024361836,0.24953135585231473
PJM,1.0321697467488022,0.022185052024361836,0.25008953450119253
PJM,1.0349075975359343,0.022185052024361836,0.2510663471367287
PJM,1.0376454483230664,0.022185052024361836,0.25120589179894814
PJM,1.0403832991101984,0.02246419495796794,0.2517641776661603
PJM,1.0431211498973305,0.02246419495796794,0.2523224635333725
PJM,1.0458590006844628,0.022603766424770994,0.2526016064669786
PJM,1.0485968514715949,0.022743337891574046,0.2531598923341908
PJM,1.051334702258727,0.0228829093583771,0.25329946380099383
PJM,1.054072553045859,0.0228829093583771,0.2535786605712313
PJM,1.056810403832991,0.023022507743495832,0.2539974557265875
PJM,1.0595482546201231,0.023022507743495832,0.25413705411170623
PJM,1.0622861054072552,0.023162106128614565,0.2548350460372999
PJM,1.0677618069815196,0.023162106128614565,0.25553303796289356
PJM,1.0704996577686516,0.0233017045137333,0.255812234733131
PJM,1.0732375085557837,0.0233017045137333,0.2562310298884872
PJM,1.0759753593429158,0.0233017045137333,0.25678942342896216
PJM,1.0787132101300478,0.0233017045137333,0.2573478169694371
PJM,1.08145106091718,0.0233017045137333,0.257906210509912
PJM,1.0841889117043122,0.02344130289885203,0.25804580889503076
PJM,1.0869267624914443,0.023580901283970765,0.2587438008206244
PJM,1.0896646132785763,0.02386009805420823,0.2591625959759806
PJM,1.0951403148528405,0.023999696439326965,0.25972098951645556
PJM,1.0978781656399725,0.023999696439326965,0.2602793830569305
PJM,1.103353867214237,0.024139294824445698,0.2608377765974054
PJM,1.106091718001369,0.02427889320956443,0.2615357685229991
PJM,1.108829568788501,0.02427889320956443,0.262094162063474
PJM,1.111567419575633,0.024418491594683164,0.2625129572188302
PJM,1.1143052703627652,0.024418491594683164,0.2627921539890677
PJM,1.1170431211498972,0.024558089979801898,0.2627921539890677
PJM,1.1197809719370295,0.02469768836492063,0.2629317523741864
PJM,1.1225188227241616,0.02469768836492063,0.2632109491444239
PJM,1.1252566735112937,0.024837286750039364,0.26349014591466136
PJM,1.1279945242984257,0.024976885135158097,0.2637693426848988
PJM,1.1307323750855578,0.024976885135158097,0.26390894107001756
PJM,1.1334702258726899,0.024976885135158097,0.264188137840255
PJM,1.136208076659822,0.02511648352027683,0.2644673346104925
PJM,1.1389459274469542,0.02511648352027683,0.26474653138072995
PJM,1.1416837782340863,0.02511648352027683,0.26516532653608615
PJM,1.1444216290212184,0.02511648352027683,0.2654445233063236
PJM,1.1471594798083504,0.02511648352027683,0.2657237200765611
PJM,1.1498973305954825,0.025256081905395564,0.2658633184616798
PJM,1.1526351813826146,0.025256081905395564,0.26600291684679855
PJM,1.1553730321697468,0.025395680290514297,0.26600291684679855
PJM,1.158110882956879,0.025395680290514297,0.266282113617036
PJM,1.160848733744011,0.025395680290514297,0.2665613103872735
PJM,1.163586584531143,0.025395680290514297,0.2671197039277484
PJM,1.1663244353182751,0.02553527867563303,0.2678176958533421
PJM,1.1690622861054072,0.025814475445870497,0.26809689262357955
PJM,1.1718001368925393,0.025814475445870497,0.268376089393817
PJM,1.1745379876796715,0.025814475445870497,0.2700512700152418
PJM,1.1772758384668036,0.025814475445870497,0.270470065170598
PJM,1.1800136892539357,0.025814475445870497,0.2708888603259542
PJM,1.1827515400410678,0.025814475445870497,0.2711680570961917
PJM,1.1882272416153319,0.025814475445870497,0.27228484417714155
PJM,1.1909650924024642,0.026093672216107963,0.27270363933249775
PJM,1.1937029431895962,0.026093672216107963,0.2728432377176165
PJM,1.1991786447638604,0.026233270601226696,0.27312243448785395
PJM,1.2019164955509924,0.02637286898634543,0.2734016312580914
PJM,1.2046543463381245,0.026512467371464163,0.27354122964321015
PJM,1.2073921971252566,0.026652065756582896,0.27396002479856635
PJM,1.2101300479123889,0.02679166414170163,0.2740996231836851
PJM,1.212867898699521,0.02679166414170163,0.27437881995392255
PJM,1.215605749486653,0.026931262526820363,0.27521641026463495
PJM,1.218343600273785,0.026931262526820363,0.27563520541999115
PJM,1.2210814510609171,0.026931262526820363,0.2759144021902286
PJM,1.2238193018480492,0.026931262526820363,0.27605400057534735
PJM,1.2265571526351813,0.026931262526820363,0.2763331973455848
PJM,1.2292950034223136,0.026931262526820363,0.2766123941158223
PJM,1.2320328542094456,0.027070860911939096,0.27689159088605975
PJM,1.2347707049965777,0.027070860911939096,0.27731038604141595
PJM,1.2375085557837098,0.027070860911939096,0.27772918119677215
PJM,1.2402464065708418,0.027350057682176562,0.2778687795818909
PJM,1.242984257357974,0.027350057682176562,0.2787063698926033
PJM,1.2457221081451062,0.027489656067295296,0.27940436181819694
PJM,1.2484599589322383,0.027489656067295296,0.2796835585884344
PJM,1.2539356605065024,0.027768852837532762,0.2796835585884344
PJM,1.2566735112936345,0.02804804960777023,0.2796835585884344
PJM,1.2594113620807665,0.02804804960777023,0.2808003456693843
PJM,1.2621492128678986,0.02804804960777023,0.2812191408247405
PJM,1.264887063655031,0.02818764799288896,0.28275472306104654
PJM,1.267624914442163,0.028327246378007695,0.2828943214461653
PJM,1.270362765229295,0.02860644314824516,0.283033919831284
PJM,1.273100616016427,0.02860644314824516,0.2833131166015215
PJM,1.2758384668035592,0.028746041533363895,0.28359231337175894
PJM,1.2813141683778233,0.028885639918482628,0.28359231337175894
PJM,1.2840520191649556,0.028885639918482628,0.28401110852711514
PJM,1.2867898699520877,0.029164836688720094,0.2842903052973526
PJM,1.2922655715263518,0.029164836688720094,0.2845695020675901
PJM,1.297741273100616,0.029304435073838828,0.285127895608065
PJM,1.3004791238877482,0.029304435073838828,0.28526749399318374
PJM,1.3032169746748803,0.02944403345895756,0.2855466907634212
PJM,1.3059548254620124,0.02944403345895756,0.2862446826890149
PJM,1.3086926762491444,0.02944403345895756,0.2863842810741336
PJM,1.3114305270362765,0.02944403345895756,0.28736146976996474
PJM,1.3141683778234086,0.02944403345895756,0.28819906008067714
PJM,1.3169062286105406,0.02944403345895756,0.2884782568509146
PJM,1.319644079397673,0.029583631844076294,0.28861785523603334
PJM,1.325119780971937,0.029583631844076294,0.28917624877650827
PJM,1.3278576317590691,0.029723230229195027,0.28959504393186447
PJM,1.3333333333333333,0.029723230229195027,0.2897346423169832
PJM,1.3360711841204653,0.029723230229195027,0.2901534374723394
PJM,1.3388090349075976,0.029723230229195027,0.29029303585745814
PJM,1.3415468856947297,0.029723230229195027,0.29071183101281434
PJM,1.3442847364818618,0.030002426999432494,0.2909910277830518
PJM,1.3470225872689938,0.030002426999432494,0.291409822938408
PJM,1.3497604380561259,0.03028162376966996,0.2918286180937642
PJM,1.352498288843258,0.030560820539907427,0.29196821647888294
PJM,1.3552361396303902,0.03070041892502616,0.2922474132491204
PJM,1.3579739904175223,0.030979615695263626,0.29252661001935787
PJM,1.3607118412046544,0.03111921408038236,0.29280580678959534
PJM,1.3634496919917864,0.03125881246550109,0.29280580678959534
PJM,1.3661875427789185,0.031398410850619826,0.29280580678959534
PJM,1.3689253935660506,0.031398410850619826,0.29322460194495154
PJM,1.3716632443531827,0.031398410850619826,0.29336420033007027
PJM,1.374401095140315,0.031398410850619826,0.29364339710030773
PJM,1.377138945927447,0.03153800923573856,0.29378299548542647
PJM,1.379876796714579,0.03153800923573856,0.2939225938705452
PJM,1.3826146475017111,0.03153800923573856,0.29420179064078267
PJM,1.3880903490759753,0.03167760762085729,0.2943413890259014
PJM,1.3908281998631074,0.031817206005976026,0.29462058579613887
PJM,1.3935660506502396,0.031817206005976026,0.2947601841812576
PJM,1.3963039014373717,0.031817206005976026,0.2951789793366138
PJM,1.3990417522245038,0.031817206005976026,0.29545817610685127
PJM,1.4017796030116358,0.03237559954645096,0.29545817610685127
PJM,1.404517453798768,0.03237559954645096,0.29559777449197
PJM,1.4072553045859,0.03237559954645096,0.29573737287708873
PJM,1.4099931553730323,0.03251519793156969,0.29587697126220747
PJM,1.4154688569472964,0.03251519793156969,0.29629576641756367
PJM,1.4182067077344285,0.03251519793156969,0.29713335672827607
PJM,1.4209445585215605,0.032654796316688425,0.29741255349851353
PJM,1.4236824093086926,0.03293399308692589,0.29755215188363227
PJM,1.4264202600958247,0.03321318985716336,0.29755215188363227
PJM,1.431895961670089,0.033492386627400825,0.297691750268751
PJM,1.434633812457221,0.033492386627400825,0.29783134865386973
PJM,1.4373716632443532,0.033492386627400825,0.29838974219434466
PJM,1.4428473648186173,0.03363198501251956,0.2985293405794634
PJM,1.4455852156057496,0.03363198501251956,0.29866893896458213
PJM,1.4483230663928817,0.03377158339763829,0.2989481357348196
PJM,1.4510609171800137,0.03377158339763829,0.2993669308901758
PJM,1.4537987679671458,0.03377158339763829,0.29950652927529453
PJM,1.4565366187542779,0.033911181782757024,0.29964612766041326
PJM,1.45927446954141,0.03405078016787576,0.29992532443065073
PJM,1.462012320328542,0.03419037855299449,0.29992532443065073
PJM,1.4647501711156743,0.034329976938113224,0.29992532443065073
PJM,1.4674880219028064,0.03446957532323196,0.3002045212008882
PJM,1.4702258726899384,0.03460917370835069,0.30090251312648186
PJM,1.4729637234770705,0.03460917370835069,0.30132130828183806
PJM,1.4757015742642026,0.034748772093469424,0.30215889859255046
PJM,1.4784394250513346,0.034748772093469424,0.3027172921330254
PJM,1.483915126625599,0.03488837047858816,0.3027172921330254
PJM,1.486652977412731,0.03502796886370689,0.30327568567350033
PJM,1.4893908281998631,0.03544676401906309,0.3035548824437378
PJM,1.4921286789869952,0.03558636240418182,0.30383407921397526
PJM,1.4948665297741273,0.035725960789300557,0.3049508662949251
PJM,1.4976043805612593,0.035725960789300557,0.30509046468004386
PJM,1.5003422313483916,0.036144755944656756,0.30509046468004386
PJM,1.5058179329226558,0.036144755944656756,0.3056488582205188
PJM,1.5085557837097878,0.036144755944656756,0.3057884566056375
PJM,1.51129363449692,0.03628435432977549,0.306067653375875
PJM,1.514031485284052,0.03642395271489422,0.30634685014611246
PJM,1.516769336071184,0.03642395271489422,0.30676564530146866
PJM,1.5195071868583163,0.036563551100012956,0.3070448420717061
PJM,1.5222450376454484,0.03670314948513169,0.3073240388419436
PJM,1.5249828884325805,0.03684274787025042,0.30760323561218106
PJM,1.5277207392197125,0.03726154302560662,0.3078824323824185
PJM,1.5304585900068446,0.037401141410725355,0.30802203076753726
PJM,1.5331964407939767,0.037401141410725355,0.308161629152656
PJM,1.5359342915811087,0.03768033818096282,0.30844082592289346
PJM,1.538672142368241,0.037819936566081555,0.3085804243080122
PJM,1.541409993155373,0.03795953495120029,0.3085804243080122
PJM,1.5441478439425051,0.03795953495120029,0.3089992194633684
PJM,1.5468856947296372,0.03795953495120029,0.3091388178484871
PJM,1.5496235455167693,0.03809913333631902,0.3094180146187246
PJM,1.5523613963039014,0.03809913333631902,0.30969721138896206
PJM,1.5605749486652978,0.03809913333631902,0.31011600654431826
PJM,1.5633127994524298,0.03809913333631902,0.310255604929437
PJM,1.566050650239562,0.03809913333631902,0.3103952033145557
PJM,1.568788501026694,0.03809913333631902,0.3108139984699119
PJM,1.571526351813826,0.038238731721437755,0.3110931952401494
PJM,1.5742642026009583,0.038238731721437755,0.31137239201038686
PJM,1.5797399041752225,0.03851792849167522,0.3115119903955056
PJM,1.5824777549623545,0.03851792849167522,0.31179118716574306
PJM,1.5879534565366187,0.038657526876793954,0.3120703839359805
PJM,1.5906913073237507,0.038657526876793954,0.3124891790913367
PJM,1.593429158110883,0.039076322032150154,0.3127683758615742
PJM,1.596167008898015,0.03921592041726889,0.3127683758615742
PJM,1.5989048596851472,0.03921592041726889,0.31304757263181165
PJM,1.6016427104722792,0.03921592041726889,0.3133267694020491
PJM,1.6043805612594113,0.03935551880238762,0.3137455645574053
PJM,1.6071184120465434,0.03963471557262509,0.3137455645574053
PJM,1.6098562628336757,0.03977431395774382,0.31430395809788025
PJM,1.6125941136208077,0.039913912342862554,0.31430395809788025
PJM,1.6180698151950719,0.04005351072798129,0.314443556482999
PJM,1.620807665982204,0.04019310911310002,0.31472275325323645
PJM,1.623545516769336,0.040891101038693686,0.3148623516383552
PJM,1.626283367556468,0.040891101038693686,0.3150019500234739
PJM,1.6290212183436004,0.040891101038693686,0.3156999419490676
PJM,1.6317590691307324,0.04117029780893115,0.31597913871930505
PJM,1.6344969199178645,0.04117029780893115,0.3161187371044238
PJM,1.6372347707049966,0.04144949457916862,0.3161187371044238
PJM,1.6427104722792607,0.04158909296428735,0.3161187371044238
PJM,1.6454483230663928,0.04158909296428735,0.31653753225978
PJM,1.648186173853525,0.04158909296428735,0.3170959258002549
PJM,1.6509240246406571,0.04158909296428735,0.3175147209556111
PJM,1.6536618754277892,0.04158909296428735,0.3179335161109673
PJM,1.6563997262149213,0.04158909296428735,0.3182127128812048
PJM,1.6591375770020533,0.041728691349406086,0.31849190965144225
PJM,1.6618754277891854,0.04186828973452482,0.318631508036561
PJM,1.6646132785763177,0.04200788811964355,0.318631508036561
PJM,1.6673511293634498,0.04242668327499975,0.3190503031919172
PJM,1.6700889801505818,0.04270588004523722,0.31932949996215465
PJM,1.672826830937714,0.04270588004523722,0.3196086967323921
PJM,1.675564681724846,0.04284547843035595,0.32016709027286705
PJM,1.678302532511978,0.042985076815474685,0.3203066886579858
PJM,1.6837782340862424,0.042985076815474685,0.32058588542822325
PJM,1.6865160848733745,0.043403871970830885,0.320725483813342
PJM,1.6892539356605065,0.043403871970830885,0.32100468058357945
PJM,1.6919917864476386,0.04354347035594962,0.32142347573893565
PJM,1.6974674880219027,0.04354347035594962,0.3215630741240544
PJM,1.700205338809035,0.04354347035594962,0.3217026725091731
PJM,1.702943189596167,0.04368306874106835,0.3219818692794106
PJM,1.7056810403832992,0.04368306874106835,0.3221214676645293
PJM,1.7084188911704312,0.043822667126187084,0.32267986120500425
PJM,1.7138945927446954,0.04410186389642455,0.322819459590123
PJM,1.7166324435318274,0.04410186389642455,0.32309865636036045
PJM,1.7193702943189597,0.044241462281543284,0.3232382547454792
PJM,1.7221081451060918,0.044241462281543284,0.3236570499008354
PJM,1.7248459958932238,0.044241462281543284,0.32393624667107285
PJM,1.727583846680356,0.044241462281543284,0.3240758450561916
PJM,1.730321697467488,0.04438106066666202,0.32435504182642905
PJM,1.73305954825462,0.04438106066666202,0.3246342385966665
PJM,1.7412731006160165,0.04438106066666202,0.3253322305222602
PJM,1.7440109514031485,0.04438106066666202,0.3254718289073789
PJM,1.7467488021902806,0.04452065905178075,0.3258906240627351
PJM,1.7494866529774127,0.04452065905178075,0.3261698208329726
PJM,1.7522245037645447,0.044660257436899484,0.3263094192180913
PJM,1.754962354551677,0.044660257436899484,0.32644901760321005
PJM,1.757700205338809,0.04479985582201822,0.32644901760321005
PJM,1.7604380561259412,0.04493945420713695,0.3267282143734475
PJM,1.7631759069130732,0.04507905259225568,0.32686781275856625
PJM,1.7659137577002053,0.04535824936249315,0.32686781275856625
PJM,1.7686516084873374,0.04549784774761188,0.327007411143685
PJM,1.7713894592744694,0.045637446132730616,0.327007411143685
PJM,1.7741273100616017,0.045637446132730616,0.3275658046841599
PJM,1.7796030116358659,0.04577704451784935,0.3275658046841599
PJM,1.782340862422998,0.04591664290296808,0.32812419822463484
PJM,1.78507871321013,0.04619583967320555,0.3284033949948723
PJM,1.787816563997262,0.04633543805832428,0.3286825917651098
PJM,1.7960301163586585,0.04633543805832428,0.32896178853534724
PJM,1.8015058179329226,0.04661463482856175,0.32938058369070344
PJM,1.8042436687200547,0.046893831598799215,0.32938058369070344
PJM,1.8069815195071868,0.046893831598799215,0.3295201820758222
PJM,1.809719370294319,0.047312626754155415,0.3295201820758222
PJM,1.8124572210814511,0.047312626754155415,0.3296597804609409
PJM,1.8151950718685832,0.047312626754155415,0.32979937884605964
PJM,1.8179329226557153,0.04745222513927415,0.32979937884605964
PJM,1.8206707734428473,0.04787102029463035,0.33063696915677204
PJM,1.8234086242299794,0.048150217064867815,0.331195362697247
PJM,1.8261464750171115,0.048150217064867815,0.3316141578526032
PJM,1.8288843258042438,0.04828981544998655,0.3324517481633156
PJM,1.8316221765913758,0.04842941383510528,0.3325913465484343
PJM,1.83709787816564,0.04884820899046148,0.33273094493355304
PJM,1.839835728952772,0.048987807375580214,0.3328705433186718
PJM,1.842573579739904,0.048987807375580214,0.3330101417037905
PJM,1.8480492813141685,0.048987807375580214,0.3334289368591467
PJM,1.8507871321013005,0.04912740576069895,0.33356853524426544
PJM,1.8562628336755647,0.04912740576069895,0.33398733039962164
PJM,1.8590006844626967,0.04912740576069895,0.3342665271698591
PJM,1.8617385352498288,0.04912740576069895,0.33440612555497784
PJM,1.864476386036961,0.04912740576069895,0.3346853223252153
PJM,1.8672142368240932,0.04912740576069895,0.3355229126359277
PJM,1.8699520876112252,0.04912740576069895,0.33566251102104644
PJM,1.8726899383983573,0.04926700414581768,0.33566251102104644
PJM,1.8754277891854894,0.049406602530936414,0.3358021094061652
PJM,1.8781656399726214,0.049406602530936414,0.33608130617640264
PJM,1.8809034907597535,0.04968579930117388,0.33608130617640264
PJM,1.8836413415468858,0.04982539768629261,0.3363605029466401
PJM,1.8863791923340179,0.04982539768629261,0.33650010133175884
PJM,1.88911704312115,0.04996499607141135,0.33705849487223377
PJM,1.891854893908282,0.05024419284164881,0.33705849487223377
PJM,1.894592744695414,0.05052338961188628,0.33705849487223377
PJM,1.8973305954825461,0.050802586382123746,0.3371980932573525
PJM,1.9000684462696784,0.050802586382123746,0.33775648679782744
PJM,1.9028062970568105,0.05108178315236121,0.33775648679782744
PJM,1.9055441478439425,0.05108178315236121,0.3380356835680649
PJM,1.9082819986310746,0.05108178315236121,0.33831488033830237
PJM,1.9110198494182067,0.05108178315236121,0.33859407710853984
PJM,1.9137577002053388,0.051221381537479946,0.33901287226389604
PJM,1.9164955509924708,0.05136097992259868,0.3392920690341335
PJM,1.919233401779603,0.05150057830771741,0.33943166741925224
PJM,1.9219712525667352,0.05150057830771741,0.3397108641894897
PJM,1.9247091033538672,0.05177977507795488,0.3397108641894897
PJM,1.9274469541409993,0.05177977507795488,0.33985046257460844
PJM,1.9301848049281314,0.05191937346307361,0.3401296593448459
PJM,1.9329226557152634,0.052058971848192345,0.3401296593448459
PJM,1.9356605065023955,0.052058971848192345,0.34026925772996464
PJM,1.943874058863792,0.052058971848192345,0.34040885611508337
PJM,1.946611909650924,0.052058971848192345,0.3405484545002021
PJM,1.949349760438056,0.05219857023331108,0.34082765127043957
PJM,1.9520876112251881,0.052477767003548545,0.3409672496555583
PJM,1.9548254620123204,0.05261736538866728,0.34152564319603324
PJM,1.9575633127994525,0.05261736538866728,0.3418048399662707
PJM,1.9630390143737166,0.05261736538866728,0.34208403673650817
PJM,1.9657768651608487,0.05261736538866728,0.34236323350674563
PJM,1.9685147159479808,0.05275696377378601,0.34236323350674563
PJM,1.9712525667351128,0.05275696377378601,0.34250283189186437
PJM,1.9739904175222451,0.05275696377378601,0.3426424302769831
PJM,1.9767282683093772,0.052896562158904745,0.3426424302769831
PJM,1.9822039698836413,0.05317575892914221,0.34292162704722057
PJM,1.9849418206707734,0.05317575892914221,0.3438988157430517
PJM,1.9876796714579055,0.053315357314260944,0.34403841412817043
PJM,1.9904175222450375,0.05345495569937968,0.3451552012091203
PJM,1.9931553730321698,0.05359455408449841,0.34543439797935777
PJM,1.995893223819302,0.053734152469617144,0.3455739963644765
PJM,1.998631074606434,0.05401334923985461,0.3455739963644765
PJM,2.001368925393566,0.05401334923985461,0.34571359474959523
PJM,2.004106776180698,0.05401334923985461,0.3459927915198327
PJM,2.0095824777549622,0.05401334923985461,0.34627198829007017
PJM,2.0123203285420943,0.05401334923985461,0.3464115866751889
PJM,2.0150581793292264,0.05401334923985461,0.34655118506030763
PJM,2.023271731690623,0.05429254601009208,0.34669078344542636
PJM,2.026009582477755,0.054571742780329544,0.3468303818305451
PJM,2.028747433264887,0.054571742780329544,0.34710957860078256
PJM,2.0314852840520192,0.054571742780329544,0.3489243576073261
PJM,2.0342231348391513,0.054571742780329544,0.34906395599244483
PJM,2.0369609856262834,0.054571742780329544,0.3493431527626823
PJM,2.0396988364134154,0.054571742780329544,0.34948275114780103
PJM,2.0424366872005475,0.054571742780329544,0.34962234953291976
PJM,2.0479123887748116,0.054571742780329544,0.3497619479180385
PJM,2.0506502395619437,0.05471134116544828,0.35032034145851343
PJM,2.0533880903490758,0.05499053793568574,0.3505995382287509
PJM,2.0561259411362083,0.05499053793568574,0.35087873499898836
PJM,2.0588637919233403,0.055130136320804476,0.3514371285394633
PJM,2.0616016427104724,0.055130136320804476,0.35157672692458203
PJM,2.0643394934976045,0.05540933309104194,0.3518559236948195
PJM,2.0670773442847366,0.05540933309104194,0.35213512046505696
PJM,2.0698151950718686,0.05540933309104194,0.3524143172352944
PJM,2.0725530458590007,0.055548931476160676,0.35297271077576936
PJM,2.0752908966461328,0.05568852986127941,0.35297271077576936
PJM,2.080766598220397,0.055967726631516876,0.3532519075460068
PJM,2.083504449007529,0.055967726631516876,0.35339150593112556
PJM,2.086242299794661,0.05610732501663561,0.3539498994716005
PJM,2.088980150581793,0.05610732501663561,0.3552062849376691
PJM,2.0944558521560577,0.05610732501663561,0.3553458833227878
PJM,2.0971937029431897,0.05610732501663561,0.3556250800930253
PJM,2.099931553730322,0.05610732501663561,0.35590427686326276
PJM,2.102669404517454,0.05624692340175434,0.3561834736335002
PJM,2.105407255304586,0.05624692340175434,0.3566022687888564
PJM,2.108145106091718,0.056386521786873076,0.3568814655590939
PJM,2.116358658453114,0.056386521786873076,0.3574398590995688
PJM,2.1190965092402463,0.05652612017199181,0.3577190558698063
PJM,2.1218343600273784,0.05666571855711054,0.35883584295075616
PJM,2.1245722108145104,0.05694491532734801,0.3591150397209936
PJM,2.127310061601643,0.05708451371246674,0.3591150397209936
PJM,2.130047912388775,0.05708451371246674,0.3595338348763498
PJM,2.132785763175907,0.05708451371246674,0.35967343326146856
PJM,2.135523613963039,0.057224112097585475,0.35967343326146856
PJM,2.138261464750171,0.05750330886782294,0.35967343326146856
PJM,2.1409993155373033,0.05750330886782294,0.3598130316465873
PJM,2.1437371663244353,0.05750330886782294,0.36051102357218096
PJM,2.1464750171115674,0.05778250563806041,0.3606506219572997
PJM,2.1492128678986995,0.05792210402317914,0.3606506219572997
PJM,2.1519507186858315,0.058061702408297874,0.3607902203424184
PJM,2.1546885694729636,0.05820130079341661,0.3607902203424184
PJM,2.1574264202600957,0.05834089917853534,0.3610694171126559
PJM,2.1656399726214923,0.058480497563654074,0.3614882122680121
PJM,2.1683778234086244,0.05875969433389154,0.3614882122680121
PJM,2.1711156741957565,0.05903889110412901,0.3619070074233683
PJM,2.1738535249828885,0.05917848948924774,0.3619070074233683
PJM,2.1765913757700206,0.05917848948924774,0.362046605808487
PJM,2.1793292265571527,0.05917848948924774,0.3623258025787245
PJM,2.1820670773442847,0.059318087874366474,0.3623258025787245
PJM,2.184804928131417,0.05973688302972267,0.3624654009638432
PJM,2.187542778918549,0.05973688302972267,0.3627445977340807
PJM,2.190280629705681,0.05973688302972267,0.3628841961191994
PJM,2.195756331279945,0.059876481414841407,0.36302379450431815
PJM,2.198494182067077,0.059876481414841407,0.3631633928894369
PJM,2.2012320328542097,0.06001607979996014,0.3633029912745556
PJM,2.206707734428474,0.060295276570197606,0.3635821880447931
PJM,2.209445585215606,0.06043487495531634,0.3635821880447931
PJM,2.212183436002738,0.06057447334043507,0.3635821880447931
PJM,2.21492128678987,0.060714071725553806,0.3635821880447931
PJM,2.220396988364134,0.060714071725553806,0.3637217864299118
PJM,2.223134839151266,0.060714071725553806,0.3640009832001493
PJM,2.2286105407255303,0.060714071725553806,0.364140581585268
PJM,2.2313483915126624,0.060714071725553806,0.36469897512574295
PJM,2.2340862422997945,0.06099326849579127,0.3649781718959804
PJM,2.236824093086927,0.06099326849579127,0.36511777028109915
PJM,2.239561943874059,0.06099326849579127,0.3656761638215741
PJM,2.242299794661191,0.06099326849579127,0.3660949589769303
PJM,2.245037645448323,0.061132866880910006,0.366234557362049
PJM,2.2477754962354553,0.06127246526602874,0.366234557362049
PJM,2.2505133470225873,0.06127246526602874,0.3665137541322865
PJM,2.2532511978097194,0.06127246526602874,0.36721174605788015
PJM,2.2559890485968515,0.06127246526602874,0.3673513444429989
PJM,2.2614647501711156,0.06141206365114747,0.3674909428281176
PJM,2.2642026009582477,0.06169126042138494,0.36804933636859255
PJM,2.2669404517453797,0.06183085880650367,0.36804933636859255
PJM,2.269678302532512,0.06183085880650367,0.3681889347537113
PJM,2.2751540041067764,0.06183085880650367,0.36832853313883
PJM,2.2778918548939084,0.061970457191622405,0.36846813152394875
PJM,2.2833675564681726,0.061970457191622405,0.3687473282941862
PJM,2.2861054072553046,0.06211005557674114,0.36888692667930495
PJM,2.2888432580424367,0.06224965396185987,0.36930572183466115
PJM,2.291581108829569,0.06224965396185987,0.3695849186048986
PJM,2.294318959616701,0.062389252346978605,0.36972451699001735
PJM,2.297056810403833,0.062389252346978605,0.3700037137602548
PJM,2.299794661190965,0.06252885073209734,0.37014331214537355
PJM,2.302532511978097,0.06266844911721607,0.37014331214537355
PJM,2.308008213552361,0.0628080475023348,0.3702829105304923
PJM,2.3107460643394937,0.0628080475023348,0.37056210730072975
PJM,2.3134839151266258,0.0628080475023348,0.3707017056858485
PJM,2.316221765913758,0.0628080475023348,0.3708413040709672
PJM,2.31895961670089,0.06294764588745354,0.37098090245608595
PJM,2.321697467488022,0.06294764588745354,0.3712600992263234
PJM,2.324435318275154,0.06308724427257227,0.3712600992263234
PJM,2.327173169062286,0.06308724427257227,0.37139969761144215
PJM,2.3353867214236823,0.063226842657691,0.3715392959965609
PJM,2.3381245722108144,0.06350603942792847,0.3715392959965609
PJM,2.3408624229979464,0.0636456378130472,0.3719580911519171
PJM,2.346338124572211,0.06392483458328467,0.3719580911519171
PJM,2.349075975359343,0.06392483458328467,0.37223728792215455
PJM,2.3572895277207393,0.06392483458328467,0.37265608307751075
PJM,2.3600273785078714,0.0640644329684034,0.3732144766179857
PJM,2.3627652292950034,0.0640644329684034,0.3733540750031044
PJM,2.3655030800821355,0.0640644329684034,0.37349367338822315
PJM,2.3709787816563996,0.06420403135352214,0.3736332717733419
PJM,2.3737166324435317,0.06420403135352214,0.3741916653138168
PJM,2.3764544832306638,0.06420403135352214,0.3744708620840543
PJM,2.3819301848049284,0.06434362973864087,0.3744708620840543
PJM,2.3846680355920604,0.0644832281237596,0.3744708620840543
PJM,2.3874058863791925,0.06476242489399707,0.3744708620840543
PJM,2.3928815879534566,0.0649020232791158,0.37475005885429175
PJM,2.3956194387405887,0.0649020232791158,0.37516885400964795
PJM,2.3983572895277208,0.06504162166423454,0.3753084523947667
PJM,2.401095140314853,0.06504162166423454,0.3754480507798854
PJM,2.409308692676249,0.06504162166423454,0.37558764916500414
PJM,2.412046543463381,0.06504162166423454,0.3761460427054791
PJM,2.4202600958247777,0.06504162166423454,0.3762856410905978
PJM,2.425735797399042,0.06504162166423454,0.37642523947571654
PJM,2.428473648186174,0.06518122004935327,0.3765648378608353
PJM,2.431211498973306,0.06518122004935327,0.37684403463107274
PJM,2.433949349760438,0.065320818434472,0.3769836330161915
PJM,2.43668720054757,0.065320818434472,0.3778212233269039
PJM,2.439425051334702,0.065320818434472,0.3779608217120226
PJM,2.4449007529089664,0.06546041681959074,0.37810042009714134
PJM,2.4476386036960984,0.06546041681959074,0.37851921525249754
PJM,2.4503764544832305,0.06560001520470947,0.378798412022735
PJM,2.4531143052703626,0.0657396135898282,0.37893801040785374
PJM,2.455852156057495,0.0657396135898282,0.3790776087929725
PJM,2.458590006844627,0.0657396135898282,0.3792172071780912
PJM,2.461327857631759,0.0657396135898282,0.37935680556320994
PJM,2.4640657084188913,0.06587921197494694,0.3796360023334474
PJM,2.4668035592060233,0.0661584087451844,0.3799151991036849
PJM,2.4750171115674195,0.0661584087451844,0.3800547974888036
PJM,2.4777549623545516,0.0661584087451844,0.3803339942590411
PJM,2.4804928131416837,0.0661584087451844,0.3807527894143973
PJM,2.4832306639288158,0.06629800713030314,0.3807527894143973
PJM,2.485968514715948,0.06629800713030314,0.380892387799516
PJM,2.48870636550308,0.06629800713030314,0.38145078133999094
PJM,2.4914442162902124,0.06629800713030314,0.3815903797251097
PJM,2.4969199178644765,0.06643760551542187,0.3815903797251097
PJM,2.4996577686516086,0.06643760551542187,0.3817299781102284
PJM,2.5023956194387407,0.0665772039005406,0.3821487732655846
PJM,2.5051334702258727,0.0665772039005406,0.38228837165070334
PJM,2.507871321013005,0.06671694386617162,0.3824281116163344
PJM,2.510609171800137,0.06685671928979951,0.38284743788721803
PJM,2.518822724161533,0.06685671928979951,0.3829872488228946
PJM,2.524298425735797,0.06685671928979951,0.383826114436954
PJM,2.5270362765229293,0.06699653022547608,0.3839659253726306
PJM,2.529774127310062,0.06699653022547608,0.3841057719198547
PJM,2.532511978097194,0.06699653022547608,0.38438546501430293
PJM,2.535249828884326,0.06699653022547608,0.38452531156152703
PJM,2.54072553045859,0.06713637677270021,0.38452531156152703
PJM,2.546201232032854,0.06727622331992433,0.38452531156152703
PJM,2.5516769336071183,0.06727622331992433,0.3848050046559753
PJM,2.5544147843942504,0.06727622331992433,0.3849448512031994
PJM,2.5571526351813825,0.06727622331992433,0.3850846977504235
PJM,2.5598904859685145,0.06741606986714846,0.38564408393932
PJM,2.5626283367556466,0.06755591641437259,0.3862034701282165
PJM,2.568104038329911,0.06755591641437259,0.38648316322266474
PJM,2.5708418891170433,0.06755591641437259,0.38676292797816714
PJM,2.5763175906913074,0.0676957987921238,0.38676292797816714
PJM,2.5790554414784395,0.06783568116987501,0.38676292797816714
PJM,2.5817932922655715,0.06783568116987501,0.38690281035591834
PJM,2.5845311430527036,0.06783568116987501,0.38718264690119636
PJM,2.5872689938398357,0.06783568116987501,0.38732256517383534
PJM,2.595482546201232,0.06783568116987501,0.38774231999175235
PJM,2.598220396988364,0.06811551771515302,0.38802215653703037
PJM,2.6009582477754964,0.06839535426043103,0.3883019930823084
PJM,2.6036960985626285,0.06853527253307004,0.3883019930823084
PJM,2.6064339493497606,0.06853527253307004,0.3884419113549474
PJM,2.6091718001368926,0.06867533516296738,0.38858197398484473
PJM,2.6119096509240247,0.06867533516296738,0.3887220366147421
PJM,2.614647501711157,0.06881539779286472,0.3887220366147421
PJM,2.617385352498289,0.06881539779286472,0.38886209924463944
PJM,2.620123203285421,0.06881539779286472,0.38914222450443414
PJM,2.622861054072553,0.06895546042276206,0.38914222450443414
PJM,2.625598904859685,0.06895546042276206,0.3892822871343315
PJM,2.628336755646817,0.06895546042276206,0.3895624123941262
PJM,2.6338124572210813,0.06895546042276206,0.38970247502402355
PJM,2.639288158795346,0.06895546042276206,0.38998260028381826
PJM,2.642026009582478,0.06951571094235141,0.39026272554361296
PJM,2.64476386036961,0.06965577357224875,0.39068291343330497
PJM,2.647501711156742,0.06965577357224875,0.3908229760632023
PJM,2.650239561943874,0.06965577357224875,0.3909630386930997
PJM,2.652977412731006,0.06979587258204996,0.3909630386930997
PJM,2.6557152635181382,0.06979587258204996,0.3912432367127021
PJM,2.6584531143052703,0.06993597159185116,0.3912432367127021
PJM,2.6611909650924024,0.06993597159185116,0.39138333572250333
PJM,2.6639288158795345,0.07021616961145358,0.3920838307715094
PJM,2.6666666666666665,0.07035626862125478,0.392504127800913
PJM,2.6694045174537986,0.07049636763105599,0.3926442268107142
PJM,2.6721423682409307,0.07049636763105599,0.3927843258205154
PJM,2.674880219028063,0.0706364666408572,0.3927843258205154
PJM,2.6776180698151952,0.0707765656506584,0.39292442483031664
PJM,2.6803559206023273,0.07091666466045961,0.3932046228499191
PJM,2.6830937713894594,0.07091666466045961,0.3933447218597203
PJM,2.6858316221765914,0.07091666466045961,0.3934848208695215
PJM,2.6967830253251197,0.07091666466045961,0.3934848208695215
PJM,2.6995208761122518,0.07091666466045961,0.3939054479751263
PJM,2.702258726899384,0.07091666466045961,0.3941858660455294
PJM,2.704996577686516,0.07091666466045961,0.394326075080731
PJM,2.707734428473648,0.07091666466045961,0.39446628411593254
PJM,2.7104722792607805,0.07105687369566119,0.3946064931511341
PJM,2.7132101300479126,0.07105687369566119,0.3947467021863357
PJM,2.7159479808350446,0.07105687369566119,0.39488691122153724
PJM,2.7186858316221767,0.07119708273086277,0.3950271202567388
PJM,2.7214236824093088,0.07147750080126591,0.3950271202567388
PJM,2.724161533196441,0.07147750080126591,0.3951673292919404
PJM,2.726899383983573,0.07147750080126591,0.39530753832714194
PJM,2.7405886379192332,0.0716177098364675,0.39530753832714194
PJM,2.7433264887063653,0.0716177098364675,0.3960085835031498
PJM,2.746064339493498,0.07189812790687064,0.3960085835031498
PJM,2.74880219028063,0.07189812790687064,0.3967096286791577
PJM,2.754277891854894,0.07217854597727379,0.3967096286791577
PJM,2.757015742642026,0.07217854597727379,0.39713025578476246
PJM,2.759753593429158,0.07231875501247537,0.3974106738551656
PJM,2.7624914442162902,0.07231875501247537,0.39769109192556873
PJM,2.7652292950034223,0.07301980018848325,0.3978313009607703
PJM,2.7679671457905544,0.07301980018848325,0.39797150999597186
PJM,2.7707049965776864,0.07301980018848325,0.3981117190311734
PJM,2.7761806981519506,0.07301980018848325,0.398251928066375
PJM,2.7789185489390826,0.0733002182588864,0.39839213710157656
PJM,2.7816563997262147,0.0733002182588864,0.399233391312786
PJM,2.784394250513347,0.07344042729408798,0.399233391312786
PJM,2.7871321013004793,0.07358063632928956,0.3993736003479876
PJM,2.7926078028747434,0.07358063632928956,0.39951380938318914
PJM,2.7953456536618755,0.07358063632928956,0.4003550635943986
PJM,2.7980835044490076,0.0738610543996927,0.40049527262960016
PJM,2.809034907597536,0.0738610543996927,0.40049527262960016
PJM,2.811772758384668,0.0738610543996927,0.4007762152661425
PJM,2.8145106091718,0.07400231891443704,0.4007762152661425
PJM,2.817248459958932,0.07400231891443704,0.4010590485810695
PJM,2.8199863107460645,0.07414377367932642,0.4010590485810695
PJM,2.8227241615331966,0.07414377367932642,0.4013420343873459
PJM,2.8254620123203287,0.07428526658246463,0.4013420343873459
PJM,2.8281998631074607,0.07428526658246463,0.4013420343873459
PJM,2.830937713894593,0.07442679767532029,0.40162509657305717
PJM,2.833675564681725,0.07456844355413933,0.40162509657305717
PJM,2.836413415468857,0.07471234642773077,0.40191290232024
PJM,2.839151266255989,0.07471234642773077,0.4022016608036894
PJM,2.841889117043121,0.0748570451809171,0.40234635955687575
PJM,2.844626967830253,0.0748570451809171,0.402491138453376
PJM,2.847364818617385,0.07500182407741729,0.40278069624637636
PJM,2.8501026694045173,0.07514660297391748,0.4029254751428766
PJM,2.8528405201916494,0.07529158295221837,0.40379535501268193
PJM,2.855578370978782,0.07543668408370446,0.40423065840714023
PJM,2.858316221765914,0.07543668408370446,0.4043757595386263
PJM,2.861054072553046,0.07543668408370446,0.4051012651960568
PJM,2.86652977412731,0.07543668408370446,0.4055365685905151
PJM,2.869267624914442,0.07543668408370446,0.4059718719849734
PJM,2.8720054757015743,0.07543668408370446,0.4061170137269077
PJM,2.8747433264887063,0.07558182582563878,0.40626215546884203
PJM,2.8774811772758384,0.07558182582563878,0.40640729721077634
PJM,2.8802190280629705,0.0757269675675731,0.40640729721077634
PJM,2.8829568788501025,0.0757269675675731,0.40655243895271065
PJM,2.8856947296372346,0.0757269675675731,0.40669758069464496
PJM,2.891170431211499,0.07587210930950743,0.40669758069464496
PJM,2.8939082819986313,0.07616239279337607,0.40727814766238224
PJM,2.8966461327857633,0.07616239279337607,0.40742328940431655
PJM,2.8993839835728954,0.07616239279337607,0.40756843114625085
PJM,2.9021218343600275,0.07616239279337607,0.40814899811398814
PJM,2.9048596851471595,0.07630753453531039,0.4085844233397911
PJM,2.9075975359342916,0.07630753453531039,0.4090198485655941
PJM,2.9103353867214237,0.07630753453531039,0.41003584075913435
PJM,2.9130732375085557,0.07630753453531039,0.41018098250106866
PJM,2.915811088295688,0.07645292283739522,0.4103263708031535
PJM,2.924024640657084,0.07688921133812583,0.410471800303397
PJM,2.926762491444216,0.07688921133812583,0.41090808880412766
PJM,2.9295003422313486,0.07688921133812583,0.4110535183043712
PJM,2.9322381930184807,0.07688921133812583,0.41119894780461475
PJM,2.9349760438056127,0.07703480628717511,0.411344542753664
PJM,2.937713894592745,0.07703480628717511,0.41149013770271325
PJM,2.943189596167009,0.07703480628717511,0.4119269225498611
PJM,2.945927446954141,0.0771804012362244,0.41221811244795964
PJM,2.948665297741273,0.0771804012362244,0.4145476316327481
PJM,2.951403148528405,0.07732599618527368,0.4157123912251423
PJM,2.954140999315537,0.07732599618527368,0.4160036647744612
PJM,2.9568788501026693,0.07732599618527368,0.4173143957463964
PJM,2.9596167008898013,0.07732599618527368,0.4176056692957153
PJM,2.9623545516769334,0.07732599618527368,0.4180425796196937
PJM,2.965092402464066,0.07732599618527368,0.41818821639435316
PJM,2.967830253251198,0.07732599618527368,0.418770763492991
PJM,2.97056810403833,0.07732599618527368,0.41920767381696944
PJM,2.976043805612594,0.07732599618527368,0.4193533105916289
PJM,2.9787816563997263,0.07747163295993315,0.41949894736628834
PJM,2.9815195071868583,0.07747163295993315,0.41979022091560725
PJM,2.9869952087611225,0.07747163295993315,0.42008149446492615
PJM,2.9897330595482545,0.07747163295993315,0.42037276801424506
PJM,2.9924709103353866,0.07761726973459261,0.4205184047889045
PJM,2.9952087611225187,0.07761726973459261,0.42066404156356396
PJM,2.9979466119096507,0.07776290650925208,0.4211009518875424
PJM,3.0006844626967832,0.078054180058571,0.4212465886622018
PJM,3.0034223134839153,0.078054180058571,0.4216836261058555
PJM,3.0061601642710474,0.078054180058571,0.4219749844016246
PJM,3.0116358658453115,0.07819990166613142,0.4219749844016246
PJM,3.0143737166324436,0.07819990166613142,0.42241214922430587
PJM,3.0198494182067077,0.07834562327369184,0.42241214922430587
PJM,3.02258726899384,0.07834562327369184,0.42241214922430587
PJM,3.025325119780972,0.07834562327369184,0.4231409699943818
PJM,3.028062970568104,0.07849143006127064,0.4232867767819606
PJM,3.030800821355236,0.07849143006127064,0.4234325835695394
PJM,3.033538672142368,0.07878312902839754,0.4234325835695394
PJM,3.0362765229295,0.078928978511961,0.42357843305310283
PJM,3.0390143737166326,0.078928978511961,0.4240159815037932
PJM,3.0417522245037647,0.078928978511961,0.4243076804709201
PJM,3.0444900752908968,0.07907482799552445,0.4248910784051739
PJM,3.047227926078029,0.07922067747908791,0.42503692788873737
PJM,3.049965776865161,0.07922067747908791,0.42532862685586426
PJM,3.055441478439425,0.07922067747908791,0.42576617530655464
PJM,3.058179329226557,0.07936652696265137,0.4260578742736815
PJM,3.060917180013689,0.07980420448368117,0.42620376678069144
PJM,3.0663928815879533,0.07980420448368117,0.42634978866326184
PJM,3.0718685831622174,0.07995022636625156,0.42649581054583224
PJM,3.07460643394935,0.08009624824882194,0.42649581054583224
PJM,3.077344284736482,0.08009624824882194,0.4270798980761138
PJM,3.080082135523614,0.08038829201396272,0.4270798980761138
PJM,3.0855578370978782,0.08038829201396272,0.4270798980761138
PJM,3.0882956878850103,0.0805344005306966,0.4272260065928477
PJM,3.0937713894592744,0.08068050904743049,0.4272260065928477
PJM,3.0965092402464065,0.08068050904743049,0.4276643321430494
PJM,3.0992470910335386,0.08068050904743049,0.42795654917651715
PJM,3.1019849418206706,0.08068050904743049,0.42839487472671883
PJM,3.1047227926078027,0.08068050904743049,0.42839487472671883
PJM,3.1074606433949348,0.08068050904743049,0.4286871787554332
PJM,3.1101984941820673,0.08068050904743049,0.4288333307697904
PJM,3.1129363449691994,0.0808266610617877,0.4288333307697904
PJM,3.1156741957563314,0.0808266610617877,0.4289794827841476
PJM,3.1184120465434635,0.0808266610617877,0.4291256347985048
PJM,3.1211498973305956,0.0809728130761449,0.4297102428559336
PJM,3.1238877481177276,0.08111896509050211,0.4298563948702908
PJM,3.1266255989048597,0.08111896509050211,0.430002546884648
PJM,3.1293634496919918,0.08111896509050211,0.4301486988990052
PJM,3.132101300479124,0.08111896509050211,0.4302948509133624
PJM,3.134839151266256,0.08141126911921652,0.4302948509133624
PJM,3.14031485284052,0.08141126911921652,0.4302948509133624
PJM,3.143052703627652,0.08155746489166185,0.4302948509133624
PJM,3.1457905544147846,0.08155746489166185,0.43044104668580774
PJM,3.1485284052019167,0.08170366066410718,0.43044104668580774
PJM,3.154004106776181,0.08170366066410718,0.4305872424582531
PJM,3.159479808350445,0.08170366066410718,0.43073343823069843
PJM,3.162217659137577,0.08214224798144319,0.43131822132047976
PJM,3.164955509924709,0.08214224798144319,0.43161061286537045
PJM,3.167693360711841,0.08228844375388852,0.43190300441026114
PJM,3.1704312114989732,0.08228844375388852,0.4320492001827065
PJM,3.1786447638603694,0.08228844375388852,0.43248778750004246
PJM,3.1813826146475015,0.08228844375388852,0.43292637481737845
PJM,3.186858316221766,0.08228844375388852,0.43292637481737845
PJM,3.189596167008898,0.08228844375388852,0.4330726146911126
PJM,3.19233401779603,0.08243468362762268,0.4330726146911126
PJM,3.1950718685831623,0.08243468362762268,0.4332188545648467
PJM,3.1978097193702943,0.08243468362762268,0.43351133431231503
PJM,3.2005475701574264,0.08243468362762268,0.43365757418604917
PJM,3.2032854209445585,0.08258092350135685,0.4338038140597833
PJM,3.2060232717316905,0.08287340324882517,0.4338038140597833
PJM,3.2114989733059547,0.08301964312255933,0.4338038140597833
PJM,3.2142368240930868,0.08301964312255933,0.4338038140597833
PJM,3.216974674880219,0.08301964312255933,0.4339500982083808
PJM,3.2197125256673513,0.0833122114197544,0.4339500982083808
PJM,3.2251882272416155,0.0833122114197544,0.4342426665055759
PJM,3.2279260780287475,0.08345849556835193,0.43438895065417343
PJM,3.2306639288158796,0.083751063865547,0.43453523480277095
PJM,3.2361396303901437,0.08389734801414453,0.4352666555457586
PJM,3.238877481177276,0.08389734801414453,0.4354129396943561
PJM,3.241615331964408,0.08404363216274206,0.4357055079915512
PJM,3.24435318275154,0.08404363216274206,0.4364369287345389
PJM,3.247091033538672,0.08433620045993713,0.4364369287345389
PJM,3.249828884325804,0.08433620045993713,0.4364369287345389
PJM,3.252566735112936,0.08433620045993713,0.43658330224425346
PJM,3.2553045859000687,0.08448257396965171,0.4368760492636826
PJM,3.2580424366872007,0.08448257396965171,0.4389252783996867
PJM,3.260780287474333,0.08448257396965171,0.4390716519094013
PJM,3.263518138261465,0.08462894747936629,0.439510772438545
PJM,3.266255989048597,0.08477532098908087,0.4396571459482596
PJM,3.268993839835729,0.08492169449879546,0.44214549561340744
PJM,3.271731690622861,0.08492169449879546,0.4576610876431526
PJM,3.274469541409993,0.08492169449879546,0.4614667988957316
PJM,3.277207392197125,0.08492169449879546,0.4627841604831628
PJM,3.2881587953456535,0.08506806800851004,0.46322328101230653
PJM,3.2908966461327855,0.08506806800851004,0.46380877505116486
PJM,3.293634496919918,0.08521444151822462,0.46380877505116486
PJM,3.29637234770705,0.08521444151822462,0.4643942690900232
PJM,3.299110198494182,0.08521444151822462,0.46585800418716894
PJM,3.3018480492813143,0.08521444151822462,0.4662971247163127
PJM,3.3073237508555784,0.0853608150279392,0.46658987173574185
PJM,3.3100616016427105,0.0855078128341191,0.4674718585728212
PJM,3.3127994524298425,0.0855078128341191,0.4677694753029098
PJM,3.3155373032169746,0.0856570686683533,0.4680679869713782
PJM,3.3182751540041067,0.0856570686683533,0.46911347713554213
PJM,3.3210130047912387,0.0856570686683533,0.46926293314567846
PJM,3.323750855578371,0.0856570686683533,0.4694123891558148
PJM,3.326488706365503,0.0856570686683533,0.4695618451659511
PJM,3.3292265571526354,0.0856570686683533,0.4698607571862238
PJM,3.3319644079397674,0.08580662525453953,0.4703094269447824
PJM,3.3347022587268995,0.08580662525453953,0.4703094269447824
PJM,3.3374401095140316,0.08595643421431026,0.4703094269447824
PJM,3.3401779603011637,0.08595643421431026,0.47045948921696396
PJM,3.3429158110882957,0.08595643421431026,0.4706095514891455
PJM,3.345653661875428,0.08610649648649184,0.47090967603350864
PJM,3.34839151266256,0.08610649648649184,0.4716599873944165
PJM,3.356605065023956,0.08610649648649184,0.47241029875532436
PJM,3.359342915811088,0.08625655875867341,0.4733106723884138
PJM,3.3675564681724848,0.08625655875867341,0.47346073466059535
PJM,3.373032169746749,0.08640667219426179,0.47361084809618376
PJM,3.375770020533881,0.08640667219426179,0.47376096153177216
PJM,3.378507871321013,0.08655678562985017,0.47376096153177216
PJM,3.381245722108145,0.08655678562985017,0.4740611884029489
PJM,3.383983572895277,0.08655678562985017,0.4745115287097141
PJM,3.3867214236824092,0.08655678562985017,0.47586254963000957
PJM,3.3894592744695413,0.08685701250102694,0.4761627765011863
PJM,3.3921971252566734,0.08685701250102694,0.4764630033723631
PJM,3.3949349760438055,0.08685701250102694,0.4773636839858934
PJM,3.3976728268309375,0.08685701250102694,0.4775137974214818
PJM,3.403148528405202,0.08700712593661532,0.4776639108570702
PJM,3.405886379192334,0.08700712593661532,0.4778140242926586
PJM,3.4086242299794662,0.08700712593661532,0.47856459147060054
PJM,3.4113620807665983,0.08700712593661532,0.4787148087190766
PJM,3.4195756331279945,0.08700712593661532,0.4788650259675527
PJM,3.4223134839151266,0.08700712593661532,0.4793156777129809
PJM,3.4250513347022586,0.08700712593661532,0.479616112209933
PJM,3.4277891854893907,0.08700712593661532,0.47991706829455344
PJM,3.430527036276523,0.08715765628272892,0.48036865933289424
PJM,3.433264887063655,0.08745871697495612,0.48036865933289424
PJM,3.4387405886379194,0.08745871697495612,0.48051934713752886
PJM,3.4469541409993156,0.08745871697495612,0.4806700349421635
PJM,3.4496919917864477,0.08745871697495612,0.4815741617699713
PJM,3.4524298425735798,0.08760940477959077,0.4820262251838752
PJM,3.457905544147844,0.08776009258422542,0.4823276007931445
PJM,3.460643394934976,0.08791078038886006,0.4829303520116831
PJM,3.463381245722108,0.08806146819349471,0.4830810398163177
PJM,3.46611909650924,0.08821220896396578,0.48353326212773096
PJM,3.468856947296372,0.08821220896396578,0.483684002898202
PJM,3.4715947980835042,0.08836294973443685,0.4838347436686731
PJM,3.4743326488706368,0.08851369050490793,0.4842869659800863
PJM,3.477070499657769,0.08851369050490793,0.4844377599594421
PJM,3.479808350444901,0.08851369050490793,0.4848901418975095
PJM,3.485284052019165,0.08851369050490793,0.4851917298562211
PJM,3.488021902806297,0.08851369050490793,0.4854933178149327
PJM,3.490759753593429,0.08851369050490793,0.4856441117942885
PJM,3.4962354551676933,0.08851369050490793,0.48654919616772274
PJM,3.4989733059548254,0.0886645379004803,0.48654919616772274
PJM,3.5017111567419574,0.0886645379004803,0.4870017383544399
PJM,3.5044490075290895,0.0886645379004803,0.48715258575001225
PJM,3.5071868583162216,0.0886645379004803,0.48745428054115697
PJM,3.509924709103354,0.0886645379004803,0.4879068227278741
PJM,3.512662559890486,0.08881538529605268,0.48820851751901884
PJM,3.5181382614647503,0.08881538529605268,0.488661059705736
PJM,3.5208761122518824,0.08896623269162506,0.488661059705736
PJM,3.5236139630390144,0.0892679274827698,0.4889627544968807
PJM,3.5263518138261465,0.0892679274827698,0.4892644492880254
PJM,3.5318275154004106,0.0892679274827698,0.48971699147474257
PJM,3.5345653661875427,0.0892679274827698,0.48986783887031493
PJM,3.5373032169746748,0.0892679274827698,0.4900186862658873
PJM,3.542778918548939,0.08956962227391453,0.4900186862658873
PJM,3.5455167693360714,0.08972046966948691,0.49047122845260444
PJM,3.5482546201232035,0.08972046966948691,0.4906220758481768
PJM,3.5509924709103355,0.08972046966948691,0.49077292324374916
PJM,3.5592060232717317,0.09002216446063165,0.4909237706393215
PJM,3.57015742642026,0.09002216446063165,0.491074672355166
PJM,3.572895277207392,0.09002216446063165,0.4912255740710105
PJM,3.575633127994524,0.0901730661764761,0.4912255740710105
PJM,3.578370978781656,0.09032396789232054,0.49152737750269937
PJM,3.5811088295687883,0.09032396789232054,0.49182918093438827
PJM,3.583846680355921,0.09047486960816499,0.49198008265023274
PJM,3.586584531143053,0.09047486960816499,0.4921309843660772
PJM,3.589322381930185,0.09047486960816499,0.4922818860819217
PJM,3.592060232717317,0.09062577132400944,0.4922818860819217
PJM,3.594798083504449,0.09062577132400944,0.49243278779776617
PJM,3.597535934291581,0.09062577132400944,0.49273459122945507
PJM,3.600273785078713,0.09077667303985389,0.4936400015245218
PJM,3.6030116358658453,0.0910784764715428,0.4939418049562107
PJM,3.6057494866529773,0.0910784764715428,0.4940927066720552
PJM,3.6084873374401094,0.0910784764715428,0.49424360838789966
PJM,3.6112251882272415,0.0910784764715428,0.49439451010374413
PJM,3.6139630390143735,0.0910784764715428,0.4952999203988109
PJM,3.6167008898015056,0.0910784764715428,0.49605442897803315
PJM,3.619438740588638,0.09122937818738724,0.4965071341255665
PJM,3.62217659137577,0.09138027990323169,0.4969598392730999
PJM,3.6249144421629023,0.09138027990323169,0.49741254442063326
PJM,3.6276522929500343,0.09153118161907614,0.49741254442063326
PJM,3.6331279945242985,0.09183298505076505,0.49756344613647774
PJM,3.6358658453114305,0.09183298505076505,0.4980161512840111
PJM,3.6386036960985626,0.09183298505076505,0.4983179547157
PJM,3.6413415468856947,0.09183298505076505,0.4984688564315445
PJM,3.6440793976728267,0.09183298505076505,0.49892156157907785
PJM,3.646817248459959,0.09183298505076505,0.49907246329492233
PJM,3.649555099247091,0.09228569019829841,0.49907246329492233
PJM,3.652292950034223,0.09228569019829841,0.4993742667266112
PJM,3.6550308008213555,0.09243659191414286,0.5019395958959669
PJM,3.6577686516084875,0.09243659191414286,0.5020904976118113
PJM,3.6605065023956196,0.0925874936299873,0.5022413993276558
PJM,3.6632443531827517,0.0925874936299873,0.5025432027593447
PJM,3.6659822039698837,0.0925874936299873,0.5029959079068781
PJM,3.668720054757016,0.0925874936299873,0.5031468096227225
PJM,3.67419575633128,0.0925874936299873,0.5031468096227225
PJM,3.676933607118412,0.0925874936299873,0.5032977676872286
PJM,3.679671457905544,0.09273845169449339,0.5035996838162408
PJM,3.682409308692676,0.09273845169449339,0.5037506418807468
PJM,3.685147159479808,0.09288940975899948,0.5037506418807468
PJM,3.6878850102669403,0.09288940975899948,0.5039015999452529
PJM,3.693360711841205,0.09304036782350557,0.5039015999452529
PJM,3.696098562628337,0.09304036782350557,0.5043544741387711
PJM,3.701574264202601,0.09304036782350557,0.5043544741387711
PJM,3.704312114989733,0.09304036782350557,0.5046565035146434
PJM,3.7097878165639973,0.0931913825114417,0.5048075182025795
PJM,3.7152635181382614,0.0931913825114417,0.5055625916422601
PJM,3.7180013689253935,0.0931913825114417,0.5165866638615977
PJM,3.7207392197125255,0.0931913825114417,0.5193049282444481
PJM,3.7234770704996576,0.0931913825114417,0.52157103169032
PJM,3.7262149212867897,0.0931913825114417,0.5218731788164364
PJM,3.728952772073922,0.0931913825114417,0.5221753259425527
PJM,3.7316906228610542,0.0931913825114417,0.5265564592712385
PJM,3.7344284736481863,0.0931913825114417,0.5285204155909943
PJM,3.7371663244353184,0.09349352963755797,0.53048437191075
PJM,3.7399041752224504,0.09349352963755797,0.5329015489196802
PJM,3.7426420260095825,0.09349352963755797,0.5336572223044754
PJM,3.7481177275838466,0.09379579899147607,0.5341106263353526
PJM,3.7508555783709787,0.09379579899147607,0.5351698597728117
PJM,3.753593429158111,0.09379579899147607,0.5360826133797877
PJM,3.756331279945243,0.09379579899147607,0.5371474925879263
PJM,3.759069130732375,0.09394792459263872,0.5377559949925769
PJM,3.761806981519507,0.09394792459263872,0.5382123717960648
PJM,3.7645448323066395,0.09394792459263872,0.5392772510042034
PJM,3.7672826830937716,0.09394792459263872,0.5401900046111794
PJM,3.7700205338809036,0.09394792459263872,0.5406463814146674
PJM,3.7754962354551678,0.09425217579496403,0.541254883819318
PJM,3.7782340862423,0.09425217579496403,0.541711260622806
PJM,3.780971937029432,0.09440430139612668,0.5418633862239686
PJM,3.783709787816564,0.09440430139612668,0.5420155118251312
PJM,3.786447638603696,0.09440430139612668,0.5421676374262938
PJM,3.789185489390828,0.09455642699728933,0.5423197630274564
PJM,3.79192334017796,0.09470855259845198,0.543384642235595
PJM,3.7946611909650922,0.09486067819961463,0.5436888934379204
PJM,3.800136892539357,0.09486067819961463,0.543841019039083
PJM,3.802874743326489,0.09486067819961463,0.5444495214437336
PJM,3.805612594113621,0.09486067819961463,0.5449058982472216
PJM,3.808350444900753,0.09486067819961463,0.5471877822646614
PJM,3.811088295687885,0.09486067819961463,0.5513109441961735
PJM,3.813826146475017,0.09517463416909486,0.5520958341198741
PJM,3.8165639972621492,0.09517463416909486,0.553048299101992
PJM,3.8193018480492813,0.09517463416909486,0.5535264736376453
PJM,3.8220396988364134,0.09517463416909486,0.5536858651495297
PJM,3.8247775496235454,0.09517463416909486,0.5544828227089518
PJM,3.8275154004106775,0.09517463416909486,0.5544828227089518
PJM,3.8302532511978096,0.09533417084629064,0.5544828227089518
PJM,3.8329911019849416,0.09549370752348643,0.5549614327405391
PJM,3.8357289527720737,0.09661353087275501,0.5551214075047203
PJM,3.838466803559206,0.09693392191380609,0.5556019940662968
PJM,3.8412046543463383,0.09693392191380609,0.5557630807997321
PJM,3.8439425051334704,0.09709500864724137,0.5557630807997321
PJM,3.8466803559206024,0.09709500864724137,0.5557630807997321
PJM,3.8494182067077345,0.09725677095411603,0.5560866054134814
PJM,3.8521560574948666,0.09725677095411603,0.5568954169478547
PJM,3.8548939082819986,0.09741876056165609,0.5570574065553948
PJM,3.8576317590691307,0.09741876056165609,0.5572195481944765
PJM,3.8603696098562628,0.09741876056165609,0.5577059731117214
PJM,3.863107460643395,0.09741876056165609,0.5577059731117214
PJM,3.865845311430527,0.09741876056165609,0.5580304089220005
PJM,3.868583162217659,0.09741876056165609,0.5583548447322796
PJM,3.871321013004791,0.09741876056165609,0.5583548447322796
PJM,3.8740588637919235,0.09758105494859907,0.5588417278931085
PJM,3.8767967145790556,0.09774334933554206,0.5588417278931085
PJM,3.8795345653661877,0.09774334933554206,0.5590040222800514
PJM,3.8822724161533197,0.09774334933554206,0.5596531998278234
PJM,3.885010266940452,0.09774334933554206,0.5607897989538216
PJM,3.887748117727584,0.09774334933554206,0.5614392841686778
PJM,3.890485968514716,0.09806809194297016,0.5616016554723918
PJM,3.893223819301848,0.09806809194297016,0.5620887693835339
PJM,3.89596167008898,0.09806809194297016,0.562575883294676
PJM,3.898699520876112,0.09806809194297016,0.5629006259021041
PJM,3.9014373716632442,0.09806809194297016,0.5635501111169603
PJM,3.9041752224503763,0.09806809194297016,0.5640372250281024
PJM,3.9069130732375084,0.09806809194297016,0.5643624364650889
PJM,3.909650924024641,0.09806809194297016,0.5648502536205685
PJM,3.912388774811773,0.09823069766146339,0.5648502536205685
PJM,3.915126625598905,0.09823069766146339,0.5650130164460361
PJM,3.917864476386037,0.09855717006659427,0.5653394888511669
PJM,3.920602327173169,0.09855717006659427,0.5658291974588633
PJM,3.923340177960301,0.09855717006659427,0.5659924336614287
PJM,3.9260780287474333,0.09872064491857867,0.5664828582173819
PJM,3.9288158795345653,0.09872064491857867,0.5664828582173819
PJM,3.9315537303216974,0.09872064491857867,0.5666468134068353
PJM,3.9342915811088295,0.09872064491857867,0.5668107685962888
PJM,3.9397672826830936,0.09888460010803217,0.5669747237857422
PJM,3.9425051334702257,0.09888460010803217,0.5669747237857422
PJM,3.9452429842573578,0.09888460010803217,0.5674670725226374
PJM,3.9479808350444903,0.09888460010803217,0.5682876537507962
PJM,3.9507186858316223,0.09904887836377806,0.5686162102622879
PJM,3.9534565366187544,0.09904887836377806,0.5692733232852715
PJM,3.9561943874058865,0.09904887836377806,0.5696018797967632
PJM,3.9589322381930185,0.09921315661952394,0.5697661580525092
PJM,3.9616700889801506,0.09921315661952394,0.570094714564001
PJM,3.9644079397672827,0.09921315661952394,0.5704232710754927
PJM,3.9671457905544147,0.09937759841758516,0.5709165964696764
PJM,3.969883641341547,0.09937759841758516,0.5712454800657989
PJM,3.978097193702943,0.09954204021564637,0.5725610144502886
PJM,3.9835728952772076,0.0998709238117688,0.5727254562483498
PJM,3.9890485968514717,0.0998709238117688,0.5733832234405947
PJM,3.991786447638604,0.0998709238117688,0.5735477480391584
PJM,4.0,0.0998709238117688,0.5738767972362859
PJM,4.002737850787132,0.0998709238117688,0.5745358927493202
PJM,4.005475701574264,0.10003578111983914,0.5750304646735311
PJM,4.008213552361396,0.10003578111983914,0.5751953219816015
PJM,4.010951403148528,0.10020063842790948,0.5751953219816015
PJM,4.016427104722792,0.10036549573597982,0.5753601792896719
PJM,4.0191649555099245,0.10036549573597982,0.5765141804461642
PJM,4.0219028062970565,0.10036549573597982,0.5768444005011646
PJM,4.024640657084189,0.1005307748469695,0.5773402378341337
PJM,4.027378507871321,0.1005307748469695,0.5778365845018053
PJM,4.030116358658453,0.10069639412639855,0.5778365845018053
PJM,4.032854209445585,0.10102814543844375,0.5780024601578279
PJM,4.035592060232717,0.10102814543844375,0.5785003444304293
PJM,4.03832991101985,0.10102814543844375,0.5788322672788303
PJM,4.041067761806982,0.10102814543844375,0.5793301515514317
PJM,4.043805612594114,0.10102814543844375,0.5798285533752521
PJM,4.046543463381246,0.10102814543844375,0.5799946873165255
PJM,4.049281314168378,0.10119427937971721,0.5801608212577989
PJM,4.054757015742642,0.10136041332099067,0.5801608212577989
PJM,4.057494866529774,0.10152654726226414,0.5806592230816192
PJM,4.060232717316906,0.1016926812035376,0.5811576249054395
PJM,4.0629705681040384,0.1016926812035376,0.5814898927879865
PJM,4.0657084188911705,0.1016926812035376,0.5816560267292599
PJM,4.068446269678303,0.1016926812035376,0.5818221606705333
PJM,4.071184120465435,0.1016926812035376,0.5819882946118067
PJM,4.073921971252567,0.10235721696863141,0.5819882946118067
PJM,4.076659822039699,0.10235721696863141,0.5823205624943536
PJM,4.079397672826831,0.10252335090990487,0.5826528303769005
PJM,4.082135523613963,0.10268948485117833,0.5826528303769005
PJM,4.084873374401095,0.10302175273372524,0.5828189643181739
PJM,4.087611225188227,0.1033541964193846,0.5834838516894927
PJM,4.090349075975359,0.1033541964193846,0.583816295375152
PJM,4.093086926762491,0.1033541964193846,0.5841487390608113
PJM,4.095824777549623,0.1033541964193846,0.5844811827464707
PJM,4.098562628336755,0.1035204182622143,0.5849798482749597
PJM,4.101300479123887,0.1035204182622143,0.5853122919606191
PJM,4.1095140314852845,0.10368664010504398,0.5854785138034487
PJM,4.112251882272417,0.10385286194787367,0.5854785138034487
PJM,4.114989733059549,0.10385286194787367,0.5856447356462784
PJM,4.117727583846681,0.10401917282222067,0.5861436682693194
PJM,4.120465434633813,0.10468441631960868,0.5891372640075654
PJM,4.123203285420945,0.10468441631960868,0.5893035748819124
PJM,4.125941136208077,0.10468441631960868,0.5894698857562595
PJM,4.128678986995209,0.10468441631960868,0.5896361966306065
PJM,4.131416837782341,0.10485072719395568,0.5896361966306065
PJM,4.134154688569473,0.10485072719395568,0.5898029614101783
PJM,4.136892539356605,0.10501749197352742,0.5898029614101783
PJM,4.142368240930869,0.10501749197352742,0.5899699086457452
PJM,4.145106091718001,0.10501749197352742,0.5901372221945004
PJM,4.147843942505133,0.10501749197352742,0.5903045357432556
PJM,4.153319644079398,0.10501749197352742,0.590639162840766
PJM,4.15605749486653,0.10501749197352742,0.5909737899382764
PJM,4.158795345653662,0.10501749197352742,0.5914757305845421
PJM,4.161533196440794,0.10501749197352742,0.5914757305845421
PJM,4.164271047227926,0.10535285857843563,0.5916434138869962
PJM,4.16974674880219,0.10535285857843563,0.5916434138869962
PJM,4.172484599589322,0.10535285857843563,0.5918111900373475
PJM,4.175222450376454,0.10535285857843563,0.591979152295464
PJM,4.177960301163586,0.10535285857843563,0.591979152295464
PJM,4.180698151950718,0.10535285857843563,0.5924833188514764
PJM,4.183436002737851,0.10552091409710643,0.592819429888818
PJM,4.191649555099247,0.10552091409710643,0.5933235964448303
PJM,4.1943874058863795,0.10568896961577723,0.5941638740381843
PJM,4.1971252566735116,0.10568896961577723,0.5943319295568551
PJM,4.210814510609172,0.10568896961577723,0.595004528437634
PJM,4.213552361396304,0.10568896961577723,0.5958457496347858
PJM,4.216290212183436,0.10568896961577723,0.5961822381136465
PJM,4.219028062970568,0.10585721385520758,0.5961822381136465
PJM,4.2217659137577,0.10585721385520758,0.5965189166989924
PJM,4.224503764544832,0.10585721385520758,0.5966872559916654
PJM,4.227241615331964,0.10602555314788054,0.5968555952843384
PJM,4.229979466119096,0.10602555314788054,0.5970239345770114
PJM,4.232717316906228,0.10636242270236165,0.5973608041314925
PJM,4.2354551676933605,0.10636242270236165,0.5976978653068806
PJM,4.240930869267625,0.10653095329005571,0.5976978653068806
PJM,4.243668720054757,0.10653095329005571,0.5978665881713433
PJM,4.246406570841889,0.10669967615451839,0.5983727567647313
PJM,4.249144421629021,0.10669967615451839,0.5983727567647313
PJM,4.251882272416153,0.10669967615451839,0.5988795051617773
PJM,4.254620123203286,0.10669967615451839,0.599048421294126
PJM,4.257357973990418,0.10669967615451839,0.6007375826176126
PJM,4.26009582477755,0.10669967615451839,0.6010754148823099
PJM,4.262833675564682,0.10669967615451839,0.6017510794117045
PJM,4.265571526351814,0.10669967615451839,0.6019199955440532
PJM,4.268309377138946,0.10669967615451839,0.6032713246028424
PJM,4.271047227926078,0.10703750841921571,0.6041159052645857
PJM,4.27378507871321,0.10703750841921571,0.6046226536616317
PJM,4.276522929500342,0.10720642455156436,0.6046226536616317
PJM,4.2792607802874745,0.10737534068391301,0.6046226536616317
PJM,4.2819986310746065,0.10737534068391301,0.6051294020586777
PJM,4.287474332648871,0.10737534068391301,0.6052983181910264
PJM,4.290212183436003,0.10754425681626166,0.6056361504557237
PJM,4.292950034223135,0.10754425681626166,0.605973982720421
PJM,4.295687885010267,0.10771317294861031,0.605973982720421
PJM,4.309377138945927,0.10771317294861031,0.606480731117467
PJM,4.312114989733059,0.10771317294861031,0.6112103828232294
PJM,4.314852840520191,0.10771317294861031,0.611886047352624
PJM,4.317590691307323,0.10788208908095896,0.6127306280143673
PJM,4.323066392881588,0.10805100521330761,0.612899544146716
PJM,4.32580424366872,0.10805100521330761,0.6130684602790647
PJM,4.328542094455853,0.10821992134565626,0.6132373764114134
PJM,4.331279945242985,0.10821992134565626,0.6135752086761107
PJM,4.334017796030117,0.10838883747800492,0.613913040940808
PJM,4.336755646817249,0.10838883747800492,0.6140819570731567
PJM,4.339493497604381,0.10855775361035357,0.6140819570731567
PJM,4.344969199178645,0.10855775361035357,0.6142508732055054
PJM,4.347707049965777,0.10855775361035357,0.6144197893378541
PJM,4.350444900752909,0.10855775361035357,0.6149265377349001
PJM,4.355920602327173,0.10855775361035357,0.6150954538672488
PJM,4.361396303901437,0.10855775361035357,0.6152643699995975
PJM,4.3641341546885695,0.10855775361035357,0.6154332861319463
PJM,4.3668720054757015,0.10855775361035357,0.615602202264295
PJM,4.369609856262834,0.10872666974270222,0.6157711183966437
PJM,4.372347707049966,0.10889558587505087,0.616108950661341
PJM,4.375085557837098,0.10906450200739952,0.616108950661341
PJM,4.37782340862423,0.10906450200739952,0.6162778667936897
PJM,4.380561259411362,0.10923341813974817,0.616615699058387
PJM,4.383299110198494,0.10940233427209682,0.6167846151907357
PJM,4.386036960985626,0.10957125040444547,0.6167846151907357
PJM,4.388774811772758,0.10957125040444547,0.617122447455433
PJM,4.39151266255989,0.10990908266914279,0.617122447455433
PJM,4.394250513347022,0.10990908266914279,0.617629195852479
PJM,4.396988364134154,0.11007799880149144,0.6177981119848277
PJM,4.399726214921286,0.11024691493384009,0.6179670281171764
PJM,4.405201916495551,0.11024691493384009,0.6181359442495251
PJM,4.413415468856948,0.11041583106618874,0.6181359442495251
PJM,4.418891170431212,0.11058474719853739,0.6183048603818738
PJM,4.421629021218344,0.11058474719853739,0.6184737765142225
PJM,4.424366872005476,0.11075366333088604,0.6193183571759658
PJM,4.42984257357974,0.1109225794632347,0.6193183571759658
PJM,4.435318275154004,0.11109149559558334,0.6196561894406631
PJM,4.4435318275154,0.11109149559558334,0.6199940217053604
PJM,4.4517453798767965,0.111260411727932,0.6203318539700577
PJM,4.457221081451061,0.11142932786028065,0.6205007701024065
PJM,4.459958932238193,0.11142932786028065,0.621176434631801
PJM,4.465434633812457,0.11142932786028065,0.6213453507641498
PJM,4.468172484599589,0.1115982439926293,0.6213453507641498
PJM,4.470910335386721,0.1115982439926293,0.6216831830288471
PJM,4.476386036960986,0.1115982439926293,0.6218520991611958
PJM,4.479123887748118,0.11176716012497795,0.6221899314258931
PJM,4.48186173853525,0.11176716012497795,0.6223588475582418
PJM,4.487337440109514,0.11176716012497795,0.6225277636905905
PJM,4.4955509924709105,0.11176716012497795,0.6233723443523338
PJM,4.498288843258043,0.11176716012497795,0.6235412604846825
PJM,4.501026694045175,0.1119360762573266,0.6235412604846825
PJM,4.503764544832307,0.11210499238967525,0.6237101766170312
PJM,4.506502395619439,0.1122739085220239,0.6237101766170312
PJM,4.509240246406571,0.1122739085220239,0.6238790927493799
PJM,4.511978097193703,0.1122739085220239,0.6243858411464259
PJM,4.514715947980835,0.1122739085220239,0.6245547572787746
PJM,4.520191649555099,0.1122739085220239,0.6247236734111233
PJM,4.522929500342231,0.1122739085220239,0.624892589543472
PJM,4.528405201916495,0.1122739085220239,0.6255682540728666
PJM,4.531143052703627,0.1122739085220239,0.625906086337564
PJM,4.5366187542778915,0.11261174078672122,0.625906086337564
PJM,4.542094455852156,0.11261174078672122,0.62641283473461
PJM,4.550308008213553,0.11278065691906987,0.6267506669993073
PJM,4.553045859000685,0.11278065691906987,0.626919583131656
PJM,4.558521560574949,0.11294957305141852,0.6270884992640047
PJM,4.561259411362081,0.11294957305141852,0.6272574153963534
PJM,4.563997262149213,0.11311848918376717,0.6275952476610507
PJM,4.566735112936345,0.11328740531611582,0.6277641637933994
PJM,4.569472963723477,0.11328740531611582,0.628439828322794
PJM,4.574948665297741,0.11345632144846447,0.628439828322794
PJM,4.577686516084873,0.11345632144846447,0.6287776605874913
PJM,4.5804243668720055,0.11362523758081312,0.6292844089845373
PJM,4.583162217659138,0.11379415371316177,0.6296222412492346
PJM,4.588637919233402,0.11379415371316177,0.6297911573815833
PJM,4.591375770020534,0.11396306984551043,0.6297911573815833
PJM,4.596851471594798,0.11396306984551043,0.6301289896462806
PJM,4.59958932238193,0.11413198597785908,0.6301289896462806
PJM,4.602327173169062,0.11446981824255639,0.6301289896462806
PJM,4.605065023956194,0.11480765050725371,0.6301289896462806
PJM,4.607802874743326,0.11480765050725371,0.6302979057786293
PJM,4.610540725530458,0.11497656663960236,0.630466821910978
PJM,4.61327857631759,0.11497656663960236,0.6306357380433267
PJM,4.616016427104722,0.11497656663960236,0.630973570308024
PJM,4.621492128678987,0.11514548277195101,0.630973570308024
PJM,4.6242299794661195,0.11531439890429966,0.630973570308024
PJM,4.629705681040384,0.11548331503664831,0.630973570308024
PJM,4.632443531827516,0.11599006343369428,0.6313114025727213
PJM,4.635181382614648,0.11599006343369428,0.63148031870507
PJM,4.63791923340178,0.11599006343369428,0.6316492348374187
PJM,4.643394934976044,0.11615897956604293,0.6316492348374187
PJM,4.654346338124572,0.11615897956604293,0.6318181509697675
PJM,4.657084188911704,0.11615897956604293,0.6321559832344648
PJM,4.659822039698836,0.11615897956604293,0.6323248993668135
PJM,4.662559890485968,0.11615897956604293,0.6324938154991622
PJM,4.6680355920602326,0.11632789569839158,0.6330005638962082
PJM,4.670773442847365,0.1166657279630889,0.6330005638962082
PJM,4.673511293634497,0.11683464409543755,0.6331694800285569
PJM,4.676249144421629,0.11683464409543755,0.6336762284256029
PJM,4.678986995208761,0.1170035602277862,0.6336762284256029
PJM,4.681724845995893,0.11717247636013485,0.6336762284256029
PJM,4.684462696783025,0.1173413924924835,0.6336762284256029
PJM,4.687200547570157,0.11751030862483215,0.6336762284256029
PJM,4.689938398357289,0.1176792247571808,0.6336762284256029
PJM,4.692676249144422,0.1176792247571808,0.6338451445579516
PJM,4.695414099931554,0.1176792247571808,0.6341829768226489
PJM,4.7091033538672145,0.1176792247571808,0.6346897252196949
PJM,4.7118412046543465,0.1176792247571808,0.6348586413520436
PJM,4.714579055441479,0.11784814088952945,0.6353653897490896
PJM,4.717316906228611,0.1180170570218781,0.6357032220137869
PJM,4.722792607802875,0.11835488928657542,0.6360410542784842
PJM,4.725530458590007,0.11835488928657542,0.6370545510725761
PJM,4.728268309377139,0.11835488928657542,0.6372234672049248
PJM,4.731006160164271,0.11835488928657542,0.6373923833372735
PJM,4.733744010951403,0.11835488928657542,0.6389126285284115
PJM,4.736481861738535,0.11835488928657542,0.6392504607931088
PJM,4.739219712525667,0.11852380541892407,0.6395882930578061
PJM,4.744695414099931,0.11852380541892407,0.6400950414548521
PJM,4.747433264887063,0.11886163768362139,0.6400950414548521
PJM,4.7501711156741955,0.11903055381597004,0.6404328737195494
PJM,4.7529089664613275,0.11903055381597004,0.6409396221165954
PJM,4.766598220396989,0.11919946994831869,0.6409396221165954
PJM,4.769336071184121,0.11919946994831869,0.6411085382489441
PJM,4.772073921971253,0.11936838608066734,0.6416152866459901
PJM,4.777549623545517,0.11936838608066734,0.6417842027783388
PJM,4.783025325119781,0.11936838608066734,0.6422909511753848
PJM,4.788501026694045,0.11936838608066734,0.6427976995724308
PJM,4.791238877481177,0.11953730221301599,0.6431355318371281
PJM,4.7967145790554415,0.11953730221301599,0.6433044479694768
PJM,4.799452429842574,0.11970621834536464,0.6433044479694768
PJM,4.804928131416838,0.11970621834536464,0.6436422802341741
PJM,4.810403832991102,0.11970621834536464,0.6441490286312201
PJM,4.813141683778234,0.1198751344777133,0.645162525425312
PJM,4.815879534565366,0.12004405061006194,0.646176022219404
PJM,4.818617385352498,0.12004405061006194,0.64668277061645
PJM,4.824093086926762,0.12004405061006194,0.6468516867487987
PJM,4.826830937713894,0.1202129667424106,0.6468516867487987
PJM,4.829568788501026,0.1202129667424106,0.6470206028811474
PJM,4.832306639288158,0.1202129667424106,0.6473584351458447
PJM,4.8350444900752905,0.12038188287475925,0.6473584351458447
PJM,4.837782340862423,0.12038188287475925,0.6475273512781934
PJM,4.8405201916495555,0.1205507990071079,0.6476962674105421
PJM,4.843258042436688,0.12071971513945655,0.6476962674105421
PJM,4.84599589322382,0.12071971513945655,0.6482030158075881
PJM,4.848733744010952,0.12071971513945655,0.6483719319399368
PJM,4.851471594798084,0.12105754740415386,0.6485408480722855
PJM,4.85968514715948,0.12105754740415386,0.6488786803369828
PJM,4.862422997946612,0.12122646353650252,0.6492165126016801
PJM,4.865160848733744,0.12122646353650252,0.6493854287340288
PJM,4.867898699520876,0.12122646353650252,0.6495543448663775
PJM,4.870636550308008,0.12156429580119983,0.6497232609987262
PJM,4.87337440109514,0.12156429580119983,0.6498921771310749
PJM,4.876112251882272,0.12156429580119983,0.6500610932634237
PJM,4.8815879534565365,0.12156429580119983,0.650398925528121
PJM,4.887063655030801,0.12173321193354848,0.6505678416604697
PJM,4.889801505817933,0.12173321193354848,0.650905673925167
PJM,4.892539356605065,0.12190212806589713,0.650905673925167
PJM,4.895277207392197,0.12207104419824578,0.650905673925167
PJM,4.898015058179329,0.12257779259529175,0.650905673925167
PJM,4.903490759753593,0.1227467087276404,0.651412422322213
PJM,4.906228610540725,0.12291562485998905,0.651412422322213
PJM,4.914442162902122,0.12342237325703502,0.6517502545869103
PJM,4.917180013689254,0.12359128938938367,0.6517502545869103
PJM,4.919917864476386,0.12359128938938367,0.651919170719259
PJM,4.922655715263518,0.12359128938938367,0.6520880868516077
PJM,4.9253935660506505,0.12359128938938367,0.652425919116305
PJM,4.9281314168377826,0.12376020552173232,0.652425919116305
PJM,4.930869267624915,0.12392912165408097,0.6527637513810023
PJM,4.936344969199179,0.12392912165408097,0.652932667513351
PJM,4.939082819986311,0.12392912165408097,0.6531015836456997
PJM,4.941820670773443,0.12392912165408097,0.6532704997780484
PJM,4.944558521560575,0.12409803778642962,0.6536083320427457
PJM,4.947296372347707,0.12409803778642962,0.6541150804397917
PJM,4.950034223134839,0.12426695391877828,0.6546218288368377
PJM,4.955509924709103,0.12426695391877828,0.6547907449691864
PJM,4.958247775496235,0.12426695391877828,0.6549596611015351
PJM,4.960985626283367,0.12426695391877828,0.6554664094985811
PJM,4.963723477070499,0.12426695391877828,0.6556353256309299
PJM,4.9664613278576315,0.12426695391877828,0.6559731578956272
PJM,4.969199178644764,0.12426695391877828,0.6561420740279759
PJM,4.97741273100616,0.12426695391877828,0.6563109901603246
PJM,4.980150581793292,0.12426695391877828,0.6564799062926733
PJM,4.982888432580425,0.12426695391877828,0.6576623192191139
PJM,4.985626283367557,0.12443587005112693,0.6578312353514626
PJM,4.993839835728953,0.12443587005112693,0.6586758160132059
PJM,4.996577686516085,0.12443587005112693,0.6588447321455546
PJM,4.999315537303217,0.12460478618347558,0.6588447321455546
PJM,5.002053388090349,0.12460478618347558,0.6590136482779033
PJM,5.004791238877481,0.12460478618347558,0.659182564410252
PJM,5.0102669404517455,0.12460478618347558,0.6593514805426007
PJM,5.0130047912388775,0.12460478618347558,0.659689312807298
PJM,5.018480492813142,0.12460478618347558,0.6600271450719953
PJM,5.021218343600274,0.12460478618347558,0.660196061204344
PJM,5.026694045174538,0.12477370231582423,0.660196061204344
PJM,5.02943189596167,0.12477370231582423,0.6605338934690413
PJM,5.032169746748802,0.12494261844817288,0.6605338934690413
PJM,5.037645448323066,0.12494261844817288,0.6608717257337386
PJM,5.04312114989733,0.12494261844817288,0.661209557998436
PJM,5.045859000684462,0.12511153458052154,0.661209557998436
PJM,5.054072553045859,0.1252804507128702,0.6613784741307847
PJM,5.0568104038329915,0.12544936684521885,0.6613784741307847
PJM,5.062286105407256,0.1256182829775675,0.6613784741307847
PJM,5.06776180698152,0.12578719910991615,0.6613784741307847
PJM,5.073237508555784,0.12578719910991615,0.6615473902631334
PJM,5.08145106091718,0.1259561152422648,0.6615473902631334
PJM,5.084188911704312,0.12612503137461345,0.6617163063954821
PJM,5.086926762491444,0.1262939475069621,0.6617163063954821
PJM,5.089664613278576,0.1262939475069621,0.6618852225278308
PJM,5.092402464065708,0.12646286363931075,0.6635743838513173
PJM,5.0951403148528405,0.1266317797716594,0.6635743838513173
PJM,5.0978781656399725,0.12680069590400805,0.6635743838513173
PJM,5.100616016427105,0.1269696120363567,0.6635743838513173
PJM,5.103353867214237,0.1269696120363567,0.663743299983666
PJM,5.106091718001369,0.127307444301054,0.6644189645130606
PJM,5.108829568788501,0.127307444301054,0.6645878806454093
PJM,5.111567419575633,0.12747636043340266,0.664756796777758
PJM,5.114305270362765,0.1276452765657513,0.6650946290424553
PJM,5.117043121149897,0.1276452765657513,0.6654324613071526
PJM,5.119780971937029,0.12781419269809996,0.6654324613071526
PJM,5.122518822724161,0.12781419269809996,0.6656013774395013
PJM,5.127994524298426,0.1279831088304486,0.6656013774395013
PJM,5.130732375085558,0.1279831088304486,0.6662770419688959
PJM,5.13347022587269,0.1283209410951459,0.6662770419688959
PJM,5.138945927446954,0.1283209410951459,0.6666148742335932
PJM,5.147159479808351,0.1283209410951459,0.6667837903659419
PJM,5.149897330595483,0.1283209410951459,0.6672905387629879
PJM,5.152635181382615,0.12848985722749456,0.6672905387629879
PJM,5.155373032169747,0.12882768949219187,0.6672905387629879
PJM,5.158110882956879,0.12899660562454052,0.6672905387629879
PJM,5.163586584531143,0.12916552175688917,0.6672905387629879
PJM,5.166324435318275,0.12950335402158647,0.6672905387629879
PJM,5.169062286105407,0.12967227015393512,0.6674594548953366
PJM,5.174537987679671,0.13001010241863242,0.667797287160034
PJM,5.177275838466803,0.13034793468332972,0.667797287160034
PJM,5.1827515400410675,0.13034793468332972,0.6679662032923827
PJM,5.1854893908282,0.13034793468332972,0.6681351194247314
PJM,5.190965092402464,0.13034793468332972,0.6684729516894287
PJM,5.193702943189596,0.13034793468332972,0.668810783954126
PJM,5.196440793976728,0.13034793468332972,0.6689797000864747
PJM,5.201916495550993,0.13034793468332972,0.6696553646158693
PJM,5.207392197125257,0.13034793468332972,0.669824280748218
PJM,5.210130047912389,0.13034793468332972,0.6699931968805667
PJM,5.212867898699521,0.13034793468332972,0.6701621130129154
PJM,5.215605749486653,0.13034793468332972,0.6703310291452641
PJM,5.223819301848049,0.13034793468332972,0.6706688614099614
PJM,5.2265571526351815,0.13068576694802703,0.6708377775423101
PJM,5.229295003422314,0.13085468308037568,0.6711756098070074
PJM,5.232032854209446,0.13102359921272433,0.6713445259393561
PJM,5.234770704996578,0.13102359921272433,0.6716823582040534
PJM,5.23750855578371,0.13119251534507298,0.6721891066010994
PJM,5.240246406570842,0.13136143147742163,0.6723580227334481
PJM,5.242984257357974,0.13153034760977028,0.6725269388657968
PJM,5.245722108145106,0.13169926374211893,0.6728647711304941
PJM,5.248459958932238,0.13169926374211893,0.6730336872628429
PJM,5.25119780971937,0.1318686193787148,0.6732030428994388
PJM,5.253935660506502,0.1318686193787148,0.6733788123653737
PJM,5.256673511293634,0.1318686193787148,0.6733788123653737
PJM,5.259411362080766,0.1318686193787148,0.6735553786103926
PJM,5.262149212867898,0.1318686193787148,0.6739085111004305
PJM,5.2648870636550305,0.13204518562373377,0.6739085111004305
PJM,5.2676249144421625,0.13222255884427841,0.6739085111004305
PJM,5.270362765229295,0.13222255884427841,0.6740860467506643
PJM,5.2731006160164275,0.13222255884427841,0.6740860467506643
PJM,5.27583846680356,0.13240058402295954,0.6740860467506643
PJM,5.278576317590692,0.13240058402295954,0.6742640719293455
PJM,5.281314168377824,0.13240058402295954,0.6744420971080266
PJM,5.284052019164956,0.13240058402295954,0.6744420971080266
PJM,5.286789869952088,0.13257893796466685,0.6744420971080266
PJM,5.28952772073922,0.13257893796466685,0.6744420971080266
PJM,5.295003422313484,0.1327581199191026,0.6744420971080266
PJM,5.297741273100616,0.13293730187353836,0.6744420971080266
PJM,5.300479123887748,0.13293730187353836,0.6746212790624624
PJM,5.305954825462012,0.1331164838279741,0.6751588249257696
PJM,5.3114305270362765,0.13329616957422177,0.6755181964182649
PJM,5.314168377823409,0.13329616957422177,0.6758775679107603
PJM,5.319644079397673,0.13329616957422177,0.6762369394032556
PJM,5.322381930184805,0.13329616957422177,0.6764166251495033
PJM,5.325119780971937,0.13329616957422177,0.676596310895751
PJM,5.330595482546201,0.1334761956343828,0.676776336955912
PJM,5.333333333333333,0.1334761956343828,0.6769565339809924
PJM,5.338809034907597,0.1334761956343828,0.6771379380674849
PJM,5.341546885694729,0.13365759972087526,0.6771379380674849
PJM,5.344284736481861,0.13383900380736774,0.6775007462404699
PJM,5.347022587268994,0.13402058248874615,0.6775007462404699
PJM,5.349760438056126,0.13402058248874615,0.6778639036032267
PJM,5.3552361396303905,0.13402058248874615,0.6782270609659835
PJM,5.368925393566051,0.13402058248874615,0.6782270609659835
PJM,5.371663244353183,0.13402058248874615,0.6785905698847546
PJM,5.374401095140315,0.13402058248874615,0.6787723243441401
PJM,5.377138945927447,0.13420233694813172,0.6791358332629113
PJM,5.385352498288843,0.13420233694813172,0.6794993421816824
PJM,5.393566050650239,0.13420233694813172,0.6798628511004535
PJM,5.3963039014373715,0.13456584586690282,0.6798628511004535
PJM,5.401779603011636,0.13474760032628838,0.6802263600192247
PJM,5.404517453798768,0.13474760032628838,0.6807716233973813
PJM,5.415468856947296,0.13474760032628838,0.6807716233973813
PJM,5.418206707734429,0.1349295340307029,0.6807716233973813
PJM,5.420944558521561,0.1349295340307029,0.6809537368781836
PJM,5.423682409308693,0.1349295340307029,0.6811360306693629
PJM,5.429158110882957,0.13511182782188222,0.6813183244605422
PJM,5.431895961670089,0.13529412161306154,0.6813183244605422
PJM,5.44558521560575,0.13547641540424085,0.6813183244605422
PJM,5.451060917180014,0.13547641540424085,0.681683275177943
PJM,5.453798767967146,0.13547641540424085,0.6820482258953439
PJM,5.456536618754278,0.13565889076294127,0.6820482258953439
PJM,5.464750171115674,0.13565889076294127,0.6822307012540443
PJM,5.467488021902806,0.13565889076294127,0.6822307012540443
PJM,5.470225872689938,0.1358415491460737,0.6822307012540443
PJM,5.47296372347707,0.1358415491460737,0.682961334786574
PJM,5.475701574264202,0.1360242075292061,0.6833266515528388
PJM,5.478439425051334,0.13620686591233852,0.6833266515528388
PJM,5.4811772758384665,0.13638952429547094,0.6833266515528388
PJM,5.4839151266255985,0.13638952429547094,0.6835093099359713
PJM,5.486652977412731,0.13638952429547094,0.6836919683191037
PJM,5.492128678986996,0.13638952429547094,0.6838746267022362
PJM,5.494866529774128,0.13638952429547094,0.6838746267022362
PJM,5.500342231348392,0.13638952429547094,0.6842403151030547
PJM,5.503080082135524,0.13675521269628946,0.6842403151030547
PJM,5.505817932922656,0.13693805689669872,0.6842403151030547
PJM,5.508555783709788,0.13693805689669872,0.684423159303464
PJM,5.514031485284052,0.13693805689669872,0.6846060035038732
PJM,5.516769336071184,0.13693805689669872,0.6847888477042825
PJM,5.519507186858316,0.13693805689669872,0.6849716919046918
PJM,5.530458590006845,0.13712090109710798,0.6849716919046918
PJM,5.533196440793977,0.13730393340883454,0.6849716919046918
PJM,5.535934291581109,0.1374869657205611,0.6849716919046918
PJM,5.538672142368241,0.1374869657205611,0.6851549131042529
PJM,5.541409993155373,0.13767018692012226,0.6853381343038141
PJM,5.546885694729637,0.13785378824665345,0.6853381343038141
PJM,5.552361396303901,0.13803738957318465,0.6853381343038141
PJM,5.555099247091033,0.13840497433098486,0.6853381343038141
PJM,5.557837097878165,0.13840497433098486,0.6857057190616143
PJM,5.5715263518138265,0.138588766709885,0.6860733038194144
PJM,5.574264202600959,0.1387725590887851,0.6860733038194144
PJM,5.577002053388091,0.1387725590887851,0.6862570961983145
PJM,5.582477754962355,0.1387725590887851,0.6864408885772146
PJM,5.585215605749487,0.13895654493334722,0.6864408885772146
PJM,5.590691307323751,0.13895654493334722,0.6866248744217768
PJM,5.593429158110883,0.13895654493334722,0.6871768319554631
PJM,5.596167008898015,0.13895654493334722,0.6873608178000252
PJM,5.598904859685147,0.13895654493334722,0.6873608178000252
PJM,5.601642710472279,0.1391407258848495,0.6875449987515275
PJM,5.607118412046543,0.1391407258848495,0.6877291797030298
PJM,5.6125941136208075,0.1391407258848495,0.6879133606545321
PJM,5.61533196440794,0.13932490683635176,0.6879133606545321
PJM,5.6290212183436,0.13932490683635176,0.6880975416060344
PJM,5.631759069130732,0.13969326873935628,0.6880975416060344
PJM,5.634496919917864,0.13969326873935628,0.6882817225575367
PJM,5.645448323066393,0.13987744969085855,0.6882817225575367
PJM,5.650924024640657,0.14006163064236082,0.6886500844605412
PJM,5.653661875427789,0.14006163064236082,0.6886500844605412
PJM,5.6563997262149215,0.14006163064236082,0.6890188428779731
PJM,5.661875427789186,0.14006163064236082,0.689203222086689
PJM,5.664613278576318,0.14006163064236082,0.6895719805041209
PJM,5.66735112936345,0.1404303890597927,0.6895719805041209
PJM,5.672826830937714,0.1406149684630892,0.6897565599074175
PJM,5.689253935660506,0.14079954786638574,0.6897565599074175
PJM,5.691991786447638,0.1411687066729788,0.6897565599074175
PJM,5.6974674880219025,0.1411687066729788,0.689941139310714
PJM,5.700205338809035,0.1411687066729788,0.6901257187140105
PJM,5.702943189596167,0.14135328607627531,0.690310298117307
PJM,5.708418891170431,0.14153786547957184,0.6904948775206036
PJM,5.716632443531828,0.14153786547957184,0.6906794569239001
PJM,5.724845995893224,0.14172244488286836,0.6906794569239001
PJM,5.735797399041752,0.14172244488286836,0.6908640363271966
PJM,5.7412731006160165,0.14172244488286836,0.6910486157304931
PJM,5.7440109514031485,0.14172244488286836,0.6912331951337897
PJM,5.746748802190281,0.1419070242861649,0.6917869333436792
PJM,5.749486652977413,0.1419070242861649,0.6917869333436792
PJM,5.752224503764545,0.1419070242861649,0.6917869333436792
PJM,5.754962354551677,0.1419070242861649,0.6917869333436792
PJM,5.757700205338809,0.1419070242861649,0.6919794171890151
PJM,5.760438056125941,0.1422924385750856,0.6921721243334755
PJM,5.763175906913073,0.14248559544450387,0.6921721243334755
PJM,5.765913757700205,0.14248559544450387,0.6921721243334755
PJM,5.768651608487337,0.14248559544450387,0.6921721243334755
PJM,5.771389459274469,0.14248559544450387,0.6923680275090941
PJM,5.774127310061601,0.14248559544450387,0.6923680275090941
PJM,5.776865160848733,0.14248559544450387,0.6923680275090941
PJM,5.779603011635865,0.14268243260427313,0.6923680275090941
PJM,5.782340862422998,0.1428795049338868,0.6923680275090941
PJM,5.790554414784395,0.14307681327826646,0.6923680275090941
PJM,5.793292265571527,0.14307681327826646,0.6925653358534738
PJM,5.801505817932923,0.14307681327826646,0.6927628813473059
PJM,5.804243668720055,0.14307681327826646,0.6927628813473059
PJM,5.820670773442847,0.14307681327826646,0.6931598832950071
PJM,5.823408624229979,0.14307681327826646,0.6933583842688577
PJM,5.8261464750171115,0.14327531425211704,0.6933583842688577
PJM,5.8288843258042435,0.14347429878497822,0.6935573688017188
PJM,5.83709787816564,0.1436732833178394,0.6935573688017188
PJM,5.839835728952772,0.1436732833178394,0.6935573688017188
PJM,5.842573579739904,0.14407369991779131,0.6935573688017188
PJM,5.845311430527036,0.14407369991779131,0.6937578242724355
PJM,5.8507871321013,0.144274155388508,0.6937578242724355
PJM,5.853524982888432,0.144274155388508,0.6939585281390267
PJM,5.856262833675565,0.14447485925509915,0.6941592320056179
PJM,5.859000684462697,0.1446755631216903,0.6941592320056179
PJM,5.861738535249829,0.14487626698828146,0.6941592320056179
PJM,5.864476386036961,0.14487626698828146,0.6945606397388002
PJM,5.867214236824093,0.14507697085487262,0.6945606397388002
PJM,5.8699520876112254,0.14527767472146377,0.6945606397388002
PJM,5.87542778918549,0.14547837858805493,0.6949620474719825
PJM,5.878165639972622,0.14547837858805493,0.6951627513385737
PJM,5.880903490759754,0.14567908245464609,0.6951627513385737
PJM,5.883641341546886,0.14588003973521022,0.6951627513385737
PJM,5.886379192334018,0.14628195429633847,0.6951627513385737
PJM,5.894592744695414,0.14668386885746673,0.6951627513385737
PJM,5.897330595482546,0.14668386885746673,0.6951627513385737
PJM,5.90280629705681,0.14668386885746673,0.6953639642899783
PJM,5.905544147843942,0.14688533845804397,0.6953639642899783
PJM,5.908281998631074,0.1470868080586212,0.6953639642899783
PJM,5.9110198494182065,0.1470868080586212,0.6955656918541926
PJM,5.9137577002053385,0.14728853562283556,0.6955656918541926
PJM,5.916495550992471,0.14728853562283556,0.6955656918541926
PJM,5.919233401779603,0.1476940731003142,0.6955656918541926
PJM,5.921971252566735,0.1481001358854062,0.6955656918541926
PJM,5.927446954141,0.1481001358854062,0.6957687232467386
PJM,5.932922655715264,0.1481001358854062,0.6957687232467386
PJM,5.935660506502396,0.14830343164174456,0.6959720190030769
PJM,5.938398357289528,0.14850672739808293,0.6959720190030769
PJM,5.943874058863792,0.14850672739808293,0.6963786105157537
PJM,5.952087611225188,0.14850672739808293,0.696581906272092
PJM,5.960301163586585,0.14850672739808293,0.6967852020284304
PJM,5.963039014373717,0.14850672739808293,0.6971917935411072
PJM,5.971252566735113,0.1487100231544213,0.6971917935411072
PJM,5.973990417522245,0.1487100231544213,0.6973950892974455
PJM,5.984941820670773,0.14891331891075968,0.6975983850537839
PJM,5.993155373032169,0.14911661466709805,0.6975983850537839
PJM,5.9986310746064335,0.14911661466709805,0.6978016808101223
PJM,6.0013689253935665,0.14911661466709805,0.6980049765664607
PJM,6.017796030116359,0.14911661466709805,0.6984115680791374
PJM,6.020533880903491,0.14931991042343642,0.6988181595918141
PJM,6.023271731690623,0.14931991042343642,0.6988181595918141
PJM,6.034223134839151,0.14952347869419347,0.6988181595918141
PJM,6.036960985626283,0.14952347869419347,0.6992258433598625
PJM,6.05886379192334,0.14952347869419347,0.6994296852438867
PJM,6.061601642710472,0.14952347869419347,0.6994296852438867
PJM,6.067077344284736,0.14972787224772788,0.6994296852438867
PJM,6.072553045859,0.1499322658012623,0.6994296852438867
PJM,6.078028747433265,0.1499322658012623,0.6998384723509555
PJM,6.0889801505817935,0.1501366593547967,0.6998384723509555
PJM,6.091718001368926,0.15034133175356104,0.7000431447497198
PJM,6.094455852156058,0.15034133175356104,0.7002478171484842
PJM,6.099931553730322,0.15054600415232539,0.7002478171484842
PJM,6.108145106091718,0.15054600415232539,0.7004524895472485
PJM,6.11088295687885,0.15075067655108973,0.7004524895472485
PJM,6.113620807665982,0.1511600213486184,0.7004524895472485
PJM,6.12457221081451,0.1511600213486184,0.7006571619460128
PJM,6.1273100616016425,0.1511600213486184,0.7006571619460128
PJM,6.135523613963039,0.1511600213486184,0.7008626859636347
PJM,6.151950718685832,0.1511600213486184,0.7010682099812565
PJM,6.160164271047228,0.1511600213486184,0.7012737339988784
PJM,6.165639972621492,0.1511600213486184,0.7012737339988784
PJM,6.168377823408624,0.15136583201061632,0.7012737339988784
PJM,6.1711156741957565,0.15157164267261425,0.7012737339988784
PJM,6.176591375770021,0.15157164267261425,0.7012737339988784
PJM,6.179329226557153,0.15177861120050246,0.7012737339988784
PJM,6.198494182067077,0.15177861120050246,0.7014807025267666
PJM,6.203969883641341,0.15198557972839066,0.7016876710546549
PJM,6.206707734428473,0.15198557972839066,0.7018949327390982
PJM,6.209445585215605,0.15198557972839066,0.7021021944235415
PJM,6.2121834360027375,0.15198557972839066,0.7023094561079848
PJM,6.2149212867898695,0.15198557972839066,0.7027245699660009
PJM,6.228610540725531,0.1521931366573987,0.7031396838240169
PJM,6.239561943874059,0.15260825051541474,0.7031396838240169
PJM,6.247775496235455,0.15323092130243882,0.7031396838240169
PJM,6.250513347022587,0.15323092130243882,0.7031396838240169
PJM,6.253251197809719,0.15323092130243882,0.7031396838240169
PJM,6.2587268993839835,0.15323092130243882,0.7031396838240169
PJM,6.261464750171116,0.15323092130243882,0.7035716519288998
PJM,6.264202600958248,0.15323092130243882,0.7037909435472286
PJM,6.26694045174538,0.15345054977425193,0.7037909435472286
PJM,6.269678302532512,0.15345054977425193,0.7037909435472286
PJM,6.272416153319644,0.15345054977425193,0.7037909435472286
PJM,6.28062970568104,0.15345054977425193,0.7042336055834411
PJM,6.283367556468172,0.15345054977425193,0.7042336055834411
PJM,6.286105407255304,0.15345054977425193,0.7042336055834411
PJM,6.288843258042436,0.15345054977425193,0.7044587888819257
PJM,6.291581108829569,0.15345054977425193,0.7051386485055804
PJM,6.294318959616701,0.15345054977425193,0.7053652683801319
PJM,6.297056810403833,0.15367716964880349,0.7055918882546834
PJM,6.299794661190965,0.15367716964880349,0.705818508129235
PJM,6.3025325119780975,0.15367716964880349,0.705818508129235
PJM,6.30527036276523,0.15367716964880349,0.7060458614014388
PJM,6.308008213552362,0.15367716964880349,0.7060458614014388
PJM,6.327173169062286,0.15367716964880349,0.7065013061058211
PJM,6.33264887063655,0.15390489200099466,0.7065013061058211
PJM,6.335386721423682,0.15390489200099466,0.7065013061058211
PJM,6.338124572210814,0.15413335976186732,0.7065013061058211
PJM,6.3436002737850785,0.15413335976186732,0.7067324260629227
PJM,6.346338124572211,0.154364479718969,0.7067324260629227
PJM,6.365503080082136,0.154364479718969,0.7069635460200244
PJM,6.3709787816564,0.15459559967607067,0.7069635460200244
PJM,6.373716632443532,0.15482671963317235,0.7069635460200244
PJM,6.379192334017796,0.15482671963317235,0.7071946659771261
PJM,6.38466803559206,0.15482671963317235,0.7071946659771261
PJM,6.3874058863791925,0.15505822737543695,0.7071946659771261
PJM,6.395619438740589,0.15505822737543695,0.7071946659771261
PJM,6.398357289527721,0.15529012486137542,0.7071946659771261
PJM,6.401095140314853,0.15552202234731388,0.7071946659771261
PJM,6.409308692676249,0.15575391983325235,0.7071946659771261
PJM,6.412046543463381,0.1559858173191908,0.7071946659771261
PJM,6.420260095824777,0.1559858173191908,0.7071946659771261
PJM,6.436687200547571,0.1559858173191908,0.7074285454928589
PJM,6.439425051334703,0.15621969683492362,0.7074285454928589
PJM,6.442162902121835,0.15621969683492362,0.7076624250085918
PJM,6.447638603696099,0.15645357635065643,0.7076624250085918
PJM,6.450376454483231,0.15668745586638924,0.7078963045243246
PJM,6.453114305270363,0.15692133538212205,0.7078963045243246
PJM,6.461327857631759,0.15715521489785486,0.7078963045243246
PJM,6.464065708418891,0.15715521489785486,0.7081301840400575
PJM,6.466803559206023,0.15715521489785486,0.7083640635557903
PJM,6.469541409993155,0.15738950186918998,0.7083640635557903
PJM,6.4722792607802875,0.15738950186918998,0.7083640635557903
PJM,6.4750171115674195,0.15762419843313233,0.7083640635557903
PJM,6.480492813141684,0.1583282881249594,0.7085987601197327
PJM,6.48870636550308,0.1583282881249594,0.708833456683675
PJM,6.494182067077344,0.15856298468890173,0.708833456683675
PJM,6.499657768651608,0.15903237781678645,0.7090681532476174
PJM,6.507871321013004,0.1592670743807288,0.7090681532476174
PJM,6.510609171800137,0.1592670743807288,0.7093032689125668
PJM,6.513347022587269,0.1595021900456782,0.7093032689125668
PJM,6.521560574948666,0.1597373057106276,0.7093032689125668
PJM,6.529774127310062,0.1597373057106276,0.7095388074474172
PJM,6.532511978097194,0.1597373057106276,0.7097743459822675
PJM,6.537987679671458,0.159972844245478,0.7097743459822675
PJM,6.543463381245722,0.1602083827803284,0.7100098845171179
PJM,6.546201232032854,0.1602083827803284,0.7100098845171179
PJM,6.551676933607118,0.16044434956706033,0.7102458513038498
PJM,6.562628336755647,0.16068031635379226,0.7104818180905816
PJM,6.565366187542779,0.16068031635379226,0.7107177848773135
PJM,6.568104038329911,0.16068031635379226,0.7109541854265211
PJM,6.581793292265571,0.1609167169029998,0.7109541854265211
PJM,6.587268993839836,0.1609167169029998,0.7111905859757287
PJM,6.598220396988364,0.1609167169029998,0.7114269865249363
PJM,6.6036960985626285,0.16115311745220734,0.7116633870741439
PJM,6.606433949349761,0.16115311745220734,0.7116633870741439
PJM,6.620123203285421,0.1613899582259013,0.7116633870741439
PJM,6.625598904859685,0.16162679899959526,0.7116633870741439
PJM,6.628336755646817,0.16186408329533733,0.7116633870741439
PJM,6.631074606433949,0.1621013675910794,0.7123752399613701
PJM,6.636550308008213,0.1621013675910794,0.7123752399613701
PJM,6.639288158795345,0.1621013675910794,0.7126129736591874
PJM,6.652977412731006,0.1621013675910794,0.7128507073570047
PJM,6.661190965092403,0.1621013675910794,0.713088441054822
PJM,6.663928815879535,0.16233910128889675,0.713088441054822
PJM,6.666666666666667,0.1625768349867141,0.713088441054822
PJM,6.669404517453799,0.16281456868453145,0.713088441054822
PJM,6.683093771389459,0.1630523023823488,0.7133261747526394
PJM,6.6885694729637235,0.1630523023823488,0.7135639084504567
PJM,6.707734428473648,0.1630523023823488,0.7140393758460913
PJM,6.7323750855578375,0.16329003608016615,0.7142771095439087
PJM,6.7351129363449695,0.16329003608016615,0.714514843241726
PJM,6.743326488706366,0.16329003608016615,0.7149903106373606
PJM,6.746064339493498,0.16329003608016615,0.7149903106373606
PJM,6.74880219028063,0.16329003608016615,0.7149903106373606
PJM,6.751540041067762,0.16329003608016615,0.7154695218707562
PJM,6.754277891854894,0.16329003608016615,0.7154695218707562
PJM,6.757015742642026,0.16353349078307597,0.7154695218707562
PJM,6.759753593429158,0.16353349078307597,0.7154695218707562
PJM,6.76249144421629,0.16353349078307597,0.7154695218707562
PJM,6.767967145790554,0.16353349078307597,0.7154695218707562
PJM,6.770704996577686,0.16353349078307597,0.7154695218707562
PJM,6.776180698151951,0.16353349078307597,0.7154695218707562
PJM,6.778918548939083,0.16353349078307597,0.7154695218707562
PJM,6.781656399726215,0.16379258497439542,0.7154695218707562
PJM,6.784394250513347,0.16379258497439542,0.7154695218707562
PJM,6.787132101300479,0.1640556304932513,0.7154695218707562
PJM,6.789869952087611,0.1643192516040522,0.7154695218707562
PJM,6.795345653661875,0.1643192516040522,0.7154695218707562
PJM,6.798083504449007,0.16458579534357592,0.7160026093498036
PJM,6.80082135523614,0.16458579534357592,0.7160026093498036
PJM,6.803559206023272,0.16458579534357592,0.7160026093498036
PJM,6.809034907597536,0.16458579534357592,0.7160026093498036
PJM,6.811772758384668,0.16485534747745093,0.7160026093498036
PJM,6.8145106091718,0.16485534747745093,0.7165417136175537
PJM,6.8172484599589325,0.16485534747745093,0.7168118797654011
PJM,6.822724161533197,0.16512551362529831,0.7170820459132484
PJM,6.825462012320329,0.16539630084474996,0.7170820459132484
PJM,6.828199863107461,0.16539630084474996,0.7170820459132484
PJM,6.830937713894593,0.16539630084474996,0.7173534585073408
PJM,6.833675564681725,0.16566834316643886,0.7173534585073408
PJM,6.836413415468857,0.16594101961941374,0.7173534585073408
PJM,6.839151266255989,0.16594101961941374,0.7173534585073408
PJM,6.841889117043121,0.16704461793500006,0.7173534585073408
PJM,6.844626967830253,0.16704461793500006,0.7173534585073408
PJM,6.852840520191649,0.16704461793500006,0.7176306813456086
PJM,6.855578370978781,0.16732184077326784,0.7176306813456086
PJM,6.861054072553046,0.16732184077326784,0.7176306813456086
PJM,6.86652977412731,0.16732184077326784,0.7179092466673547
PJM,6.880219028062971,0.16732184077326784,0.7181878119891008
PJM,6.882956878850103,0.16732184077326784,0.7184663773108468
PJM,6.888432580424367,0.16732184077326784,0.7187449426325929
PJM,6.9021218343600275,0.16760040609501392,0.7187449426325929
PJM,6.910335386721424,0.16760040609501392,0.7193020732760851
PJM,6.913073237508556,0.16843610206025217,0.7195806385978312
PJM,6.915811088295688,0.16843610206025217,0.7195806385978312
PJM,6.921286789869952,0.16843610206025217,0.7195806385978312
PJM,6.924024640657084,0.1687174670334731,0.7195806385978312
PJM,6.934976043805612,0.1687174670334731,0.7195806385978312
PJM,6.937713894592744,0.1687174670334731,0.7195806385978312
PJM,6.9486652977412735,0.1687174670334731,0.7198634282038279
PJM,6.95687885010267,0.16900025663946983,0.7198634282038279
PJM,6.962354551676934,0.16928376764752265,0.7198634282038279
PJM,6.967830253251198,0.16985078966362832,0.7198634282038279
PJM,6.978781656399726,0.16985078966362832,0.7198634282038279
PJM,6.995208761122519,0.1701350313701555,0.7198634282038279
PJM,6.997946611909651,0.1704192730766827,0.7198634282038279
PJM,7.006160164271047,0.1704192730766827,0.7204319116168822
PJM,7.011635865845311,0.17070425692865773,0.7204319116168822
PJM,7.014373716632443,0.17098924078063277,0.7207168954688573
PJM,7.017111567419575,0.1712742246326078,0.7207168954688573
PJM,7.019849418206708,0.1712742246326078,0.7210018793208324
PJM,7.030800821355236,0.17155920848458284,0.7210018793208324
PJM,7.0335386721423685,0.17155920848458284,0.7212876211085839
PJM,7.047227926078029,0.1718449502723344,0.7215733628963354
PJM,7.049965776865161,0.1718449502723344,0.721859104684087
PJM,7.052703627652293,0.17213069206008597,0.721859104684087
PJM,7.0746064339493495,0.17241720612293956,0.721859104684087
PJM,7.085557837097878,0.17241720612293956,0.7221456187469406
PJM,7.107460643394935,0.17241720612293956,0.7224321328097942
PJM,7.110198494182067,0.17241720612293956,0.7227186468726479
PJM,7.12662559890486,0.17270372018579316,0.7227186468726479
PJM,7.129363449691992,0.17299023424864676,0.7230051609355015
PJM,7.132101300479124,0.17327674831150036,0.7230051609355015
PJM,7.134839151266256,0.17356326237435396,0.7230051609355015
PJM,7.143052703627652,0.17356326237435396,0.7232916749983551
PJM,7.151266255989048,0.17356326237435396,0.7235781890612087
PJM,7.170431211498974,0.17384977643720756,0.7235781890612087
PJM,7.184120465434634,0.17442280456291478,0.7235781890612087
PJM,7.186858316221766,0.17470931862576838,0.7235781890612087
PJM,7.189596167008898,0.17470931862576838,0.7238647031240624
PJM,7.219712525667351,0.17470931862576838,0.724151217186916
PJM,7.238877481177276,0.17470931862576838,0.724151217186916
PJM,7.241615331964408,0.17470931862576838,0.7250132012566943
PJM,7.2470910335386725,0.17499664664902784,0.7250132012566943
PJM,7.2498288843258045,0.17499664664902784,0.7253013573146029
PJM,7.255304585900069,0.17557295876484505,0.7253013573146029
PJM,7.258042436687201,0.17557295876484505,0.7253013573146029
PJM,7.260780287474333,0.17557295876484505,0.7253013573146029
PJM,7.263518138261465,0.17557295876484505,0.7253013573146029
PJM,7.266255989048597,0.17586885632878702,0.7253013573146029
PJM,7.268993839835729,0.17586885632878702,0.7253013573146029
PJM,7.271731690622861,0.17586885632878702,0.7256063875194072
PJM,7.277207392197125,0.17586885632878702,0.7259114177242115
PJM,7.282683093771389,0.1761738865335914,0.7259114177242115
PJM,7.285420944558521,0.1761738865335914,0.7259114177242115
PJM,7.29637234770705,0.1761738865335914,0.7259114177242115
PJM,7.299110198494182,0.1761738865335914,0.7259114177242115
PJM,7.304585900068446,0.1761738865335914,0.7259114177242115
PJM,7.307323750855578,0.1761738865335914,0.7259114177242115
PJM,7.315537303216975,0.17648571677480862,0.7259114177242115
PJM,7.318275154004107,0.17648571677480862,0.7259114177242115
PJM,7.321013004791239,0.17648571677480862,0.7262262656774405
PJM,7.326488706365503,0.17648571677480862,0.7265411136306695
PJM,7.3319644079397674,0.17648571677480862,0.7265411136306695
PJM,7.3347022587268995,0.17648571677480862,0.7265411136306695
PJM,7.367556468172484,0.17648571677480862,0.7268622168412474
PJM,7.3757700205338805,0.17648571677480862,0.7271833200518253
PJM,7.389459274469542,0.17648571677480862,0.7271833200518253
PJM,7.40041067761807,0.17680789390916773,0.7271833200518253
PJM,7.403148528405202,0.17680789390916773,0.7275054971861844
PJM,7.416837782340862,0.17680789390916773,0.7275054971861844
PJM,7.4195756331279945,0.17680789390916773,0.7275054971861844
PJM,7.422313483915127,0.1771322552952852,0.7275054971861844
PJM,7.436002737850787,0.1771322552952852,0.7278298585723019
PJM,7.4633812457221085,0.17745661668140267,0.7278298585723019
PJM,7.4661190965092405,0.17778097806752013,0.7278298585723019
PJM,7.507186858316222,0.1781053394536376,0.7278298585723019
PJM,7.509924709103354,0.1781053394536376,0.7281542199584193
PJM,7.520876112251882,0.1781053394536376,0.7284785813445368
PJM,7.529089664613279,0.17842970083975507,0.7284785813445368
PJM,7.531827515400411,0.17842970083975507,0.7288029427306543
PJM,7.5509924709103355,0.17842970083975507,0.7291273041167717
PJM,7.553730321697468,0.17842970083975507,0.7294516655028892
PJM,7.567419575633128,0.17842970083975507,0.7297760268890067
PJM,7.575633127994524,0.17842970083975507,0.731397833819594
PJM,7.603011635865846,0.17875406222587253,0.7317221952057115
PJM,7.60848733744011,0.17875406222587253,0.7317221952057115
PJM,7.627652292950034,0.17907960310793952,0.7317221952057115
PJM,7.6331279945242985,0.17907960310793952,0.7320477360877785
PJM,7.638603696098563,0.17907960310793952,0.7323732769698456
PJM,7.646817248459959,0.17907960310793952,0.7326988178519126
PJM,7.655030800821355,0.17907960310793952,0.7330243587339796
PJM,7.663244353182751,0.1794051439900065,0.7330243587339796
PJM,7.709787816563997,0.1794051439900065,0.7333498996160467
PJM,7.723477070499658,0.1797306848720735,0.7333498996160467
PJM,7.734428473648186,0.1797306848720735,0.7333498996160467
PJM,7.737166324435318,0.1797306848720735,0.7343301937759552
PJM,7.753593429158111,0.1797306848720735,0.7343301937759552
PJM,7.759069130732375,0.1797306848720735,0.7343301937759552
PJM,7.761806981519507,0.1800612199541965,0.7343301937759552
PJM,7.770020533880904,0.1800612199541965,0.7343301937759552
PJM,7.772758384668036,0.1800612199541965,0.7343301937759552
PJM,7.775496235455168,0.1800612199541965,0.7343301937759552
PJM,7.7782340862423,0.1803969399003528,0.7343301937759552
PJM,7.780971937029432,0.1803969399003528,0.7346659137221115
PJM,7.783709787816564,0.18073668848586297,0.7346659137221115
PJM,7.794661190965092,0.18073668848586297,0.7346659137221115
PJM,7.797399041752224,0.18073668848586297,0.7346659137221115
PJM,7.832991101984942,0.18073668848586297,0.7350126243688002
PJM,7.835728952772074,0.18073668848586297,0.7350126243688002
PJM,7.8494182067077345,0.18073668848586297,0.7353622122822664
PJM,7.854893908281999,0.18073668848586297,0.7357132629066676
PJM,7.857631759069131,0.18073668848586297,0.7357132629066676
PJM,7.860369609856263,0.18073668848586297,0.736065794757332
PJM,7.865845311430527,0.18108922033652744,0.736065794757332
PJM,7.871321013004791,0.18108922033652744,0.7371233903093254
PJM,7.885010266940451,0.1814417521871919,0.7374759221599898
PJM,7.8904859685147155,0.1814417521871919,0.7378284540106542
PJM,7.912388774811773,0.1814417521871919,0.7378284540106542
PJM,7.915126625598905,0.1814417521871919,0.7381825320536461
PJM,7.939767282683094,0.1814417521871919,0.7381825320536461
PJM,7.945242984257358,0.1814417521871919,0.7381825320536461
PJM,7.94798083504449,0.18180057234683106,0.7385413522132853
PJM,7.950718685831622,0.1821593925064702,0.7385413522132853
PJM,7.975359342915811,0.1821593925064702,0.7389001723729245
PJM,7.994524298425736,0.1821593925064702,0.7392589925325637
PJM,8.002737850787133,0.18251821266610935,0.7392589925325637
PJM,8.016427104722792,0.1828770328257485,0.7392589925325637
PJM,8.021902806297057,0.1828770328257485,0.7392589925325637
PJM,8.02464065708419,0.18323751418983042,0.7392589925325637
PJM,8.030116358658454,0.18359799555391235,0.7392589925325637
PJM,8.071184120465434,0.18395847691799427,0.7392589925325637
PJM,8.07939767282683,0.18395847691799427,0.7392589925325637
PJM,8.082135523613964,0.18395847691799427,0.7392589925325637
PJM,8.10403832991102,0.1843241080158488,0.7392589925325637
PJM,8.109514031485284,0.1843241080158488,0.7396246236304181
PJM,8.139630390143736,0.1843241080158488,0.7396246236304181
PJM,8.145106091718,0.1846915054475094,0.7399920210620787
PJM,8.153319644079398,0.1846915054475094,0.7403594184937393
PJM,8.177960301163587,0.18579369774249116,0.7403594184937393
PJM,8.186173853524982,0.18616109517415175,0.7410942133570605
PJM,8.208076659822039,0.18689589003747292,0.7410942133570605
PJM,8.216290212183436,0.18689589003747292,0.7414616107887211
PJM,8.224503764544833,0.1872632874691335,0.7414616107887211
PJM,8.238193018480493,0.1876306849007941,0.7414616107887211
PJM,8.240930869267626,0.18799808233245469,0.7414616107887211
PJM,8.24914442162902,0.18799808233245469,0.7414616107887211
PJM,8.254620123203285,0.18799808233245469,0.7414616107887211
PJM,8.257357973990418,0.18799808233245469,0.7414616107887211
PJM,8.260095824777549,0.18799808233245469,0.7414616107887211
PJM,8.268309377138946,0.18799808233245469,0.7418388316811213
PJM,8.271047227926077,0.18799808233245469,0.7418388316811213
PJM,8.27378507871321,0.18799808233245469,0.7418388316811213
PJM,8.276522929500342,0.18799808233245469,0.7422222365225772
PJM,8.292950034223136,0.18799808233245469,0.7422222365225772
PJM,8.303901437371664,0.18915465163320014,0.7422222365225772
PJM,8.328542094455852,0.1895401747334486,0.7422222365225772
PJM,8.331279945242985,0.1895401747334486,0.7422222365225772
PJM,8.334017796030116,0.1895401747334486,0.7422222365225772
PJM,8.33949349760438,0.18993461166260459,0.7422222365225772
PJM,8.355920602327172,0.18993461166260459,0.7426166734517332
PJM,8.358658453114305,0.19032904859176056,0.7426166734517332
PJM,8.380561259411362,0.19032904859176056,0.7426166734517332
PJM,8.402464065708418,0.19072818119864457,0.7426166734517332
PJM,8.424366872005475,0.19072818119864457,0.7426166734517332
PJM,8.449007529089664,0.19072818119864457,0.7430182104719117
PJM,8.457221081451062,0.19112971821882307,0.7430182104719117
PJM,8.459958932238193,0.19153125523900158,0.7430182104719117
PJM,8.462696783025326,0.19153125523900158,0.7434197474920903
PJM,8.46817248459959,0.19153125523900158,0.7438212845122688
PJM,8.509240246406572,0.19153125523900158,0.7438212845122688
PJM,8.511978097193703,0.19193530186555618,0.7438212845122688
PJM,8.517453798767967,0.1923393484921108,0.7438212845122688
PJM,8.53388090349076,0.1923393484921108,0.7438212845122688
PJM,8.54757015742642,0.19274596866405747,0.7442279046842155
PJM,8.566735112936344,0.19274596866405747,0.7446345248561622
PJM,8.577686516084873,0.19274596866405747,0.7454477652000556
PJM,8.591375770020534,0.19274596866405747,0.7458543853720023
PJM,8.594113620807667,0.19274596866405747,0.746261005543949
PJM,8.605065023956195,0.19315258883600414,0.746261005543949
PJM,8.626967830253252,0.19315258883600414,0.7466676257158957
PJM,8.646132785763175,0.19315258883600414,0.7470742458878424
PJM,8.65160848733744,0.19315258883600414,0.7478874862317358
PJM,8.68993839835729,0.19315258883600414,0.7482941064036825
PJM,8.695414099931554,0.19315258883600414,0.7487007265756292
PJM,8.722792607802875,0.19315258883600414,0.749107346747576
PJM,8.736481861738536,0.19355920900795082,0.7495139669195227
PJM,8.750171115674195,0.19355920900795082,0.7495139669195227
PJM,8.752908966461328,0.19355920900795082,0.7495139669195227
PJM,8.75564681724846,0.19355920900795082,0.7495139669195227
PJM,8.758384668035593,0.19355920900795082,0.7495139669195227
PJM,8.793976728268309,0.19355920900795082,0.7495139669195227
PJM,8.799452429842573,0.19355920900795082,0.7495139669195227
PJM,8.804928131416839,0.1940110091990027,0.7495139669195227
PJM,8.810403832991103,0.1940110091990027,0.7495139669195227
PJM,8.821355236139631,0.1949218966809621,0.7495139669195227
PJM,8.829568788501026,0.1949218966809621,0.7495139669195227
PJM,8.840520191649555,0.1949218966809621,0.7495139669195227
PJM,8.865160848733744,0.1949218966809621,0.749980892435485
PJM,8.873374401095141,0.1953888221969245,0.749980892435485
PJM,8.892539356605065,0.1953888221969245,0.7504478179514474
PJM,8.895277207392198,0.1953888221969245,0.7504478179514474
PJM,8.906228610540726,0.19585980793476482,0.7504478179514474
PJM,8.908966461327857,0.19585980793476482,0.7504478179514474
PJM,8.92539356605065,0.19633496168798426,0.7504478179514474
PJM,8.930869267624914,0.19633496168798426,0.7504478179514474
PJM,8.936344969199178,0.19633496168798426,0.7509272523691103
PJM,8.941820670773442,0.1968143961056471,0.7514066867867731
PJM,8.9637234770705,0.1968143961056471,0.751886121204436
PJM,9.00479123887748,0.1968143961056471,0.751886121204436
PJM,9.08145106091718,0.19729835348951433,0.751886121204436
PJM,9.095140314852841,0.19826626825724877,0.751886121204436
PJM,9.10609171800137,0.198750225641116,0.751886121204436
PJM,9.14715947980835,0.198750225641116,0.7523700785883032
PJM,9.163586584531142,0.198750225641116,0.7523700785883032
PJM,9.166324435318275,0.198750225641116,0.7523700785883032
PJM,9.17180013689254,0.198750225641116,0.7523700785883032
PJM,9.177275838466803,0.198750225641116,0.7523700785883032
PJM,9.180013689253936,0.198750225641116,0.7523700785883032
PJM,9.182751540041068,0.19929943570595407,0.7523700785883032
PJM,9.193702943189596,0.19929943570595407,0.7529256014125072
PJM,9.196440793976729,0.19929943570595407,0.7529256014125072
PJM,9.19917864476386,0.19929943570595407,0.7535012033749354
PJM,9.221081451060916,0.19929943570595407,0.7535012033749354
PJM,9.248459958932239,0.19929943570595407,0.7535012033749354
PJM,9.273100616016427,0.19929943570595407,0.7535012033749354
PJM,9.27857631759069,0.19990455571773763,0.7535012033749354
PJM,9.281314168377824,0.19990455571773763,0.754106323386719
PJM,9.305954825462011,0.19990455571773763,0.754106323386719
PJM,9.333333333333334,0.19990455571773763,0.754106323386719
PJM,9.388090349075975,0.19990455571773763,0.754106323386719
PJM,9.39356605065024,0.20053454367521095,0.754106323386719
PJM,9.456536618754278,0.20053454367521095,0.7547363113441923
PJM,9.51129363449692,0.20116453163268427,0.7547363113441923
PJM,9.52498288843258,0.20116453163268427,0.7547363113441923
PJM,9.535934291581109,0.20180364985041083,0.7547363113441923
PJM,9.552361396303901,0.20180364985041083,0.7553754295619188
PJM,9.568788501026694,0.20180364985041083,0.7560145477796454
PJM,9.582477754962355,0.20244276806813738,0.7560145477796454
PJM,9.620807665982204,0.20308188628586393,0.7560145477796454
PJM,9.656399726214921,0.20372100450359049,0.7560145477796454
PJM,9.670088980150581,0.20372100450359049,0.7560145477796454
PJM,9.672826830937714,0.20372100450359049,0.7566639743557224
PJM,9.681040383299111,0.20372100450359049,0.7566639743557224
PJM,9.69199178644764,0.20372100450359049,0.7573469919615965
PJM,9.768651608487337,0.20440402210946454,0.7573469919615965
PJM,9.790554414784394,0.20440402210946454,0.7580300095674706
PJM,9.801505817932922,0.2050870397153386,0.7580300095674706
PJM,9.804243668720055,0.2050870397153386,0.7587130271733447
PJM,9.826146475017111,0.20577005732121265,0.7587130271733447
PJM,9.845311430527037,0.20577005732121265,0.7587130271733447
PJM,9.919233401779604,0.20577005732121265,0.7594233654834537
PJM,10.00684462696783,0.20648039563132167,0.7594233654834537
PJM,10.099931553730322,0.20648039563132167,0.7608440421036717
PJM,10.124572210814511,0.20648039563132167,0.7615543804137808
PJM,10.130047912388775,0.2071907339414307,0.7615543804137808
PJM,10.171115674195756,0.2071907339414307,0.7615543804137808
PJM,10.182067077344286,0.2071907339414307,0.7615543804137808
PJM,10.193018480492814,0.2071907339414307,0.7615543804137808
PJM,10.220396988364135,0.2071907339414307,0.7623166946978002
PJM,10.250513347022586,0.2071907339414307,0.7623166946978002
PJM,10.335386721423683,0.2071907339414307,0.7623166946978002
PJM,10.431211498973306,0.2071907339414307,0.7631408182480914
PJM,10.47501711156742,0.2071907339414307,0.7639649417983827
PJM,10.496919917864476,0.2071907339414307,0.764789065348674
PJM,10.67214236824093,0.2071907339414307,0.764789065348674
PJM,10.674880219028063,0.2071907339414307,0.7656381623398831
PJM,10.72416153319644,0.2071907339414307,0.7664872593310923
PJM,10.735112936344969,0.2071907339414307,0.7673363563223015
PJM,10.798083504449007,0.2080398309326399,0.7673363563223015
PJM,11.017111567419576,0.20888892792384908,0.7673363563223015
PJM,11.080082135523615,0.20973802491505827,0.7681854533135106
PJM,11.134839151266256,0.20973802491505827,0.7690345503047198
PJM,11.211498973305956,0.20973802491505827,0.769883647295929
PJM,11.24435318275154,0.20973802491505827,0.7715818412783474
PJM,11.315537303216974,0.20973802491505827,0.7724309382695566
PJM,11.367556468172484,0.20973802491505827,0.7724309382695566
PJM,11.392197125256674,0.21062957675582794,0.7724309382695566
PJM,11.463381245722108,0.2115211285965976,0.7724309382695566
PJM,11.477070499657769,0.2115211285965976,0.7733224901103262
PJM,11.482546201232033,0.2115211285965976,0.7742140419510958
PJM,11.526351813826146,0.2115211285965976,0.7751055937918654
PJM,11.633127994524298,0.2115211285965976,0.775997145632635
PJM,12.016427104722792,0.2115211285965976,0.7768886974734046
PJM,12.402464065708418,0.21241268043736727,0.7768886974734046
PJM,12.766598220396988,0.21241268043736727,0.7777802493141742
PJM,12.818617385352498,0.21241268043736727,0.7786718011549438
PJM,12.85968514715948,0.21241268043736727,0.7804549048364832
PJM,13.1854893908282,0.21241268043736727,0.7813464566772528
PJM,13.593429158110883,0.21241268043736727,0.7822380085180224
PJM,13.650924024640657,0.21330423227813694,0.7822380085180224
PJM,14.52703627652293,0.2141957841189066,0.7822380085180224
PJM,14.677618069815194,0.2141957841189066,0.783129560358792
PJM,15.446954140999315,0.2141957841189066,0.7840211121995616
PJM,18.146475017111566,0.21508733595967627,0.7840211121995616
PJM,21.530458590006845,0.21508733595967627,0.7849126640403312
SPP,0.019164955509924708,0.0,0.00045682960255824577
SPP,0.030116358658453114,0.0,0.0009136592051164915
SPP,0.03285420944558522,0.0,0.0009136592051164915
SPP,0.04654346338124572,0.0,0.001370697787364837
SPP,0.05201916495550993,0.0,0.0031988521163582194
SPP,0.06570841889117043,0.0,0.003655890698606565
SPP,0.07392197125256673,0.0,0.004569967863103257
SPP,0.07665982203969883,0.0,0.0050270064453516025
SPP,0.08213552361396304,0.0,0.005484045027599948
SPP,0.08761122518822724,0.0,0.005941714588102664
SPP,0.09034907597535935,0.0,0.006399384148605379
SPP,0.09582477754962354,0.0,0.008687731951118955
SPP,0.10130047912388775,0.0,0.009603071072124386
SPP,0.10403832991101986,0.0,0.010518410193129817
SPP,0.10951403148528405,0.0,0.010976079753632531
SPP,0.11772758384668036,0.0,0.011433749314135246
SPP,0.12320328542094455,0.0,0.01189141887463796
SPP,0.13141683778234087,0.0,0.012349088435140675
SPP,0.13415468856947296,0.0,0.012806757995643389
SPP,0.13963039014373715,0.0,0.013264427556146104
SPP,0.14236824093086928,0.0,0.013722097116648818
SPP,0.14510609171800137,0.0,0.017841123161173256
SPP,0.15331964407939766,0.0,0.021502479645194975
SPP,0.15879534565366188,0.0,0.02196014920569769
SPP,0.16427104722792607,0.0,0.02379082744770855
SPP,0.1806981519507187,0.0,0.024248497008211266
SPP,0.1834360027378508,0.0,0.025621505689719413
SPP,0.188911704312115,0.0,0.026079175250222127
SPP,0.19164955509924708,0.0,0.026536844810724842
SPP,0.1998631074606434,0.0004576695605027151,0.026536844810724842
SPP,0.2080766598220397,0.0004576695605027151,0.02745218393173027
SPP,0.2135523613963039,0.0004576695605027151,0.028825192613238418
SPP,0.216290212183436,0.0004576695605027151,0.03019820129474656
SPP,0.2190280629705681,0.0004576695605027151,0.030655870855249276
SPP,0.24093086926762491,0.0004576695605027151,0.03111354041575199
SPP,0.243668720054757,0.0009153391210054302,0.03111354041575199
SPP,0.2464065708418891,0.0009153391210054302,0.031571209976254705
SPP,0.24914442162902123,0.0009153391210054302,0.03295600976285214
SPP,0.2518822724161533,0.0009153391210054302,0.03619649876994988
SPP,0.2546201232032854,0.0009153391210054302,0.03758795565161035
SPP,0.25735797399041754,0.0009153391210054302,0.03805199846301353
SPP,0.2600958247775496,0.0009153391210054302,0.038516041274416705
SPP,0.26283367556468173,0.0009153391210054302,0.03944412689722306
SPP,0.2655715263518138,0.0009153391210054302,0.03990816970862624
SPP,0.2683093771389459,0.0009153391210054302,0.03990816970862624
SPP,0.28199863107460643,0.0013798313685455602,0.03990816970862624
SPP,0.29021218343600275,0.0013798313685455602,0.040837154203706504
SPP,0.2929500342231348,0.0013798313685455602,0.040837154203706504
SPP,0.29842573579739906,0.0013798313685455602,0.04130187182351618
SPP,0.30116358658453113,0.0013798313685455602,0.04130187182351618
SPP,0.30390143737166325,0.0013798313685455602,0.04176681514396686
SPP,0.3066392881587953,0.0013798313685455602,0.04176681514396686
SPP,0.31759069130732376,0.0013798313685455602,0.042698059283614045
SPP,0.3203285420944558,0.0013798313685455602,0.04409492549308483
SPP,0.3258042436687201,0.0013798313685455602,0.04456054756290843
SPP,0.33127994524298426,0.0013798313685455602,0.045026169632732024
SPP,0.33401779603011633,0.0013798313685455602,0.046888657912026406
SPP,0.33675564681724846,0.0013798313685455602,0.04735427998185
SPP,0.3394934976043806,0.0013798313685455602,0.0478199020516736
SPP,0.34223134839151265,0.0013798313685455602,0.049216768261144385
SPP,0.34496919917864477,0.0013798313685455602,0.05107925654043877
SPP,0.34770704996577684,0.0013798313685455602,0.051544878610262364
SPP,0.35044490075290896,0.0013798313685455602,0.05201050068008596
SPP,0.3531827515400411,0.0013798313685455602,0.053407366889556745
SPP,0.35592060232717315,0.0013798313685455602,0.05433861102920393
SPP,0.3613963039014374,0.0013798313685455602,0.056201099308498315
SPP,0.36413415468856947,0.0013798313685455602,0.05946045379726348
SPP,0.3668720054757016,0.0013798313685455602,0.05992607586708708
SPP,0.36960985626283366,0.0013798313685455602,0.06132294207655786
SPP,0.3723477070499658,0.0013798313685455602,0.06178856414638146
SPP,0.37782340862423,0.0013798313685455602,0.06365105242567584
SPP,0.3860369609856263,0.0013798313685455602,0.06411667449549943
SPP,0.3887748117727584,0.0013798313685455602,0.06458229656532302
SPP,0.3915126625598905,0.0013798313685455602,0.06504791863514661
SPP,0.39698836413415467,0.0013798313685455602,0.0659791627747938
SPP,0.3997262149212868,0.0013798313685455602,0.066910406914441
SPP,0.4024640657084189,0.0013798313685455602,0.06737602898426459
SPP,0.4106776180698152,0.0013798313685455602,0.06830727312391179
SPP,0.4161533196440794,0.0018454534383691551,0.06877289519373538
SPP,0.4188911704312115,0.0018454534383691551,0.06970413933338257
SPP,0.4216290212183436,0.0018454534383691551,0.07389473796179492
SPP,0.4243668720054757,0.0018454534383691551,0.07529160417126571
SPP,0.4271047227926078,0.0018454534383691551,0.0757572262410893
SPP,0.432580424366872,0.0018454534383691551,0.07668847038073649
SPP,0.4380561259411362,0.0018454534383691551,0.07808533659020728
SPP,0.4462696783025325,0.0018454534383691551,0.07855095866003087
SPP,0.4490075290896646,0.0018454534383691551,0.07994782486950165
SPP,0.4517453798767967,0.0018454534383691551,0.08227593521861963
SPP,0.45722108145106094,0.0018454534383691551,0.08274155728844322
SPP,0.459958932238193,0.0018454534383691551,0.0846040455677376
SPP,0.4654346338124572,0.0018454534383691551,0.08786340005650276
SPP,0.4681724845995893,0.0018454534383691551,0.09112275454526791
SPP,0.47091033538672145,0.0018454534383691551,0.11021325940803531
SPP,0.4736481861738535,0.0018454534383691551,0.1106788814778589
SPP,0.47638603696098564,0.0018454534383691551,0.11161012561750609
SPP,0.4791238877481177,0.0018454534383691551,0.11207574768732968
SPP,0.48186173853524983,0.0018454534383691551,0.11440385803644766
SPP,0.48459958932238195,0.0018454534383691551,0.11533510217609486
SPP,0.487337440109514,0.0018454534383691551,0.11766321252521283
SPP,0.49007529089664614,0.0018454534383691551,0.11812883459503642
SPP,0.4928131416837782,0.0018454534383691551,0.12790689806133193
SPP,0.49555099247091033,0.0018454534383691551,0.12930376427080273
SPP,0.49828884325804246,0.0018454534383691551,0.1302350084104499
SPP,0.5010266940451745,0.0018454534383691551,0.1307006304802735
SPP,0.5037645448323066,0.0018454534383691551,0.13163187461992068
SPP,0.5065023956194388,0.0018454534383691551,0.13302874082939148
SPP,0.5092402464065708,0.0018454534383691551,0.13349436289921507
SPP,0.5147159479808351,0.0018454534383691551,0.13442560703886225
SPP,0.5338809034907598,0.0018454534383691551,0.13489122910868584
SPP,0.5420944558521561,0.0018454534383691551,0.1390818277370982
SPP,0.5448323066392882,0.0018454534383691551,0.1400130718767454
SPP,0.5503080082135524,0.0018454534383691551,0.14047869394656898
SPP,0.5557837097878165,0.0018454534383691551,0.14187556015603978
SPP,0.5612594113620808,0.0018454534383691551,0.14234118222586337
SPP,0.5639972621492129,0.0018454534383691551,0.14327242636551055
SPP,0.5722108145106092,0.0018454534383691551,0.14373804843533414
SPP,0.5776865160848734,0.0018454534383691551,0.14466929257498132
SPP,0.5859000684462696,0.0018454534383691551,0.1451349146448049
SPP,0.5886379192334018,0.0018454534383691551,0.1456005367146285
SPP,0.6078028747433265,0.0018454534383691551,0.1460661587844521
SPP,0.6105407255304586,0.0018454534383691551,0.14653178085427568
SPP,0.621492128678987,0.0018454534383691551,0.14885989120339366
SPP,0.6324435318275154,0.00231107550819275,0.14885989120339366
SPP,0.6351813826146475,0.00231107550819275,0.14932551327321725
SPP,0.6461327857631759,0.00231107550819275,0.14979113534304084
SPP,0.648870636550308,0.0032423196478399406,0.15025675741286443
SPP,0.6598220396988365,0.0032423196478399406,0.15165362362233523
SPP,0.6625598904859685,0.0032423196478399406,0.15211924569215882
SPP,0.6707734428473648,0.0032423196478399406,0.15351611190162961
SPP,0.676249144421629,0.0032423196478399406,0.1544473560412768
SPP,0.6817248459958932,0.0032423196478399406,0.15724108846021836
SPP,0.6872005475701575,0.0032423196478399406,0.1646910415773959
SPP,0.6899383983572895,0.0032423196478399406,0.16562228571704307
SPP,0.6926762491444216,0.0032423196478399406,0.16841601813598464
SPP,0.6981519507186859,0.0032423196478399406,0.17074412848510262
SPP,0.7008898015058179,0.0032423196478399406,0.1716753726247498
SPP,0.7063655030800822,0.0032423196478399406,0.17260661676439698
SPP,0.7091033538672142,0.0032423196478399406,0.17493472711351496
SPP,0.7145790554414785,0.0032423196478399406,0.17586597125316214
SPP,0.7173169062286106,0.0032423196478399406,0.17726283746263294
SPP,0.7200547570157426,0.0032423196478399406,0.1814534360910453
SPP,0.7227926078028748,0.0032423196478399406,0.1833159243703397
SPP,0.731006160164271,0.003707941717663536,0.1833159243703397
SPP,0.7364818617385352,0.003707941717663536,0.18378154644016328
SPP,0.7419575633127995,0.003707941717663536,0.18517841264963408
SPP,0.7446954140999316,0.003707941717663536,0.18610965678928126
SPP,0.7501711156741958,0.003707941717663536,0.18797214506857565
SPP,0.7529089664613279,0.003707941717663536,0.1926283657668116
SPP,0.75564681724846,0.003707941717663536,0.1930939878366352
SPP,0.7611225188227242,0.003707941717663536,0.194490854046106
SPP,0.7638603696098563,0.003707941717663536,0.2028720513029307
SPP,0.7665982203969883,0.003707941717663536,0.20520016165204868
SPP,0.7693360711841205,0.003707941717663536,0.21218449269940262
SPP,0.7775496235455168,0.003707941717663536,0.2126501147692262
SPP,0.7802874743326489,0.003707941717663536,0.2131157368390498
SPP,0.785763175906913,0.003707941717663536,0.21404698097869698
SPP,0.7885010266940452,0.004173563787487131,0.21451260304852057
SPP,0.8049281314168378,0.004639185857310726,0.21497822511834416
SPP,0.810403832991102,0.004639185857310726,0.21544384718816775
SPP,0.8186173853524983,0.004639185857310726,0.21590946925799134
SPP,0.8323066392881588,0.004639185857310726,0.21637509132781493
SPP,0.8350444900752909,0.004639185857310726,0.21637509132781493
SPP,0.8514715947980835,0.004639185857310726,0.2169007227197278
SPP,0.8569472963723477,0.004639185857310726,0.21742635411164066
SPP,0.8678986995208761,0.004639185857310726,0.2184776168954664
SPP,0.8761122518822724,0.004639185857310726,0.21900324828737927
SPP,0.8815879534565366,0.004639185857310726,0.22005451107120502
SPP,0.8870636550308009,0.004639185857310726,0.22058014246311788
SPP,0.8980150581793293,0.005164817249223598,0.22110577385503075
SPP,0.9034907597535934,0.005164817249223598,0.2216314052469436
SPP,0.9062286105407256,0.005690448641136469,0.2216314052469436
SPP,0.9144421629021219,0.005690448641136469,0.22268266803076936
SPP,0.917180013689254,0.005690448641136469,0.22320829942268222
SPP,0.919917864476386,0.005690448641136469,0.22373393081459508
SPP,0.9253935660506503,0.005690448641136469,0.22425956220650795
SPP,0.9308692676249144,0.005690448641136469,0.2247851935984208
SPP,0.9336071184120466,0.005690448641136469,0.22531082499033367
SPP,0.9363449691991786,0.005690448641136469,0.22583645638224653
SPP,0.9390828199863107,0.005690448641136469,0.22688771916607228
SPP,0.974674880219028,0.005690448641136469,0.2284646133418109
SPP,0.9801505817932923,0.005690448641136469,0.22899024473372376
SPP,0.9828884325804244,0.005690448641136469,0.22951587612563662
SPP,0.9856262833675564,0.005690448641136469,0.23004150751754948
SPP,0.9911019849418207,0.005690448641136469,0.23056713890946234
SPP,0.999315537303217,0.005690448641136469,0.2316184016932881
SPP,1.002053388090349,0.005690448641136469,0.23266966447711385
SPP,1.0047912388774811,0.005690448641136469,0.2337209272609396
SPP,1.0075290896646132,0.005690448641136469,0.23477219004476535
SPP,1.0157426420260096,0.005690448641136469,0.2352978214366782
SPP,1.0184804928131417,0.005690448641136469,0.23582345282859107
SPP,1.0403832991101984,0.005690448641136469,0.23687471561241683
SPP,1.0431211498973305,0.005690448641136469,0.23792597839624258
SPP,1.0485968514715949,0.005690448641136469,0.2395028725719812
SPP,1.056810403832991,0.005690448641136469,0.24002850396389405
SPP,1.0595482546201231,0.005690448641136469,0.24055413535580691
SPP,1.0759753593429158,0.005690448641136469,0.24160539813963267
SPP,1.0787132101300478,0.005690448641136469,0.24213102953154553
SPP,1.0869267624914443,0.006216080033049341,0.24213102953154553
SPP,1.0896646132785763,0.006216080033049341,0.2426566609234584
SPP,1.0924024640657084,0.006216080033049341,0.24370792370728414
SPP,1.0951403148528405,0.006216080033049341,0.2447591864911099
SPP,1.0978781656399725,0.006216080033049341,0.24896423762641287
SPP,1.1006160164271048,0.006216080033049341,0.25106676319406435
SPP,1.103353867214237,0.006741711424962212,0.252643657369803
SPP,1.111567419575633,0.006741711424962212,0.25316928876171585
SPP,1.1170431211498972,0.006741711424962212,0.2536949201536287
SPP,1.1197809719370295,0.006741711424962212,0.2542205515455416
SPP,1.1252566735112937,0.006741711424962212,0.25474618293745444
SPP,1.1334702258726899,0.007267342816875084,0.25474618293745444
SPP,1.136208076659822,0.007792974208787955,0.25474618293745444
SPP,1.1416837782340863,0.007792974208787955,0.2552718143293673
SPP,1.1663244353182751,0.008318605600700827,0.2552718143293673
SPP,1.1690622861054072,0.008318605600700827,0.2552718143293673
SPP,1.1745379876796715,0.008318605600700827,0.25636684716218505
SPP,1.1800136892539357,0.0088661220171097,0.25636684716218505
SPP,1.1827515400410678,0.009961154849927444,0.25636684716218505
SPP,1.1964407939767283,0.010508671266336317,0.25636684716218505
SPP,1.2073921971252566,0.010508671266336317,0.25691436357859393
SPP,1.2210814510609171,0.011056187682745189,0.25691436357859393
SPP,1.2238193018480492,0.011056187682745189,0.2574618799950028
SPP,1.2292950034223136,0.011603704099154061,0.2574618799950028
SPP,1.2320328542094456,0.012151220515562933,0.2574618799950028
SPP,1.2402464065708418,0.012151220515562933,0.2574618799950028
SPP,1.242984257357974,0.012151220515562933,0.258009807151409
SPP,1.2539356605065024,0.012151220515562933,0.2591056614642213
SPP,1.267624914442163,0.012699147671969111,0.2596535886206275
SPP,1.270362765229295,0.01324707482837529,0.2607494429334398
SPP,1.2758384668035592,0.01324707482837529,0.261297370089846
SPP,1.2785763175906912,0.013795001984781468,0.261297370089846
SPP,1.2840520191649556,0.013795001984781468,0.26184529724625216
SPP,1.2922655715263518,0.013795001984781468,0.26239322440265833
SPP,1.2950034223134839,0.013795001984781468,0.2629411515590645
SPP,1.3004791238877482,0.013795001984781468,0.26348907871547067
SPP,1.3032169746748803,0.013795001984781468,0.2651328601846892
SPP,1.3086926762491444,0.013795001984781468,0.26568078734109535
SPP,1.3169062286105406,0.013795001984781468,0.2662287144975015
SPP,1.3333333333333333,0.013795001984781468,0.2667766416539077
SPP,1.3360711841204653,0.013795001984781468,0.26732456881031386
SPP,1.3415468856947297,0.013795001984781468,0.26787249596672
SPP,1.352498288843258,0.013795001984781468,0.2684204231231262
SPP,1.3661875427789185,0.013795001984781468,0.2700642045923447
SPP,1.3716632443531827,0.014342929141187646,0.2804748205640621
SPP,1.374401095140315,0.014342929141187646,0.2815706748768744
SPP,1.377138945927447,0.014342929141187646,0.28266652918968677
SPP,1.3853524982888432,0.014342929141187646,0.28321445634609294
SPP,1.3908281998631074,0.014342929141187646,0.2843103106589053
SPP,1.3963039014373717,0.014342929141187646,0.28485823781531144
SPP,1.3990417522245038,0.014342929141187646,0.2854061649717176
SPP,1.4017796030116358,0.014342929141187646,0.2870499464409361
SPP,1.404517453798768,0.014890856297593824,0.2870499464409361
SPP,1.4072553045859,0.014890856297593824,0.28814580075374846
SPP,1.4099931553730323,0.014890856297593824,0.28869372791015463
SPP,1.4127310061601643,0.014890856297593824,0.29143336369218553
SPP,1.4182067077344285,0.015439216597997161,0.29143336369218553
SPP,1.4264202600958247,0.015439216597997161,0.29198172399258887
SPP,1.429158110882957,0.015439216597997161,0.2925300842929922
SPP,1.431895961670089,0.015439216597997161,0.2936268048937989
SPP,1.434633812457221,0.015439216597997161,0.2941751651942022
SPP,1.4537987679671458,0.015439216597997161,0.2952718857950089
SPP,1.462012320328542,0.015439216597997161,0.29582024609541224
SPP,1.4702258726899384,0.015439216597997161,0.2963686063958156
SPP,1.4729637234770705,0.015439216597997161,0.2980136872970256
SPP,1.4757015742642026,0.015439216597997161,0.2991104078978323
SPP,1.4784394250513346,0.015439216597997161,0.2996587681982356
SPP,1.4921286789869952,0.015439216597997161,0.30020712849863895
SPP,1.4948665297741273,0.015439216597997161,0.3007554887990423
SPP,1.4976043805612593,0.0159875768984005,0.3007554887990423
SPP,1.5003422313483916,0.0159875768984005,0.30185220939984897
SPP,1.5085557837097878,0.017084297499207174,0.30185220939984897
SPP,1.516769336071184,0.017632657799610513,0.30185220939984897
SPP,1.5277207392197125,0.017632657799610513,0.3024005697002523
SPP,1.5331964407939767,0.017632657799610513,0.30294893000065565
SPP,1.5359342915811087,0.017632657799610513,0.3040456506014623
SPP,1.541409993155373,0.017632657799610513,0.30459401090186566
SPP,1.5605749486652978,0.017632657799610513,0.30569073150267234
SPP,1.5633127994524298,0.017632657799610513,0.3062390918030757
SPP,1.571526351813826,0.017632657799610513,0.306787452103479
SPP,1.5770020533880904,0.017632657799610513,0.30733581240388236
SPP,1.5879534565366187,0.01818101810001385,0.30733581240388236
SPP,1.596167008898015,0.01872937840041719,0.30733581240388236
SPP,1.6016427104722792,0.01927773870082053,0.30733581240388236
SPP,1.6098562628336757,0.01927773870082053,0.3078841727042857
SPP,1.6125941136208077,0.01927773870082053,0.30843253300468904
SPP,1.6153319644079398,0.01927773870082053,0.3089808933050924
SPP,1.620807665982204,0.01927773870082053,0.3095292536054957
SPP,1.626283367556468,0.019826099001223868,0.3095292536054957
SPP,1.6317590691307324,0.019826099001223868,0.3106259742063024
SPP,1.6372347707049966,0.020374459301627207,0.3106259742063024
SPP,1.6399726214921286,0.020374459301627207,0.31172269480710907
SPP,1.6427104722792607,0.020922819602030546,0.31281941540791575
SPP,1.6509240246406571,0.020922819602030546,0.3150128566095291
SPP,1.6591375770020533,0.020922819602030546,0.31556121690993244
SPP,1.6673511293634498,0.020922819602030546,0.3161095772103358
SPP,1.6700889801505818,0.020922819602030546,0.3161095772103358
SPP,1.6837782340862424,0.020922819602030546,0.3161095772103358
SPP,1.6892539356605065,0.020922819602030546,0.3166588461442112
SPP,1.700205338809035,0.020922819602030546,0.3172081150780866
SPP,1.7084188911704312,0.02147208853590597,0.3172081150780866
SPP,1.7166324435318274,0.022021357469781393,0.3172081150780866
SPP,1.7193702943189597,0.022570626403656816,0.3172081150780866
SPP,1.7248459958932238,0.022570626403656816,0.317757384011962
SPP,1.727583846680356,0.022570626403656816,0.31830665294583743
SPP,1.730321697467488,0.02311989533753224,0.31830665294583743
SPP,1.7357973990417521,0.023669164271407663,0.31885592187971284
SPP,1.7412731006160165,0.023669164271407663,0.31940519081358826
SPP,1.7522245037645447,0.023669164271407663,0.31995445974746367
SPP,1.757700205338809,0.024218433205283087,0.31995445974746367
SPP,1.7741273100616017,0.024218433205283087,0.3205037286813391
SPP,1.7905544147843941,0.02531697107303393,0.3205037286813391
SPP,1.7932922655715264,0.025866240006909354,0.3205037286813391
SPP,1.8069815195071868,0.026415508940784777,0.3205037286813391
SPP,1.8453114305270362,0.026415508940784777,0.3210529976152145
SPP,1.8507871321013005,0.0269647778746602,0.3216022665490899
SPP,1.8617385352498288,0.0269647778746602,0.3221515354829653
SPP,1.8726899383983573,0.0269647778746602,0.32270080441684074
SPP,1.8836413415468858,0.0269647778746602,0.32325007335071615
SPP,1.8863791923340179,0.027514046808535624,0.32325007335071615
SPP,1.8973305954825461,0.027514046808535624,0.36499451232524827
SPP,1.9000684462696784,0.027514046808535624,0.3655437812591237
SPP,1.9055441478439425,0.028063315742411048,0.3655437812591237
SPP,1.9137577002053388,0.02861258467628647,0.3655437812591237
SPP,1.9164955509924708,0.02861258467628647,0.3660930501929991
SPP,1.9219712525667352,0.029161853610161895,0.3660930501929991
SPP,1.9247091033538672,0.029161853610161895,0.3666423191268745
SPP,1.9356605065023955,0.029711122544037318,0.3682901259285008
SPP,1.9383983572895278,0.029711122544037318,0.3693886637962516
SPP,1.9657768651608487,0.029711122544037318,0.36993793273012704
SPP,1.9712525667351128,0.029711122544037318,0.37048720166400245
SPP,1.9794661190965093,0.03026039147791274,0.37048720166400245
SPP,1.9904175222450375,0.03026039147791274,0.37103647059787787
SPP,1.998631074606434,0.03026039147791274,0.3715857395317533
SPP,2.004106776180698,0.030809660411788165,0.3721350084656287
SPP,2.00684462696783,0.030809660411788165,0.3726842773995041
SPP,2.0123203285420943,0.030809660411788165,0.3732335463333795
SPP,2.0150581793292264,0.030809660411788165,0.37597989100275664
SPP,2.0177960301163584,0.030809660411788165,0.3792755046060092
SPP,2.023271731690623,0.030809660411788165,0.38092331140763547
SPP,2.028747433264887,0.030809660411788165,0.38257111820926176
SPP,2.0314852840520192,0.030809660411788165,0.3836696560770126
SPP,2.0369609856262834,0.03135892934566359,0.38751453861414054
SPP,2.0451745379876796,0.03190819827953901,0.38751453861414054
SPP,2.0506502395619437,0.03190819827953901,0.38861307648189136
SPP,2.0533880903490758,0.03245746721341443,0.38861307648189136
SPP,2.0616016427104724,0.03300673614728985,0.38861307648189136
SPP,2.0670773442847366,0.03355600508116527,0.38861307648189136
SPP,2.078028747433265,0.03355600508116527,0.3891623454157668
SPP,2.088980150581793,0.03410527401504069,0.3897116143496422
SPP,2.0971937029431897,0.03410527401504069,0.3902608832835176
SPP,2.105407255304586,0.03410527401504069,0.390810152217393
SPP,2.108145106091718,0.03410527401504069,0.3913594211512684
SPP,2.1245722108145104,0.03410527401504069,0.39190869008514384
SPP,2.130047912388775,0.03465454294891611,0.39245795901901925
SPP,2.132785763175907,0.03465454294891611,0.39300722795289467
SPP,2.138261464750171,0.03465454294891611,0.3941057658206455
SPP,2.1437371663244353,0.03465454294891611,0.3946550347545209
SPP,2.1546885694729636,0.03465454294891611,0.3968521104900226
SPP,2.1574264202600957,0.03465454294891611,0.397401379423898
SPP,2.16290212183436,0.03465454294891611,0.39795064835777344
SPP,2.1738535249828885,0.03520381188279153,0.39959845515939973
SPP,2.1820670773442847,0.03520381188279153,0.40014772409327515
SPP,2.187542778918549,0.03575308081666695,0.40069699302715056
SPP,2.2039698836413417,0.03575308081666695,0.401246261961026
SPP,2.206707734428474,0.03575308081666695,0.4023447998287768
SPP,2.209445585215606,0.03575308081666695,0.4028940687626522
SPP,2.21492128678987,0.03575308081666695,0.40838675810140646
SPP,2.223134839151266,0.03575308081666695,0.40893602703528187
SPP,2.239561943874059,0.03630234975054237,0.4094852959691573
SPP,2.242299794661191,0.03685161868441779,0.4094852959691573
SPP,2.245037645448323,0.03740088761829321,0.4094852959691573
SPP,2.2477754962354553,0.03740088761829321,0.4094852959691573
SPP,2.2505133470225873,0.03740088761829321,0.4100608566522088
SPP,2.2614647501711156,0.03797644830134477,0.4100608566522088
SPP,2.2642026009582477,0.038552008984396334,0.4100608566522088
SPP,2.2778918548939084,0.038552008984396334,0.41063641733526035
SPP,2.2806297056810405,0.038552008984396334,0.4117875387013635
SPP,2.299794661190965,0.039127569667447896,0.4117875387013635
SPP,2.305270362765229,0.039127569667447896,0.41524090279967285
SPP,2.321697467488022,0.039127569667447896,0.415817071255357
SPP,2.3326488706365502,0.039127569667447896,0.41639323971104114
SPP,2.346338124572211,0.039127569667447896,0.4169694081667253
SPP,2.3572895277207393,0.039703738123132035,0.4186979135337777
SPP,2.3737166324435317,0.04027990657881617,0.4284927772804081
SPP,2.379192334017796,0.04027990657881617,0.42964511419177637
SPP,2.3874058863791925,0.04027990657881617,0.4302212826474605
SPP,2.3983572895277208,0.04027990657881617,0.43079745110314466
SPP,2.409308692676249,0.04085607503450031,0.43079745110314466
SPP,2.412046543463381,0.04143224349018445,0.43079745110314466
SPP,2.414784394250513,0.04200841194586859,0.43079745110314466
SPP,2.433949349760438,0.04200841194586859,0.4313736195588288
SPP,2.439425051334702,0.04200841194586859,0.43194978801451295
SPP,2.4421629021218343,0.04200841194586859,0.4325259564701971
SPP,2.4476386036960984,0.042584580401552725,0.4325259564701971
SPP,2.4531143052703626,0.042584580401552725,0.4348306302929337
SPP,2.4750171115674195,0.042584580401552725,0.4354067987486178
SPP,2.485968514715948,0.043160748857236864,0.4354067987486178
SPP,2.48870636550308,0.043160748857236864,0.43598296720430196
SPP,2.4941820670773445,0.043160748857236864,0.4365591356599861
SPP,2.4969199178644765,0.043160748857236864,0.43713530411567025
SPP,2.4996577686516086,0.04431308576860515,0.43713530411567025
SPP,2.510609171800137,0.04431308576860515,0.4377114725713544
SPP,2.521560574948665,0.044889254224289285,0.4377114725713544
SPP,2.524298425735797,0.044889254224289285,0.43828764102703854
SPP,2.529774127310062,0.04546542267997342,0.43828764102703854
SPP,2.535249828884326,0.04604159113565756,0.43828764102703854
SPP,2.537987679671458,0.0466177595913417,0.43828764102703854
SPP,2.54072553045859,0.0466177595913417,0.4388638094827227
SPP,2.5516769336071183,0.0466177595913417,0.43943997793840683
SPP,2.565366187542779,0.0466177595913417,0.440016146394091
SPP,2.568104038329911,0.0466177595913417,0.4405923148497751
SPP,2.5817932922655715,0.0466177595913417,0.44116848330545927
SPP,2.5872689938398357,0.0466177595913417,0.4417446517611434
SPP,2.5900068446269677,0.0466177595913417,0.44232082021682756
SPP,2.5927446954141,0.0466177595913417,0.4428969886725117
SPP,2.6064339493497606,0.0466177595913417,0.44347315712819585
SPP,2.652977412731006,0.04719392804702584,0.44347315712819585
SPP,2.6611909650924024,0.04719392804702584,0.44404932558388
SPP,2.6639288158795345,0.047770096502709976,0.44404932558388
SPP,2.6858316221765914,0.047770096502709976,0.44462549403956414
SPP,2.6967830253251197,0.047770096502709976,0.4452016624952483
SPP,2.702258726899384,0.048346264958394114,0.448082504773669
SPP,2.7159479808350446,0.048346264958394114,0.44865867322935316
SPP,2.7433264887063653,0.048346264958394114,0.45096334705208974
SPP,2.751540041067762,0.04892243341407825,0.45096334705208974
SPP,2.757015742642026,0.04949860186976239,0.4515395155077739
SPP,2.759753593429158,0.05007477032544653,0.452115683963458
SPP,2.7624914442162902,0.05007477032544653,0.4532680208748263
SPP,2.7734428473648185,0.05007477032544653,0.4532680208748263
SPP,2.7789185489390826,0.05007477032544653,0.4538448585157087
SPP,2.7926078028747434,0.05007477032544653,0.4544216961565911
SPP,2.8062970568104038,0.05065160796632891,0.4544216961565911
SPP,2.817248459958932,0.05065160796632891,0.4549985337974735
SPP,2.8254620123203287,0.05065160796632891,0.4555753714383559
SPP,2.830937713894593,0.05065160796632891,0.45730588436100306
SPP,2.833675564681725,0.05065160796632891,0.45730588436100306
SPP,2.839151266255989,0.05065160796632891,0.45730588436100306
SPP,2.844626967830253,0.05065160796632891,0.4578847578994415
SPP,2.8501026694045173,0.05065160796632891,0.4578847578994415
SPP,2.858316221765914,0.05065160796632891,0.4578847578994415
SPP,2.869267624914442,0.05065160796632891,0.4578847578994415
SPP,2.8747433264887063,0.05065160796632891,0.45847263305988917
SPP,2.8774811772758384,0.05065160796632891,0.4602362585412321
SPP,2.8802190280629705,0.05065160796632891,0.4608241337016798
SPP,2.8884325804243667,0.05065160796632891,0.46141200886212747
SPP,2.891170431211499,0.05065160796632891,0.46200059316028375
SPP,2.9130732375085557,0.05065160796632891,0.46258917745844
SPP,2.924024640657084,0.051240192264485174,0.46258917745844
SPP,2.9295003422313486,0.051240192264485174,0.4631777617565963
SPP,2.9322381930184807,0.051240192264485174,0.4637670603560853
SPP,2.9349760438056127,0.051240192264485174,0.46435635895557426
SPP,2.937713894592745,0.051829490863974155,0.46494565755506323
SPP,2.945927446954141,0.052418789463463136,0.46789215055250816
SPP,2.951403148528405,0.052418789463463136,0.46848144915199713
SPP,2.976043805612594,0.052418789463463136,0.4690707477514861
SPP,2.9815195071868583,0.052418789463463136,0.4696600463509751
SPP,2.9842573579739904,0.052418789463463136,0.47024934495046405
SPP,2.9897330595482545,0.052418789463463136,0.47083937197838255
SPP,2.9924709103353866,0.052418789463463136,0.47142939900630104
SPP,3.0034223134839153,0.052418789463463136,0.4726094530621381
SPP,3.0116358658453115,0.052418789463463136,0.4731994800900566
SPP,3.02258726899384,0.052418789463463136,0.4737895071179751
SPP,3.028062970568104,0.052418789463463136,0.47437953414589357
SPP,3.033538672142368,0.052418789463463136,0.47496956117381206
SPP,3.0417522245037647,0.052418789463463136,0.47555958820173055
SPP,3.0444900752908968,0.052418789463463136,0.47614961522964905
SPP,3.055441478439425,0.052418789463463136,0.47673964225756754
SPP,3.0636550308008212,0.052418789463463136,0.47732966928548604
SPP,3.0691307323750854,0.052418789463463136,0.47732966928548604
SPP,3.077344284736482,0.053009557731366466,0.47732966928548604
SPP,3.082819986310746,0.053600325999269796,0.4785112058212927
SPP,3.0855578370978782,0.053600325999269796,0.47969274235709936
SPP,3.0882956878850103,0.053600325999269796,0.480874278892906
SPP,3.143052703627652,0.054191094267173126,0.480874278892906
SPP,3.1457905544147846,0.054191094267173126,0.48146504716080935
SPP,3.1512662559890487,0.054191094267173126,0.482646583696616
SPP,3.1704312114989732,0.054781862535076456,0.482646583696616
SPP,3.1813826146475015,0.05596339907088312,0.48323735196451933
SPP,3.184120465434634,0.05596339907088312,0.48382812023242266
SPP,3.1950718685831623,0.05596339907088312,0.48382812023242266
SPP,3.2087611225188226,0.05655492668103312,0.48382812023242266
SPP,3.2114989733059547,0.05714645429118311,0.48382812023242266
SPP,3.2142368240930868,0.057737981901333106,0.48382812023242266
SPP,3.2224503764544834,0.057737981901333106,0.4844196478425727
SPP,3.2251882272416155,0.057737981901333106,0.4850111754527227
SPP,3.2279260780287475,0.057737981901333106,0.48560270306287273
SPP,3.2306639288158796,0.0583295095114831,0.48619423067302275
SPP,3.238877481177276,0.058921037121633095,0.48619423067302275
SPP,3.241615331964408,0.05951256473178309,0.48619423067302275
SPP,3.252566735112936,0.060104092341933084,0.48619423067302275
SPP,3.2553045859000687,0.06069561995208308,0.48619423067302275
SPP,3.2580424366872007,0.06069561995208308,0.4867857582831728
SPP,3.260780287474333,0.06128714756223307,0.48796881350347276
SPP,3.2826830937713893,0.06128714756223307,0.48915186872377275
SPP,3.2854209445585214,0.06128714756223307,0.4897433963339228
SPP,3.293634496919918,0.06128714756223307,0.4903349239440728
SPP,3.29637234770705,0.06128714756223307,0.4909264515542228
SPP,3.3127994524298425,0.06187867517238307,0.4909264515542228
SPP,3.3155373032169746,0.06187867517238307,0.49151797916437284
SPP,3.3210130047912387,0.06187867517238307,0.49210950677452286
SPP,3.326488706365503,0.06187867517238307,0.4927010343846729
SPP,3.3292265571526354,0.06187867517238307,0.4932925619948229
SPP,3.3319644079397674,0.06187867517238307,0.4938856670119333
SPP,3.3429158110882957,0.06187867517238307,0.4956649820632645
SPP,3.36208076659822,0.06187867517238307,0.4968511920974853
SPP,3.370294318959617,0.06247178018949346,0.4968511920974853
SPP,3.375770020533881,0.06247178018949346,0.49863050714881646
SPP,3.381245722108145,0.06306488520660386,0.49863050714881646
SPP,3.383983572895277,0.06306488520660386,0.5004098222001476
SPP,3.3867214236824092,0.06306488520660386,0.5004098222001476
SPP,3.3894592744695413,0.06365879716931576,0.5004098222001476
SPP,3.3921971252566734,0.06365879716931576,0.5010037341628595
SPP,3.3949349760438055,0.06365879716931576,0.5015976461255713
SPP,3.4086242299794662,0.06365879716931576,0.5027854700509952
SPP,3.4113620807665983,0.06365879716931576,0.5045672059391308
SPP,3.433264887063655,0.06365879716931576,0.5051611179018427
SPP,3.436002737850787,0.06365879716931576,0.5051611179018427
SPP,3.4414784394250515,0.06365879716931576,0.5057558490534687
SPP,3.4496919917864477,0.06365879716931576,0.5122978917213546
SPP,3.4524298425735798,0.06365879716931576,0.5128926228729807
SPP,3.455167693360712,0.06365879716931576,0.5134873540246067
SPP,3.4715947980835042,0.06365879716931576,0.5140820851762327
SPP,3.482546201232033,0.06365879716931576,0.5146768163278587
SPP,3.490759753593429,0.06425352832094175,0.5146768163278587
SPP,3.4934976043805612,0.06425352832094175,0.5152715474794847
SPP,3.4989733059548254,0.06425352832094175,0.5164610097827367
SPP,3.512662559890486,0.06484825947256774,0.5182452032376147
SPP,3.515400410677618,0.06484825947256774,0.5188399343892407
SPP,3.5236139630390144,0.06484825947256774,0.5235977836022486
SPP,3.5263518138261465,0.06484825947256774,0.5247924249866468
SPP,3.5290896646132786,0.06484825947256774,0.525987066371045
SPP,3.5318275154004106,0.06484825947256774,0.5265843870632441
SPP,3.5373032169746748,0.06484825947256774,0.5271817077554432
SPP,3.5455167693360714,0.06484825947256774,0.5277790284476422
SPP,3.5482546201232035,0.06484825947256774,0.5283763491398413
SPP,3.5509924709103355,0.06484825947256774,0.5289736698320404
SPP,3.5592060232717317,0.06484825947256774,0.5295709905242395
SPP,3.564681724845996,0.06484825947256774,0.5301691922204094
SPP,3.567419575633128,0.06484825947256774,0.5307718448220567
SPP,3.572895277207392,0.06484825947256774,0.5319771500253515
SPP,3.583846680355921,0.06545091207421509,0.5319771500253515
SPP,3.586584531143053,0.06605356467586244,0.5337851078302935
SPP,3.597535934291581,0.0666562172775098,0.5337851078302935
SPP,3.600273785078713,0.0666562172775098,0.5337851078302935
SPP,3.6030116358658453,0.0666562172775098,0.5337851078302935
SPP,3.6057494866529773,0.0666562172775098,0.5343923398590051
SPP,3.646817248459959,0.0666562172775098,0.5349995718877167
SPP,3.676933607118412,0.06726344930622134,0.5349995718877167
SPP,3.679671457905544,0.06726344930622134,0.5362140359451398
SPP,3.693360711841205,0.06726344930622134,0.5368212679738514
SPP,3.698836413415469,0.06726344930622134,0.537428500002563
SPP,3.7097878165639973,0.06787068133493289,0.537428500002563
SPP,3.7152635181382614,0.06787068133493289,0.5380357320312746
SPP,3.7316906228610542,0.06847791336364444,0.5380357320312746
SPP,3.7453798767967146,0.06908514539235598,0.5380357320312746
SPP,3.756331279945243,0.06908514539235598,0.5386429640599862
SPP,3.789185489390828,0.06969237742106753,0.5386429640599862
SPP,3.8603696098562628,0.06969237742106753,0.5392501960886978
SPP,3.863107460643395,0.06969237742106753,0.5404646601461209
SPP,3.865845311430527,0.06969237742106753,0.5435008202896787
SPP,3.868583162217659,0.06969237742106753,0.5441080523183903
SPP,3.871321013004791,0.06969237742106753,0.5447152843471019
SPP,3.8795345653661877,0.06969237742106753,0.5477514444906597
SPP,3.8822724161533197,0.06969237742106753,0.5489659085480828
SPP,3.890485968514716,0.06969237742106753,0.5501803726055059
SPP,3.893223819301848,0.07029960944977907,0.5507876046342175
SPP,3.89596167008898,0.07029960944977907,0.5513948366629291
SPP,3.898699520876112,0.07029960944977907,0.5520020686916407
SPP,3.9014373716632442,0.07029960944977907,0.5526093007203523
SPP,3.9041752224503763,0.07029960944977907,0.5538237647777754
SPP,3.909650924024641,0.07029960944977907,0.554430996806487
SPP,3.915126625598905,0.07029960944977907,0.5550382288351986
SPP,3.917864476386037,0.07029960944977907,0.5556454608639102
SPP,3.9260780287474333,0.07029960944977907,0.5562526928926218
SPP,3.9370294318959616,0.07029960944977907,0.5568599249213334
SPP,3.9534565366187544,0.07029960944977907,0.5605033170936027
SPP,3.9561943874058865,0.07029960944977907,0.5623250131797374
SPP,3.9589322381930185,0.07029960944977907,0.562932245208449
SPP,3.9671457905544147,0.07090684147849062,0.5641467092658721
SPP,3.972621492128679,0.07090684147849062,0.5647539412945837
SPP,3.997262149212868,0.07090684147849062,0.5653611733232953
SPP,4.0191649555099245,0.07090684147849062,0.5665756373807184
SPP,4.0219028062970565,0.07090684147849062,0.56718286940943
SPP,4.024640657084189,0.07090684147849062,0.5677901014381416
SPP,4.027378507871321,0.07090684147849062,0.5708262615816994
SPP,4.041067761806982,0.07090684147849062,0.5720407256391224
SPP,4.043805612594114,0.07151407350720217,0.572647957667834
SPP,4.046543463381246,0.07212130553591371,0.5732551896965457
SPP,4.05201916495551,0.07272853756462526,0.5732551896965457
SPP,4.060232717316906,0.0733357695933368,0.5732551896965457
SPP,4.071184120465435,0.07394300162204835,0.5738624217252573
SPP,4.076659822039699,0.07394300162204835,0.575684117811392
SPP,4.084873374401095,0.07576469770818299,0.575684117811392
SPP,4.087611225188227,0.07697916176560608,0.575684117811392
SPP,4.090349075975359,0.07758639379431763,0.575684117811392
SPP,4.114989733059549,0.07758639379431763,0.5762913498401036
SPP,4.120465434633813,0.07758639379431763,0.5768985818688152
SPP,4.131416837782341,0.07758639379431763,0.5775058138975268
SPP,4.147843942505133,0.07758639379431763,0.5787202779549498
SPP,4.15605749486653,0.07758639379431763,0.5793275099836614
SPP,4.164271047227926,0.07758639379431763,0.579934742012373
SPP,4.188911704312115,0.07758639379431763,0.5805419740410847
SPP,4.191649555099247,0.07758639379431763,0.5811492060697963
SPP,4.1971252566735116,0.07758639379431763,0.5817564380985079
SPP,4.199863107460644,0.07819362582302918,0.5853998302707771
SPP,4.210814510609172,0.07819362582302918,0.5872215263569118
SPP,4.219028062970568,0.07819362582302918,0.5878287583856234
SPP,4.2217659137577,0.07819362582302918,0.588435990414335
SPP,4.224503764544832,0.07940808988045227,0.588435990414335
SPP,4.229979466119096,0.08062255393787536,0.5890432224430466
SPP,4.2354551676933605,0.08062255393787536,0.5902576865004697
SPP,4.240930869267625,0.0812297859665869,0.5902576865004697
SPP,4.249144421629021,0.08183701799529845,0.5902576865004697
SPP,4.251882272416153,0.08244425002401,0.5902576865004697
SPP,4.257357973990418,0.08305148205272155,0.5902576865004697
SPP,4.262833675564682,0.08365871408143309,0.5908649185291813
SPP,4.27378507871321,0.08365871408143309,0.5914721505578929
SPP,4.284736481861739,0.08365871408143309,0.5932938466440276
SPP,4.287474332648871,0.08365871408143309,0.5945083107014507
SPP,4.290212183436003,0.08365871408143309,0.5957227747588738
SPP,4.295687885010267,0.08365871408143309,0.5969372388162969
SPP,4.32580424366872,0.08426594611014464,0.5969372388162969
SPP,4.328542094455853,0.08487317813885618,0.59815170287372
SPP,4.347707049965777,0.08487317813885618,0.5999733989598547
SPP,4.372347707049966,0.08487317813885618,0.6005806309885663
SPP,4.386036960985626,0.08487317813885618,0.6011878630172779
SPP,4.396988364134154,0.08548041016756773,0.6011878630172779
SPP,4.4106776180698155,0.08548041016756773,0.6017950950459895
SPP,4.427104722792608,0.08548041016756773,0.6024023270747011
SPP,4.432580424366872,0.08548041016756773,0.6030095591034127
SPP,4.440793976728268,0.08548041016756773,0.6048312551895474
SPP,4.454483230663929,0.08548041016756773,0.605438487218259
SPP,4.465434633812457,0.08548041016756773,0.6060457192469706
SPP,4.468172484599589,0.08608764219627928,0.6060457192469706
SPP,4.470910335386721,0.08608764219627928,0.6066529512756822
SPP,4.476386036960986,0.08608764219627928,0.6072601833043938
SPP,4.479123887748118,0.08669487422499082,0.6072601833043938
SPP,4.484599589322382,0.08669487422499082,0.6078674153331054
SPP,4.4955509924709105,0.08669487422499082,0.608474647361817
SPP,4.501026694045175,0.08730210625370237,0.608474647361817
SPP,4.509240246406571,0.08790933828241392,0.608474647361817
SPP,4.525667351129363,0.08851657031112546,0.608474647361817
SPP,4.5366187542778915,0.08912380233983701,0.6096891114192401
SPP,4.539356605065024,0.08912380233983701,0.6102963434479517
SPP,4.558521560574949,0.08973103436854855,0.6102963434479517
SPP,4.561259411362081,0.08973103436854855,0.6109035754766633
SPP,4.583162217659138,0.08973103436854855,0.6115108075053749
SPP,4.594113620807666,0.08973103436854855,0.6121180395340865
SPP,4.59958932238193,0.08973103436854855,0.6133325035915096
SPP,4.602327173169062,0.08973103436854855,0.6133325035915096
SPP,4.616016427104722,0.08973103436854855,0.6133325035915096
SPP,4.6242299794661195,0.08973103436854855,0.613944743719427
SPP,4.632443531827516,0.08973103436854855,0.613944743719427
SPP,4.635181382614648,0.08973103436854855,0.613944743719427
SPP,4.648870636550308,0.09035619095486085,0.613944743719427
SPP,4.65160848733744,0.09035619095486085,0.613944743719427
SPP,4.654346338124572,0.09161181331293183,0.613944743719427
SPP,4.662559890485968,0.09161181331293183,0.6145725548984625
SPP,4.6652977412731005,0.09223962449196732,0.6145725548984625
SPP,4.670773442847365,0.09223962449196732,0.6152003660774981
SPP,4.673511293634497,0.09288688114999949,0.6152003660774981
SPP,4.676249144421629,0.09354434230489253,0.6158578272323911
SPP,4.678986995208761,0.09354434230489253,0.6165182768470792
SPP,4.681724845995893,0.09354434230489253,0.6165182768470792
SPP,4.687200547570157,0.09354434230489253,0.6171832708398499
SPP,4.695414099931554,0.09420933629766325,0.6171832708398499
SPP,4.698151950718686,0.09420933629766325,0.6171832708398499
SPP,4.700889801505818,0.0948758660733272,0.6171832708398499
SPP,4.706365503080082,0.09554239584899114,0.6171832708398499
SPP,4.7118412046543465,0.09620892562465509,0.6171832708398499
SPP,4.714579055441479,0.09687545540031904,0.6185163303911778
SPP,4.720054757015743,0.09754198517598299,0.6185163303911778
SPP,4.769336071184121,0.09820851495164694,0.6185163303911778
SPP,4.777549623545517,0.09887504472731089,0.6185163303911778
SPP,4.791238877481177,0.09887504472731089,0.6191828601668418
SPP,4.799452429842574,0.09954157450297484,0.6191828601668418
SPP,4.80766598220397,0.09954157450297484,0.6225155090451615
SPP,4.813141683778234,0.09954157450297484,0.6245150983721534
SPP,4.815879534565366,0.09954157450297484,0.6251816281478173
SPP,4.829568788501026,0.09954157450297484,0.6258481579234813
SPP,4.8350444900752905,0.10020810427863878,0.6265146876991452
SPP,4.851471594798084,0.10020810427863878,0.6325134556801207
SPP,4.85968514715948,0.10020810427863878,0.6331799854557847
SPP,4.862422997946612,0.10020810427863878,0.6338465152314486
SPP,4.867898699520876,0.10020810427863878,0.6351795747827765
SPP,4.870636550308008,0.10020810427863878,0.6358461045584405
SPP,4.87337440109514,0.10020810427863878,0.6365126343341044
SPP,4.892539356605065,0.10020810427863878,0.6391787534367602
SPP,4.900752908966461,0.10087463405430273,0.6391787534367602
SPP,4.903490759753593,0.10087463405430273,0.6398452832124242
SPP,4.908966461327857,0.10087463405430273,0.6405118129880881
SPP,4.91170431211499,0.10087463405430273,0.6438444618664079
SPP,4.9253935660506505,0.10087463405430273,0.6445109916420718
SPP,4.9281314168377826,0.10087463405430273,0.6451775214177358
SPP,4.930869267624915,0.10087463405430273,0.6458440511933997
SPP,4.933607118412047,0.10087463405430273,0.6465105809690637
SPP,4.941820670773443,0.10087463405430273,0.6471771107447276
SPP,4.944558521560575,0.10087463405430273,0.6478436405203916
SPP,4.947296372347707,0.10087463405430273,0.6485101702960555
SPP,4.9664613278576315,0.10154116382996668,0.6485101702960555
SPP,4.974674880219028,0.10220769360563063,0.6485101702960555
SPP,4.982888432580425,0.10287422338129458,0.6485101702960555
SPP,4.988364134154689,0.10287422338129458,0.6491767000717195
SPP,4.993839835728953,0.10287422338129458,0.6498432298473834
SPP,4.999315537303217,0.10287422338129458,0.6505097596230474
SPP,5.004791238877481,0.10287422338129458,0.6505097596230474
SPP,5.0130047912388775,0.10354255947071372,0.6505097596230474
SPP,5.018480492813142,0.10421089556013287,0.6505097596230474
SPP,5.037645448323066,0.10421089556013287,0.6525147678913048
SPP,5.040383299110198,0.10421089556013287,0.653183103980724
SPP,5.073237508555784,0.10487923164955201,0.653183103980724
SPP,5.114305270362765,0.10487923164955201,0.6538514400701432
SPP,5.13347022587269,0.1062159038283903,0.6538514400701432
SPP,5.160848733744011,0.10688423991780945,0.6538514400701432
SPP,5.1854893908282,0.10688423991780945,0.6545197761595624
SPP,5.188227241615332,0.10688423991780945,0.6551881122489815
SPP,5.193702943189596,0.10755257600722859,0.6551881122489815
SPP,5.19917864476386,0.10822091209664773,0.6551881122489815
SPP,5.204654346338125,0.10888924818606688,0.6551881122489815
SPP,5.221081451060917,0.10955758427548602,0.6551881122489815
SPP,5.248459958932238,0.11022592036490517,0.6551881122489815
SPP,5.259411362080766,0.11089425645432431,0.6551881122489815
SPP,5.2648870636550305,0.11156259254374346,0.6551881122489815
SPP,5.286789869952088,0.1122309286331626,0.6551881122489815
SPP,5.319644079397673,0.1122309286331626,0.6558564483384007
SPP,5.344284736481861,0.1122309286331626,0.6565247844278199
SPP,5.3579739904175225,0.11289926472258174,0.6565247844278199
SPP,5.366187542778919,0.11289926472258174,0.6571931205172391
SPP,5.371663244353183,0.11289926472258174,0.6578614566066583
SPP,5.420944558521561,0.11289926472258174,0.6585297926960775
SPP,5.423682409308693,0.11289926472258174,0.6591981287854967
SPP,5.429158110882957,0.11289926472258174,0.6612031370537541
SPP,5.437371663244353,0.11289926472258174,0.665213153590269
SPP,5.4428473648186175,0.11289926472258174,0.6658814896796882
SPP,5.486652977412731,0.11289926472258174,0.6665498257691074
SPP,5.5249828884325805,0.11356760081200089,0.6665498257691074
SPP,5.535934291581109,0.1155726090802583,0.6665498257691074
SPP,5.557837097878165,0.1155726090802583,0.6672181618585266
SPP,5.590691307323751,0.1155726090802583,0.6678864979479457
SPP,5.6125941136208075,0.1155726090802583,0.6685548340373649
SPP,5.642710472279261,0.11624094516967745,0.6685548340373649
SPP,5.650924024640657,0.11624094516967745,0.6692231701267841
SPP,5.661875427789186,0.1169092812590966,0.6692231701267841
SPP,5.670088980150582,0.1169092812590966,0.6692231701267841
SPP,5.672826830937714,0.1169092812590966,0.6706301934729296
SPP,5.675564681724846,0.1169092812590966,0.6706301934729296
SPP,5.678302532511978,0.1169092812590966,0.6706301934729296
SPP,5.683778234086242,0.1169092812590966,0.6735012816522267
SPP,5.686516084873374,0.1169092812590966,0.6742190536970509
SPP,5.689253935660506,0.1169092812590966,0.6749417930224622
SPP,5.691991786447638,0.1169092812590966,0.6749417930224622
SPP,5.69472963723477,0.11764220001162634,0.6749417930224622
SPP,5.708418891170431,0.11764220001162634,0.6756747117749919
SPP,5.711156741957564,0.11764220001162634,0.6764076305275217
SPP,5.713894592744696,0.11764220001162634,0.6771405492800515
SPP,5.724845995893224,0.11837511876415609,0.6771405492800515
SPP,5.730321697467488,0.11911332934883406,0.6771405492800515
SPP,5.73305954825462,0.11985692833194034,0.6771405492800515
SPP,5.738535249828884,0.11985692833194034,0.6778841482631578
SPP,5.7412731006160165,0.12060052731504661,0.6778841482631578
SPP,5.749486652977413,0.12060052731504661,0.6778841482631578
SPP,5.768651608487337,0.12060052731504661,0.6786305013165719
SPP,5.776865160848733,0.12060052731504661,0.679376854369986
SPP,5.796030116358659,0.1213468803684607,0.679376854369986
SPP,5.798767967145791,0.1213468803684607,0.6801232074234
SPP,5.812457221081451,0.1213468803684607,0.6808695604768141
SPP,5.815195071868583,0.1213468803684607,0.6823622665836423
SPP,5.8261464750171115,0.1213468803684607,0.6831086196370564
SPP,5.864476386036961,0.1213468803684607,0.6838549726904705
SPP,5.867214236824093,0.12209323342187478,0.6838549726904705
SPP,5.87542778918549,0.12209323342187478,0.6846013257438845
SPP,5.935660506502396,0.12209323342187478,0.6853476787972986
SPP,5.938398357289528,0.12283958647528886,0.6853476787972986
SPP,5.963039014373717,0.12433229258211702,0.6853476787972986
SPP,5.973990417522245,0.1250786456355311,0.6853476787972986
SPP,5.976728268309377,0.12582499868894517,0.6853476787972986
SPP,6.0041067761806985,0.12582499868894517,0.6860940318507127
SPP,6.116358658453114,0.12582499868894517,0.6868403849041268
SPP,6.165639972621492,0.12582499868894517,0.688333091010955
SPP,6.168377823408624,0.12582499868894517,0.689079444064369
SPP,6.206707734428473,0.12657135174235926,0.689079444064369
SPP,6.2149212867898695,0.12657135174235926,0.6898257971177831
SPP,6.247775496235455,0.12657135174235926,0.6905721501711972
SPP,6.261464750171116,0.12657135174235926,0.6913185032246113
SPP,6.28062970568104,0.12657135174235926,0.6928112093314395
SPP,6.286105407255304,0.12657135174235926,0.6950502684916817
SPP,6.30527036276523,0.12657135174235926,0.6957966215450958
SPP,6.316221765913758,0.12657135174235926,0.6965429745985099
SPP,6.395619438740589,0.12731770479577334,0.6965429745985099
SPP,6.439425051334703,0.12806405784918742,0.6965429745985099
SPP,6.450376454483231,0.1288104109026015,0.6965429745985099
SPP,6.499657768651608,0.1295567639560156,0.6965429745985099
SPP,6.513347022587269,0.1295567639560156,0.697289327651924
SPP,6.5188227241615335,0.1295567639560156,0.6980356807053381
SPP,6.5571526351813825,0.13030311700942968,0.6980356807053381
SPP,6.562628336755647,0.13030311700942968,0.6987820337587521
SPP,6.587268993839836,0.13104947006284376,0.6987820337587521
SPP,6.606433949349761,0.13104947006284376,0.6987820337587521
SPP,6.609171800136893,0.13104947006284376,0.6987820337587521
SPP,6.611909650924025,0.13104947006284376,0.6987820337587521
SPP,6.614647501711157,0.13104947006284376,0.6987820337587521
SPP,6.625598904859685,0.13183728717478085,0.6987820337587521
SPP,6.650239561943874,0.13183728717478085,0.6987820337587521
SPP,6.672142368240931,0.13183728717478085,0.6987820337587521
SPP,6.674880219028063,0.13183728717478085,0.6987820337587521
SPP,6.677618069815195,0.13264003920827125,0.6987820337587521
SPP,6.685831622176591,0.13264003920827125,0.6987820337587521
SPP,6.6885694729637235,0.13264003920827125,0.6987820337587521
SPP,6.694045174537988,0.13264003920827125,0.6987820337587521
SPP,6.702258726899384,0.13264003920827125,0.6987820337587521
SPP,6.7268993839835725,0.13346237055965166,0.6987820337587521
SPP,6.729637234770705,0.13346237055965166,0.6996043651101326
SPP,6.751540041067762,0.13428470191103206,0.6996043651101326
SPP,6.767967145790554,0.13510703326241247,0.6996043651101326
SPP,6.770704996577686,0.13510703326241247,0.700426696461513
SPP,6.7734428473648185,0.13510703326241247,0.7012490278128934
SPP,6.811772758384668,0.13592936461379287,0.7012490278128934
SPP,6.822724161533197,0.13592936461379287,0.7028936905156542
SPP,6.954140999315538,0.13592936461379287,0.7037160218670346
SPP,6.97056810403833,0.13675169596517328,0.7037160218670346
SPP,7.008898015058179,0.1375740273165537,0.7037160218670346
SPP,7.017111567419575,0.1392186900193145,0.7037160218670346
SPP,7.066392881587953,0.1400410213706949,0.7037160218670346
SPP,7.080082135523614,0.1408633527220753,0.7037160218670346
SPP,7.082819986310746,0.14168568407345572,0.7037160218670346
SPP,7.093771389459275,0.14168568407345572,0.7037160218670346
SPP,7.096509240246407,0.14168568407345572,0.7037160218670346
SPP,7.110198494182067,0.14168568407345572,0.7037160218670346
SPP,7.115674195756331,0.14168568407345572,0.7037160218670346
SPP,7.1184120465434635,0.14168568407345572,0.7037160218670346
SPP,7.162217659137577,0.14168568407345572,0.7037160218670346
SPP,7.167693360711842,0.14168568407345572,0.7037160218670346
SPP,7.181382614647502,0.14168568407345572,0.7037160218670346
SPP,7.184120465434634,0.14168568407345572,0.7037160218670346
SPP,7.186858316221766,0.14168568407345572,0.7037160218670346
SPP,7.200547570157426,0.1426004668785416,0.7037160218670346
SPP,7.230663928815879,0.1435152496836275,0.7037160218670346
SPP,7.2470910335386725,0.1444300324887134,0.7037160218670346
SPP,7.271731690622861,0.14534481529379928,0.7037160218670346
SPP,7.279945242984257,0.14534481529379928,0.7046308046721206
SPP,7.282683093771389,0.14625959809888517,0.7046308046721206
SPP,7.468856947296373,0.14625959809888517,0.7055455874772065
SPP,7.474332648870637,0.14625959809888517,0.7064603702822925
SPP,7.542778918548939,0.14625959809888517,0.7073751530873784
SPP,7.545516769336071,0.14625959809888517,0.7082899358924644
SPP,7.559206023271732,0.14625959809888517,0.7092047186975503
SPP,7.564681724845996,0.14717438090397106,0.7092047186975503
SPP,7.592060232717317,0.14717438090397106,0.7092047186975503
SPP,7.594798083504449,0.14717438090397106,0.7092047186975503
SPP,7.611225188227242,0.14820024447824595,0.7092047186975503
SPP,7.630390143737166,0.14922610805252084,0.7092047186975503
SPP,7.6331279945242985,0.15025197162679574,0.7092047186975503
SPP,7.646817248459959,0.15127783520107063,0.7092047186975503
SPP,7.6796714579055445,0.15127783520107063,0.7092047186975503
SPP,7.682409308692677,0.15127783520107063,0.7092047186975503
SPP,7.685147159479809,0.15127783520107063,0.7092047186975503
SPP,7.709787816563997,0.15235104632492744,0.7092047186975503
SPP,7.715263518138261,0.15342425744878424,0.7092047186975503
SPP,7.731690622861054,0.15449746857264104,0.7092047186975503
SPP,8.008213552361397,0.15449746857264104,0.7102779298214071
SPP,8.032854209445585,0.15557067969649785,0.7102779298214071
SPP,8.046543463381246,0.15557067969649785,0.711351140945264
SPP,8.073921971252567,0.15664389082035465,0.711351140945264
SPP,8.084873374401095,0.15664389082035465,0.711351140945264
SPP,8.087611225188228,0.15664389082035465,0.711351140945264
SPP,8.09034907597536,0.15664389082035465,0.711351140945264
SPP,8.093086926762492,0.15664389082035465,0.711351140945264
SPP,8.106776180698152,0.15664389082035465,0.711351140945264
SPP,8.120465434633813,0.15664389082035465,0.711351140945264
SPP,8.125941136208077,0.15664389082035465,0.7130220899102562
SPP,8.150581793292266,0.15664389082035465,0.7130220899102562
SPP,8.167008898015059,0.1583365404212559,0.7130220899102562
SPP,8.19438740588638,0.16002919002215713,0.7130220899102562
SPP,8.213552361396303,0.16172183962305836,0.7130220899102562
SPP,8.243668720054757,0.1634144892239596,0.7130220899102562
SPP,8.284736481861739,0.1634144892239596,0.7147147395111574
SPP,8.290212183436003,0.16510713882486083,0.7147147395111574
SPP,8.347707049965777,0.16510713882486083,0.7147147395111574
SPP,8.372347707049967,0.16510713882486083,0.7164315698206429
SPP,8.4435318275154,0.16510713882486083,0.7181484001301285
SPP,8.465434633812457,0.16510713882486083,0.719865230439614
SPP,8.470910335386721,0.16510713882486083,0.719865230439614
SPP,8.511978097193703,0.16684998171479312,0.719865230439614
SPP,8.566735112936344,0.1685928246047254,0.719865230439614
SPP,8.58590006844627,0.1685928246047254,0.719865230439614
SPP,8.588637919233403,0.1685928246047254,0.719865230439614
SPP,8.591375770020534,0.17058464505036233,0.719865230439614
SPP,8.594113620807667,0.17058464505036233,0.719865230439614
SPP,8.602327173169062,0.17058464505036233,0.719865230439614
SPP,8.61054072553046,0.17058464505036233,0.719865230439614
SPP,8.624229979466119,0.17058464505036233,0.719865230439614
SPP,8.629705681040383,0.17058464505036233,0.722299677650948
SPP,8.678986995208762,0.17301909226169634,0.722299677650948
SPP,8.692676249144421,0.17545353947303036,0.722299677650948
SPP,8.714579055441478,0.17545353947303036,0.722299677650948
SPP,8.739219712525667,0.17545353947303036,0.7247935016235341
SPP,8.8870636550308,0.17545353947303036,0.7272873255961201
SPP,8.892539356605065,0.1779473634456164,0.7272873255961201
SPP,8.93908281998631,0.1779473634456164,0.7297811495687061
SPP,8.985626283367557,0.18044118741820245,0.7297811495687061
SPP,9.010266940451745,0.1829350113907885,0.7297811495687061
SPP,9.084188911704311,0.1829350113907885,0.7297811495687061
SPP,9.086926762491444,0.1829350113907885,0.7297811495687061
SPP,9.10609171800137,0.1829350113907885,0.7297811495687061
SPP,9.1088295687885,0.1829350113907885,0.7297811495687061
SPP,9.14715947980835,0.18752889765607858,0.7297811495687061
SPP,9.344284736481862,0.19239301252520927,0.7297811495687061
SPP,9.434633812457221,0.19239301252520927,0.7297811495687061
SPP,9.568788501026694,0.19758140171894867,0.7297811495687061
SPP,9.713894592744696,0.19758140171894867,0.7297811495687061
SPP,9.752224503764545,0.19758140171894867,0.7297811495687061
SPP,9.754962354551678,0.19758140171894867,0.7297811495687061
SPP,9.809719370294319,0.19758140171894867,0.7297811495687061
SPP,10.234086242299794,0.19758140171894867,0.7297811495687061
SPP,11.441478439425051,0.2066610828079926,0.7297811495687061
SPP,11.797399041752225,0.21574076389703656,0.7297811495687061
SPP,12.706365503080082,0.21574076389703656,0.7297811495687061
SPP,12.752908966461328,0.2266363812038893,0.7297811495687061
SPP,12.83504449007529,0.2266363812038893,0.7297811495687061
SPP,14.754277891854894,0.2266363812038893,0.7297811495687061
SPP,16.073921971252567,0.2702188504313003,0.7297811495687061
